slug,occ_id,note
c-1001,o-0377,畜産・酪農の繁殖
c-1002,o-0575,
c-1002,o-0576,
c-1002,o-0757,
c-1003,o-0287,ふ化場・養鶏
c-1004,o-0483,
c-1004,o-0492,
c-1005,o-0448,農業部門
c-1005,o-0755,
c-1005,o-0758,
c-1006,o-0448,森林部門
c-1006,o-0483,
c-1006,o-0491,
c-1007,o-0448,水産部門
c-1007,o-0514,
c-1007,o-0515,
c-1101,o-0864,
c-1101,o-0866,
c-1102,o-0865,
c-1103,o-0409,
c-1103,o-0870,
c-1201,o-0585,
c-1201,o-0835,
c-1202,o-0673,
c-1202,o-0675,
c-1202,o-0704,
c-1203,o-0367,
c-1203,o-0584,
c-1203,o-0842,
c-1204,o-0583,
c-1204,o-0721,
c-1204,o-0842,
c-1205,o-0141,
c-1205,o-0143,
c-1205,o-0721,
c-1205,o-0842,
c-1206,o-0845,
c-1206,o-0847,
c-1206,o-0851,
c-1207,o-0001,
c-1207,o-0844,
c-1208,o-0125,
c-1208,o-0763,
c-1208,o-0853,
c-1210,o-0764,
c-1210,o-0852,
c-1211,o-0714,プラント・工場
c-1212,o-0713,
c-1214,o-0304,
c-1214,o-0321,
c-1214,o-0706,
c-1215,o-0304,
c-1215,o-0321,
c-1215,o-0706,
c-1216,o-0313,原子力発電所・研究炉の運転保安監督
c-1217,o-0489,核燃料施設の保安監督
c-1218,o-0457,医療機関・研究機関・原子力・非破壊検査
c-1219,o-0455,医療・研究・産業の放射線施設の管理
c-1222,o-0546,火薬・爆薬製造工場の保安監督
c-1223,o-0546,火薬類製造所の保安監督
c-1224,o-0546,小規模火薬類製造の保安
c-1225,o-0292,
c-1226,o-0500,
c-1227,o-0145,
c-1227,o-0279,
c-1227,o-0281,
c-1231,o-0447,
c-1231,o-0448,機械部門
c-1231,o-0507,
c-1232,o-0447,
c-1232,o-0448,電気電子部門
c-1232,o-0840,
c-1233,o-0447,
c-1233,o-0448,金属部門
c-1233,o-0801,
c-1234,o-0297,
c-1234,o-0447,
c-1234,o-0448,化学部門
c-1235,o-0129,
c-1235,o-0447,
c-1235,o-0448,生物工学部門
c-1236,o-0447,
c-1236,o-0448,資源工学部門
c-1236,o-0748,
c-1237,o-0582,建設・採石・トンネル工事等の発破作業
c-1238,o-0765,
c-1238,o-0856,
c-1239,o-0766,
c-1239,o-0855,中小規模
c-1301,o-0192,
c-1301,o-0396,
c-1301,o-0422,
c-1301,o-0431,
c-1301,o-0497,
c-1301,o-0722,
c-1302,o-0217,
c-1302,o-0253,
c-1302,o-0725,
c-1303,o-0481,木造建築物の設計・工事監理
c-1303,o-0723,
c-1304,o-0420,
c-1304,o-0617,
c-1304,o-0723,
c-1305,o-0438,
c-1305,o-0440,
c-1306,o-0438,
c-1306,o-0439,
c-1307,o-0054,
c-1307,o-0275,
c-1307,o-0723,
c-1308,o-0053,
c-1308,o-0251,
c-1309,o-0324,
c-1310,o-0421,特定建築物の建築設備の定期検査
c-1311,o-0476,エレベーター・エスカレーター等の定期検査
c-1312,o-0551,特定建築物の定期調査
c-1313,o-0141,
c-1313,o-0144,
c-1313,o-0417,
c-1313,o-0721,
c-1315,o-0415,
c-1315,o-0429,
c-1315,o-0464,
c-1315,o-0561,
c-1316,o-0397,
c-1316,o-0414,中小規模
c-1316,o-0561,
c-1317,o-0344,
c-1317,o-0424,
c-1317,o-0448,建設部門
c-1318,o-0419,建築コスト管理・積算
c-1319,o-0821,
c-1320,o-0004,
c-1320,o-0423,
c-1320,o-0697,
c-1320,o-0724,
c-1321,o-0004,
c-1321,o-0423,
c-1321,o-0697,
c-1321,o-0724,
c-1322,o-0004,
c-1322,o-0423,
c-1322,o-0697,
c-1322,o-0724,
c-1323,o-0433,
c-1323,o-0517,
c-1324,o-0434,
c-1325,o-0434,基礎
c-1326,o-0435,
c-1401,o-0101,水力発電所の工事・維持・運用の保安監督
c-1402,o-0101,水力発電設備の保安監督
c-1403,o-0102,ダムの管理・操作
c-1404,o-0341,
c-1404,o-0343,
c-1404,o-0430,
c-1404,o-0561,
c-1405,o-0342,中小規模
c-1405,o-0428,
c-1405,o-0561,
c-1406,o-0270,
c-1406,o-0775,
c-1406,o-0778,
c-1406,o-0779,
c-1407,o-0269,
c-1407,o-0776,
c-1407,o-0779,中小規模
c-1408,o-0338,
c-1408,o-0345,
c-1408,o-0424,
c-1408,o-0537,
c-1408,o-0538,
c-1409,o-0337,
c-1409,o-0424,
c-1409,o-0537,
c-1409,o-0539,
c-1410,o-0196,
c-1410,o-0424,
c-1410,o-0448,上下水道部門
c-1501,o-0016,
c-1501,o-0080,
c-1501,o-0090,
c-1501,o-0277,
c-1502,o-0058,
c-1502,o-0124,
c-1502,o-0599,
c-1502,o-0767,
c-1503,o-0017,
c-1503,o-0088,
c-1503,o-0091,
c-1503,o-0197,
c-1504,o-0015,
c-1504,o-0018,
c-1504,o-0089,
c-1504,o-0163,
c-1504,o-0599,
c-1505,o-0020,
c-1505,o-0089,
c-1505,o-0162,
c-1505,o-0599,
c-1505,o-0782,
c-1506,o-0015,
c-1506,o-0447,
c-1506,o-0448,情報工学部門
c-1508,o-0024,
c-1508,o-0031,
c-1508,o-0033,
c-1508,o-0826,
c-1510,o-0057,
c-1510,o-0110,
c-1510,o-0115,
c-1510,o-0116,
c-1511,o-0021,
c-1511,o-0086,
c-1511,o-0092,
c-1511,o-0784,
c-1512,o-0026,
c-1512,o-0499,
c-1512,o-0631,
c-1516,o-0015,
c-1516,o-0093,
c-1517,o-0023,
c-1517,o-0058,
c-1517,o-0085,
c-1517,o-0089,
c-1518,o-0058,
c-1518,o-0124,
c-1519,o-0009,
c-1519,o-0110,
c-1520,o-0027,
c-1520,o-0094,
c-1527,o-0019,IT経営支援・コンサルティング
c-1538,o-0012,入門レベル
c-1538,o-0020,
c-1538,o-0215,
c-1538,o-0326,
c-1539,o-0007,
c-1539,o-0011,
c-1539,o-0017,
c-1539,o-0022,
c-1539,o-0025,
c-1541,o-0030,
c-1541,o-0058,
c-1544,o-0213,Excel/Accessマクロ・業務自動化
c-1545,o-0028,
c-1545,o-0049,
c-1545,o-0089,
c-1545,o-0162,
c-1546,o-0028,
c-1546,o-0049,
c-1546,o-0089,
c-1546,o-0162,
c-1547,o-0028,
c-1547,o-0049,
c-1547,o-0089,
c-1547,o-0162,
c-1548,o-0008,
c-1548,o-0089,
c-1548,o-0162,
c-1548,o-0632,
c-1549,o-0008,
c-1549,o-0089,
c-1549,o-0162,
c-1549,o-0632,
c-1550,o-0008,
c-1550,o-0089,
c-1550,o-0162,
c-1550,o-0632,
c-1551,o-0036,
c-1551,o-0037,
c-1551,o-0039,
c-1551,o-0154,
c-1552,o-0036,
c-1552,o-0037,
c-1552,o-0039,
c-1552,o-0154,
c-1553,o-0036,
c-1553,o-0037,
c-1553,o-0039,
c-1553,o-0154,
c-1554,o-0036,
c-1554,o-0037,
c-1554,o-0039,
c-1554,o-0154,
c-1555,o-0035,
c-1555,o-0037,
c-1555,o-0038,
c-1555,o-0082,
c-1555,o-0153,
c-1556,o-0036,
c-1556,o-0037,
c-1556,o-0039,
c-1556,o-0154,
c-1557,o-0002,
c-1557,o-0006,
c-1557,o-0077,
c-1557,o-0477,
c-1558,o-0010,
c-1558,o-0075,
c-1558,o-0307,
c-1558,o-0649,
c-1563,o-0036,
c-1563,o-0037,
c-1563,o-0039,
c-1563,o-0154,
c-1564,o-0036,
c-1564,o-0037,
c-1564,o-0039,
c-1564,o-0154,
c-1565,o-0034,
c-1565,o-0095,
c-1565,o-0444,
c-1565,o-0600,
c-1601,o-0290,事業場の安全診断・指導
c-1602,o-0271,工場の大気・水質等の公害防止管理
c-1603,o-0061,
c-1603,o-0399,
c-1603,o-0721,
c-1605,o-0255,事業場の作業環境測定
c-1606,o-0255,作業環境の測定
c-1607,o-0456,
c-1607,o-0494,
c-1607,o-0859,
c-1608,o-0456,
c-1608,o-0494,
c-1608,o-0859,
c-1609,o-0293,
c-1609,o-0511,
c-1610,o-0545,建設発破・採石・火薬庫の保安監督
c-1611,o-0545,火薬類の貯蔵・消費の保安
c-1613,o-0199,
c-1614,o-0194,
c-1615,o-0572,
c-1616,o-0171,
c-1616,o-0348,
c-1616,o-0350,
c-1616,o-0424,
c-1617,o-0171,
c-1617,o-0348,
c-1617,o-0350,
c-1617,o-0424,
c-1618,o-0079,
c-1618,o-0448,経営工学部門
c-1618,o-0570,
c-1619,o-0424,
c-1619,o-0448,衛生工学部門
c-1619,o-0690,
c-1620,o-0448,環境部門
c-1620,o-0565,
c-1620,o-0566,
c-1621,o-0079,
c-1621,o-0349,
c-1621,o-0448,応用理学部門
c-1622,o-0512,気象情報会社・放送・防災・気象コンサルティング
c-1623,o-0668,におい・悪臭の測定・嗅覚測定
c-1624,o-0201,自治体・建設コンサルタント
c-1625,o-0198,
c-1626,o-0200,
c-1701,o-0299,
c-1701,o-0664,
c-1701,o-0688,
c-1702,o-0508,歯科医院・病院・口腔外科
c-1703,o-0557,動物病院・畜産・公務員(家畜防疫・公衆衛生)・製薬
c-1704,o-0686,調剤薬局・病院・ドラッグストア・製薬企業・行政
c-1801,o-0258,行政・企業の産業保健・学校・地域包括支援センター
c-1802,o-0289,産科医療機関・助産院・母子保健
c-1803,o-0259,
c-1803,o-0590,病院・診療所・訪問看護・介護施設・企業
c-1804,o-0284,病院・診療所・介護施設
c-1901,o-0663,病院・検査センター・健診機関
c-1902,o-0495,
c-1902,o-0581,
c-1902,o-0692,
c-1903,o-0661,病院・透析クリニック・医療機器メーカー・手術室や集中治療室の医療機器管理
c-1904,o-0562,病院・リハビリ施設・介護施設・訪問リハビリ
c-1905,o-0256,病院・リハビリ施設・精神科・介護施設
c-1906,o-0509,歯科技工所・歯科医院
c-1907,o-0510,歯科医院・病院・行政の歯科保健
c-1908,o-0729,病院・健診機関・画像診断センター
c-1909,o-0709,眼科医療機関・検査・視機能リハビリ
c-1910,o-0712,病院・リハビリ施設・小児療育・介護施設
c-2001,o-0621,病院・福祉施設・学校・行政・企業・特定保健指導
c-2002,o-0487,給食施設・福祉施設・保育所・社員食堂
c-2101,o-0040,治療院・施術所・病院・介護施設
c-2102,o-0044,鍼灸院・治療院・スポーツ分野
c-2103,o-0041,鍼灸院・治療院・美容・介護分野
c-2104,o-0486,整骨院・接骨院・スポーツトレーナー・介護機能訓練
c-2201,o-0291,事業場の労働衛生診断・指導
c-2202,o-0225,
c-2202,o-0234,
c-2202,o-0693,
c-2203,o-0064,
c-2203,o-0224,
c-2203,o-0693,第二種
c-2204,o-0691,有害業務のある事業場の衛生管理
c-2205,o-0658,義肢装具製作所・リハビリ・医療機関
c-2206,o-0460,消防機関・病院・民間救急
c-2207,o-0662,スクールカウンセラー・医療・福祉の心理職
c-2209,o-0230,認知症ケア
c-2209,o-0732,
c-2210,o-0274,医療・教育・福祉・司法・産業分野の心理職
c-2301,o-0300,
c-2301,o-0347,
c-2301,o-0568,
c-2301,o-0598,
c-2301,o-0687,
c-2302,o-0087,
c-2302,o-0229,介護施設・訪問介護
c-2302,o-0568,
c-2303,o-0165,
c-2303,o-0261,保育所・認定こども園・児童福祉施設
c-2307,o-0628,精神科医療機関・障害福祉サービス・行政
c-2308,o-0076,
c-2308,o-0346,
c-2308,o-0392,
c-2308,o-0466,
c-2309,o-0446,行政・福祉・医療・イベントの手話通訳
c-2310,o-0254,
c-2310,o-0413,
c-2310,o-0601,
c-2310,o-0604,
c-2312,o-0603,福祉用具販売・貸与事業所
c-2313,o-0231,
c-2313,o-0715,ホームヘルパー
c-2314,o-0087,
c-2314,o-0231,
c-2401,o-0442,
c-2401,o-0493,法曹
c-2401,o-0696,
c-2402,o-0317,開業・補助者
c-2402,o-0586,
c-2402,o-0589,
c-2402,o-0626,
c-2403,o-0237,
c-2403,o-0441,
c-2403,o-0553,
c-2403,o-0556,
c-2404,o-0525,船舶登記・海事手続の代理
c-2405,o-0772,通関業者・物流企業・商社の輸出入業務
c-2406,o-0081,
c-2406,o-0244,
c-2406,o-0368,
c-2406,o-0519,
c-2406,o-0645,
c-2407,o-0179,
c-2407,o-0239,
c-2407,o-0555,
c-2407,o-0592,
c-2408,o-0238,
c-2408,o-0368,
c-2408,o-0554,
c-2408,o-0593,
c-2409,o-0236,
c-2409,o-0595,
c-2501,o-0005,
c-2501,o-0242,
c-2501,o-0246,
c-2501,o-0273,
c-2501,o-0588,
c-2503,o-0240,
c-2503,o-0607,開業・勤務
c-2503,o-0609,
c-2503,o-0750,
c-2504,o-0150,
c-2504,o-0730,
c-2504,o-0783,
c-2504,o-0810,
c-2510,o-0223,
c-2510,o-0406,
c-2510,o-0596,開業・勤務
c-2510,o-0644,
c-2511,o-0212,
c-2511,o-0243,
c-2511,o-0634,
c-2511,o-0813,
c-2512,o-0048,生命保険・損害保険・年金の数理
c-2515,o-0147,
c-2515,o-0252,
c-2515,o-0751,
c-2515,o-0815,
c-2516,o-0148,
c-2516,o-0378,
c-2516,o-0814,
c-2517,o-0379,
c-2517,o-0749,
c-2517,o-0806,
c-2601,o-0407,幼稚園・認定こども園
c-2602,o-0390,
c-2603,o-0211,
c-2604,o-0876,
c-2608,o-0871,学校の保健室・健康管理
c-2609,o-0550,
c-2610,o-0597,教育委員会の社会教育の専門職
c-2701,o-0331,公共図書館・大学図書館・学校図書館・専門図書館
c-2702,o-0330,
c-2703,o-0371,博物館・美術館・資料館での資料収集・保存・展示・調査研究
c-2704,o-0372,博物館・美術館での学芸業務の補助
c-2802,o-0660,職業能力開発校・企業内訓練
c-2804,o-0383,
c-2804,o-0384,
c-2804,o-0659,
c-2805,o-0383,
c-2805,o-0384,
c-2805,o-0659,
c-2813,o-0475,国内外の日本語学校・大学・地域の日本語教室
c-2912,o-0266,運動指導・健康づくり
c-2913,o-0265,フィットネス・運動指導
c-2914,o-0183,
c-2914,o-0268,
c-2914,o-0602,
c-2916,o-0233,
c-2916,o-0260,
c-2916,o-0263,
c-2916,o-0264,
c-2917,o-0233,
c-2917,o-0260,
c-2917,o-0263,
c-2917,o-0264,
c-3001,o-0152,フラワーデザイナー・生花店
c-3002,o-0152,フラワーデザイナー・生花店
c-3003,o-0149,
c-3003,o-0677,
c-3004,o-0109,
c-3005,o-0032,
c-3005,o-0108,
c-3005,o-0389,
c-3005,o-0741,
c-3006,o-0032,
c-3006,o-0108,
c-3006,o-0389,
c-3006,o-0741,
c-3007,o-0032,
c-3007,o-0108,
c-3007,o-0389,
c-3007,o-0741,
c-3009,o-0002,
c-3009,o-0006,
c-3009,o-0077,
c-3009,o-0477,
c-3010,o-0002,
c-3010,o-0006,
c-3010,o-0077,
c-3010,o-0477,
c-3012,o-0334,観葉植物のレンタル・装飾
c-3013,o-0334,観葉植物のレンタル・装飾
c-3014,o-0334,観葉植物のレンタル・装飾
c-3015,o-0083,
c-3015,o-0257,
c-3015,o-0860,
c-3015,o-0861,
c-3016,o-0083,
c-3016,o-0257,
c-3016,o-0860,
c-3016,o-0861,
c-3017,o-0083,
c-3017,o-0257,
c-3017,o-0860,
c-3017,o-0861,
c-3105,o-0069,
c-3106,o-0235,お客様相談
c-3106,o-0532,
c-3107,o-0070,職業相談・就職支援
c-3108,o-0070,職業相談・就職支援
c-3110,o-0571,企業の従業員支援・メンタルヘルス
c-3111,o-0571,メンタルヘルス・キャリア支援
c-3112,o-0070,
c-3112,o-0128,
c-3112,o-0226,
c-3112,o-0232,
c-3112,o-0391,
c-3201,o-0203,
c-3201,o-0206,
c-3201,o-0272,地価公示
c-3201,o-0811,
c-3201,o-0825,
c-3203,o-0205,
c-3203,o-0336,
c-3203,o-0356,
c-3203,o-0695,
c-3204,o-0339,土地改良事業の換地・換地計画
c-3205,o-0335,土地区画整理事業の換地・施工
c-3207,o-0202,
c-3207,o-0204,
c-3207,o-0285,
c-3207,o-0747,
c-3207,o-0809,
c-3208,o-0173,
c-3208,o-0181,
c-3209,o-0174,
c-3209,o-0176,
c-3209,o-0204,
c-3209,o-0623,
c-3210,o-0175,
c-3210,o-0204,
c-3210,o-0622,
c-3210,o-0624,
c-3301,o-0055,
c-3301,o-0471,
c-3301,o-0716,
c-3301,o-0771,
c-3307,o-0361,
c-3307,o-0682,
c-3307,o-0684,
c-3307,o-0746,
c-3308,o-0360,
c-3308,o-0680,
c-3308,o-0746,
c-3309,o-0530,
c-3309,o-0679,
c-3313,o-0449,
c-3313,o-0450,
c-3313,o-0528,
c-3313,o-0529,
c-3314,o-0449,
c-3314,o-0450,
c-3314,o-0528,
c-3314,o-0529,
c-3315,o-0449,
c-3315,o-0450,
c-3315,o-0528,
c-3315,o-0529,
c-3316,o-0449,
c-3316,o-0450,
c-3316,o-0528,
c-3316,o-0529,
c-3322,o-0362,
c-3323,o-0531,
c-3323,o-0681,
c-3324,o-0326,
c-3324,o-0452,
c-3324,o-0526,
c-3324,o-0683,
c-3325,o-0056,
c-3325,o-0527,
c-3325,o-0733,
c-3325,o-0746,
c-3325,o-0770,
c-3326,o-0056,
c-3326,o-0527,
c-3326,o-0733,
c-3326,o-0746,
c-3326,o-0770,
c-3327,o-0056,
c-3327,o-0527,
c-3327,o-0733,
c-3327,o-0746,
c-3327,o-0770,
c-3328,o-0056,
c-3328,o-0527,
c-3328,o-0733,
c-3328,o-0746,
c-3328,o-0770,
c-3329,o-0208,
c-3329,o-0209,
c-3329,o-0710,
c-3329,o-0746,
c-3330,o-0207,
c-3330,o-0209,
c-3331,o-0056,
c-3331,o-0527,
c-3331,o-0733,
c-3331,o-0746,
c-3331,o-0770,
c-3332,o-0056,
c-3332,o-0527,
c-3332,o-0733,
c-3332,o-0746,
c-3332,o-0770,
c-3333,o-0056,
c-3333,o-0527,
c-3333,o-0733,
c-3333,o-0746,
c-3333,o-0770,
c-3334,o-0056,
c-3334,o-0527,
c-3334,o-0733,
c-3334,o-0746,
c-3334,o-0770,
c-3335,o-0364,
c-3335,o-0527,
c-3335,o-0678,
c-3335,o-0746,
c-3336,o-0364,
c-3336,o-0527,
c-3336,o-0678,
c-3336,o-0746,
c-3337,o-0364,
c-3337,o-0527,
c-3337,o-0678,
c-3337,o-0746,
c-3338,o-0364,
c-3338,o-0527,
c-3338,o-0678,
c-3338,o-0746,
c-3339,o-0364,
c-3339,o-0527,
c-3339,o-0678,
c-3339,o-0746,
c-3401,o-0315,
c-3401,o-0443,
c-3401,o-0605,
c-3401,o-0646,
c-3402,o-0193,
c-3402,o-0315,
c-3402,o-0605,
c-3402,o-0646,
c-3403,o-0193,
c-3403,o-0315,
c-3403,o-0451,
c-3404,o-0060,
c-3404,o-0333,
c-3404,o-0363,
c-3404,o-0605,
c-3405,o-0301,
c-3405,o-0303,
c-3405,o-0578,
c-3406,o-0301,
c-3406,o-0303,
c-3406,o-0580,
c-3407,o-0301,病院・クリニック
c-3407,o-0303,
c-3501,o-0250,
c-3501,o-0370,
c-3501,o-0737,
c-3501,o-0774,
c-3503,o-0374,
c-3503,o-0479,
c-3503,o-0619,
c-3503,o-0752,
c-3504,o-0374,
c-3504,o-0479,
c-3504,o-0619,
c-3504,o-0752,
c-3505,o-0374,
c-3505,o-0479,
c-3505,o-0619,
c-3505,o-0752,
c-3506,o-0374,
c-3506,o-0479,
c-3506,o-0619,
c-3506,o-0752,
c-3507,o-0374,
c-3507,o-0479,
c-3507,o-0619,
c-3507,o-0752,
c-3508,o-0374,
c-3508,o-0479,
c-3508,o-0619,
c-3508,o-0752,
c-3509,o-0374,
c-3509,o-0479,
c-3509,o-0619,
c-3509,o-0752,
c-3510,o-0374,
c-3510,o-0479,
c-3510,o-0619,
c-3510,o-0752,
c-3511,o-0332,
c-3511,o-0463,
c-3511,o-0488,
c-3511,o-0647,
c-3512,o-0214,
c-3512,o-0461,
c-3512,o-0648,
c-3513,o-0193,
c-3513,o-0328,
c-3513,o-0605,
c-3513,o-0645,
c-3514,o-0193,
c-3514,o-0328,
c-3514,o-0605,
c-3514,o-0645,
c-3515,o-0193,
c-3515,o-0328,
c-3515,o-0605,
c-3515,o-0645,
c-3521,o-0139,
c-3521,o-0193,
c-3521,o-0329,
c-3521,o-0742,
c-3522,o-0139,
c-3522,o-0193,
c-3522,o-0329,
c-3522,o-0742,
c-3523,o-0139,
c-3523,o-0193,
c-3523,o-0329,
c-3523,o-0742,
c-3524,o-0180,
c-3524,o-0193,
c-3524,o-0475,
c-3524,o-0650,
c-3525,o-0180,
c-3525,o-0193,
c-3525,o-0475,
c-3525,o-0650,
c-3526,o-0180,
c-3526,o-0193,
c-3526,o-0475,
c-3526,o-0650,
c-3527,o-0180,
c-3527,o-0193,
c-3527,o-0475,
c-3527,o-0650,
c-3528,o-0180,
c-3528,o-0193,
c-3528,o-0475,
c-3528,o-0650,
c-3529,o-0180,
c-3529,o-0193,
c-3529,o-0475,
c-3529,o-0650,
c-3530,o-0180,
c-3530,o-0193,
c-3530,o-0475,
c-3530,o-0650,
c-3531,o-0180,
c-3531,o-0193,
c-3531,o-0475,
c-3531,o-0650,
c-3532,o-0180,
c-3532,o-0193,
c-3532,o-0475,
c-3532,o-0650,
c-3601,o-0247,
c-3601,o-0560,
c-3601,o-0642,
c-3601,o-0807,
c-3602,o-0247,
c-3602,o-0560,
c-3602,o-0642,
c-3602,o-0807,
c-3603,o-0247,
c-3603,o-0560,
c-3603,o-0642,
c-3603,o-0807,
c-3604,o-0247,
c-3604,o-0560,
c-3604,o-0642,
c-3604,o-0807,
c-3605,o-0247,
c-3605,o-0560,
c-3605,o-0642,
c-3605,o-0807,
c-3606,o-0247,
c-3606,o-0560,
c-3606,o-0642,
c-3606,o-0807,
c-3607,o-0247,
c-3607,o-0560,
c-3607,o-0642,
c-3607,o-0807,
c-3608,o-0247,
c-3608,o-0560,
c-3608,o-0642,
c-3608,o-0807,
c-3609,o-0247,
c-3609,o-0560,
c-3609,o-0642,
c-3609,o-0807,
c-3610,o-0247,
c-3610,o-0560,
c-3610,o-0642,
c-3610,o-0807,
c-3611,o-0247,
c-3611,o-0560,
c-3611,o-0642,
c-3611,o-0807,
c-3612,o-0247,
c-3612,o-0560,
c-3612,o-0642,
c-3612,o-0807,
c-3613,o-0247,
c-3613,o-0560,
c-3613,o-0642,
c-3613,o-0807,
c-3615,o-0241,
c-3615,o-0248,
c-3615,o-0610,
c-3615,o-0640,
c-3616,o-0241,
c-3616,o-0248,
c-3616,o-0610,
c-3616,o-0640,
c-3617,o-0241,
c-3617,o-0248,
c-3617,o-0610,
c-3617,o-0640,
c-3619,o-0241,
c-3619,o-0248,
c-3619,o-0610,
c-3619,o-0640,
c-3620,o-0241,
c-3620,o-0248,
c-3620,o-0610,
c-3620,o-0640,
c-3621,o-0241,
c-3621,o-0248,
c-3621,o-0610,
c-3621,o-0640,
c-3623,o-0248,
c-3623,o-0608,
c-3623,o-0637,
c-3623,o-0638,
c-3623,o-0738,
c-3624,o-0193,
c-3624,o-0248,
c-3624,o-0312,
c-3624,o-0638,
c-3624,o-0738,
c-3625,o-0193,
c-3625,o-0325,
c-3625,o-0328,
c-3625,o-0643,
c-3626,o-0611,
c-3626,o-0639,
c-3626,o-0739,
c-3627,o-0639,
c-3627,o-0739,
c-3628,o-0247,
c-3628,o-0642,
c-3629,o-0249,
c-3629,o-0642,
c-3634,o-0241,
c-3634,o-0248,
c-3634,o-0610,
c-3634,o-0640,
c-3635,o-0241,
c-3635,o-0248,
c-3635,o-0610,
c-3635,o-0640,
c-3636,o-0241,
c-3636,o-0248,
c-3636,o-0610,
c-3636,o-0640,
c-3701,o-0319,
c-3701,o-0689,開業・補助者
c-3701,o-0727,
c-3705,o-0786,バス・タクシー等旅客自動車運送事業
c-3706,o-0786,トラック等貨物自動車運送事業
c-3710,o-0071,
c-3710,o-0186,
c-3710,o-0301,
c-3710,o-0316,
c-3712,o-0188,
c-3712,o-0301,
c-3712,o-0302,
c-3712,o-0728,
c-3720,o-0298,
c-3720,o-0301,
c-3721,o-0187,
c-3721,o-0301,
c-3722,o-0301,
c-3722,o-0316,
c-3724,o-0227,
c-3724,o-0228,介護事業所
c-3726,o-0187,
c-3726,o-0316,
c-3726,o-0734,
c-3727,o-0187,
c-3727,o-0301,
c-3727,o-0316,
c-3727,o-0579,
c-3728,o-0751,
c-3728,o-0808,
c-3728,o-0822,テラー
c-3729,o-0812,
c-3730,o-0822,テラー
c-3730,o-0862,
c-3812,o-0014,
c-3812,o-0136,
c-3812,o-0193,
c-3812,o-0216,
c-3813,o-0014,
c-3813,o-0136,
c-3813,o-0193,
c-3813,o-0216,
c-3814,o-0014,
c-3814,o-0136,
c-3814,o-0193,
c-3814,o-0216,
c-3815,o-0114,Excel上級
c-3815,o-0213,
c-3816,o-0193,Excel
c-3816,o-0213,
c-3817,o-0213,
c-3817,o-0462,Word上級
c-3818,o-0193,Word
c-3818,o-0213,
c-3819,o-0023,
c-3819,o-0058,
c-3819,o-0085,
c-3819,o-0089,
c-3820,o-0193,
c-3820,o-0247,
c-3820,o-0642,
c-3820,o-0807,
c-3821,o-0193,
c-3821,o-0247,
c-3821,o-0642,
c-3821,o-0807,
c-3822,o-0193,
c-3822,o-0247,
c-3822,o-0642,
c-3822,o-0807,
c-3823,o-0193,
c-3823,o-0247,
c-3823,o-0642,
c-3823,o-0807,
c-3824,o-0193,
c-3824,o-0247,
c-3824,o-0642,
c-3824,o-0807,
c-3825,o-0193,
c-3825,o-0247,
c-3825,o-0642,
c-3825,o-0807,
c-3826,o-0193,
c-3826,o-0247,
c-3826,o-0642,
c-3826,o-0807,
c-3827,o-0193,
c-3827,o-0247,
c-3827,o-0642,
c-3827,o-0807,
c-3828,o-0193,
c-3828,o-0247,
c-3828,o-0642,
c-3828,o-0807,
c-3829,o-0193,
c-3829,o-0247,
c-3829,o-0642,
c-3829,o-0807,
c-3830,o-0193,
c-3830,o-0247,
c-3830,o-0642,
c-3830,o-0807,
c-3831,o-0193,
c-3831,o-0247,
c-3831,o-0642,
c-3831,o-0807,
c-3832,o-0193,
c-3832,o-0247,
c-3832,o-0642,
c-3832,o-0807,
c-3838,o-0161,
c-3838,o-0213,
c-3839,o-0111,
c-3839,o-0213,
c-3840,o-0178,
c-3840,o-0213,
c-3841,o-0063,
c-3841,o-0193,
c-3841,o-0328,
c-3841,o-0642,
c-3842,o-0063,
c-3842,o-0193,
c-3842,o-0328,
c-3842,o-0642,
c-3843,o-0063,
c-3843,o-0193,
c-3843,o-0328,
c-3843,o-0642,
c-3844,o-0063,
c-3844,o-0193,
c-3844,o-0328,
c-3844,o-0642,
c-3845,o-0063,
c-3845,o-0193,
c-3845,o-0328,
c-3845,o-0642,
c-3846,o-0063,
c-3846,o-0193,
c-3846,o-0328,
c-3846,o-0642,
c-3848,o-0063,
c-3848,o-0193,
c-3848,o-0328,
c-3848,o-0642,
c-3855,o-0112,
c-3855,o-0113,
c-3855,o-0193,
c-3855,o-0642,
c-3856,o-0112,
c-3856,o-0113,
c-3856,o-0193,
c-3856,o-0642,
c-3857,o-0112,
c-3857,o-0113,
c-3857,o-0193,
c-3857,o-0642,
c-3858,o-0112,
c-3858,o-0113,
c-3858,o-0193,
c-3858,o-0642,
c-3859,o-0112,
c-3859,o-0113,
c-3859,o-0193,
c-3859,o-0642,
c-3860,o-0112,
c-3860,o-0113,
c-3860,o-0193,
c-3860,o-0642,
c-3861,o-0112,
c-3861,o-0113,
c-3861,o-0193,
c-3861,o-0642,
c-3862,o-0112,
c-3862,o-0113,
c-3862,o-0193,
c-3862,o-0642,
c-3863,o-0288,
c-3863,o-0633,
c-3863,o-0837,
c-3863,o-0841,
c-3864,o-0288,
c-3864,o-0633,
c-3864,o-0837,
c-3864,o-0841,
c-3865,o-0288,
c-3865,o-0633,
c-3865,o-0837,
c-3865,o-0841,
c-3866,o-0288,
c-3866,o-0633,
c-3866,o-0837,
c-3866,o-0841,
c-3879,o-0063,
c-3879,o-0193,
c-3879,o-0328,
c-3879,o-0642,
c-3880,o-0063,
c-3880,o-0193,
c-3880,o-0328,
c-3880,o-0642,
c-3881,o-0063,
c-3881,o-0193,
c-3881,o-0328,
c-3881,o-0642,
c-4001,o-0222,
c-4002,o-0641,
c-4003,o-0327,
c-4004,o-0569,
c-4005,o-0245,
c-4007,o-0189,
c-4011,o-0635,
c-4012,o-0636,
c-4101,o-0177,
c-4101,o-0387,
c-4101,o-0410,
c-4102,o-0358,
c-4102,o-0388,
c-4102,o-0453,
c-4103,o-0357,
c-4103,o-0386,
c-4103,o-0740,
c-4104,o-0874,
c-4105,o-0029,
c-4108,o-0746,
c-4108,o-0754,
c-4108,o-0773,
c-4111,o-0108,
c-4111,o-0323,VMD
c-4112,o-0108,
c-4112,o-0323,VMD
c-4113,o-0108,
c-4113,o-0323,VMD
c-4115,o-0587,ドラッグストア・薬局・スーパー・コンビニの一般用医薬品販売
c-4116,o-0380,
c-4116,o-0381,
c-4117,o-0166,DIY用品
c-4201,o-0731,証券会社・銀行の金融商品取引
c-4202,o-0474,旅行会社・OTA・旅行手配・カウンター業務
c-4203,o-0106,
c-4203,o-0471,国内旅行
c-4203,o-0473,
c-4204,o-0322,
c-4205,o-0745,消費者金融・信販・クレジット・金融機関の貸付業務
c-4301,o-0563,理容室・床屋
c-4302,o-0564,衛生管理責任者
c-4303,o-0155,
c-4303,o-0164,
c-4303,o-0655,美容室・ヘアサロン
c-4304,o-0654,衛生管理責任者
c-4305,o-0072,衛生管理
c-4309,o-0669,舞台技術者
c-4310,o-0669,舞台技術者
c-4311,o-0669,舞台技術者
c-4315,o-0104,添乗員
c-4315,o-0105,
c-4315,o-0472,
c-4317,o-0122,
c-4317,o-0123,
c-4317,o-0656,
c-4318,o-0122,
c-4318,o-0123,
c-4318,o-0656,
c-4319,o-0122,
c-4319,o-0123,
c-4319,o-0656,
c-4320,o-0051,
c-4320,o-0052,
c-4320,o-0182,
c-4320,o-0653,
c-4321,o-0051,
c-4321,o-0052,
c-4321,o-0182,
c-4321,o-0653,
c-4328,o-0096,
c-4328,o-0184,ホール・給仕
c-4329,o-0096,
c-4329,o-0184,ホール・給仕
c-4330,o-0096,
c-4330,o-0184,ホール・給仕
c-4331,o-0146,
c-4332,o-0146,
c-4333,o-0146,
c-4334,o-0591,着物の着付け
c-4335,o-0591,着物の着付け
c-4336,o-0156,結婚式の企画運営
c-4337,o-0156,結婚式の企画運営
c-4401,o-0735,飲食店・ホテル・給食施設・福祉施設・病院
c-4402,o-0385,
c-4402,o-0735,飲食店・ホテル
c-4403,o-0045,ふぐの取扱い・調理が認められる飲食店・料理店
c-4413,o-0096,
c-4413,o-0185,
c-4413,o-0191,
c-4414,o-0858,
c-4414,o-0863,
c-4414,o-0868,
c-4414,o-0869,
c-4501,o-0141,
c-4501,o-0534,消防設備の工事・整備・点検
c-4501,o-0829,
c-4502,o-0141,
c-4502,o-0534,消防設備の整備・点検
c-4502,o-0829,
c-4503,o-0142,
c-4503,o-0533,
c-4504,o-0535,点検業者・ビル管理
c-4505,o-0220,
c-4505,o-0467,
c-4505,o-0736,
c-4505,o-0833,
c-4506,o-0220,
c-4506,o-0467,
c-4506,o-0736,
c-4506,o-0833,
c-4507,o-0145,ビルメンテナンス
c-4508,o-0145,ビルメンテナンス
c-4509,o-0828,事業所・店舗の防火管理
c-4510,o-0468,ビル・商業施設の常駐警備
c-4511,o-0468,
c-4512,o-0615,空港の保安検査
c-4513,o-0615,
c-4514,o-0834,イベント・祭礼の警備
c-4515,o-0834,
c-4516,o-0221,工事現場・道路の交通誘導
c-4517,o-0221,
c-4518,o-0490,
c-4519,o-0490,
c-4520,o-0743,現金輸送等
c-4521,o-0743,
c-4601,o-0411,造園・緑化工事
c-4601,o-0777,
c-4602,o-0411,造園・緑化工事
c-4602,o-0777,
c-4603,o-0411,造園・緑化工事
c-4603,o-0777,
c-4701,o-0818,
c-4701,o-0820,
c-4701,o-0857,
c-4801,o-0103,
c-4801,o-0118,
c-4801,o-0788,
c-4802,o-0133,路線バス・観光バス
c-4802,o-0469,
c-4803,o-0318,
c-4803,o-0329,
c-4803,o-0359,
c-4803,o-0792,
c-4804,o-0098,
c-4804,o-0469,
c-4804,o-0787,
c-4805,o-0318,
c-4805,o-0329,
c-4805,o-0359,
c-4805,o-0792,
c-4806,o-0436,
c-4806,o-0552,
c-4806,o-0830,
c-4807,o-0132,
c-4807,o-0470,
c-4807,o-0762,
c-4808,o-0130,
c-4808,o-0218,
c-4808,o-0795,
c-4809,o-0756,
c-4809,o-0760,
c-4810,o-0761,
c-4810,o-0794,
c-4811,o-0119,
c-4811,o-0365,
c-4811,o-0798,
c-4812,o-0132,
c-4812,o-0470,
c-4812,o-0762,
c-4813,o-0262,
c-4813,o-0496,
c-4814,o-0720,
c-4814,o-0839,
c-4814,o-0875,
c-4815,o-0340,
c-4815,o-0432,
c-4815,o-0781,
c-4816,o-0172,
c-4816,o-0513,
c-4816,o-0543,
c-4816,o-0780,
c-4817,o-0210,
c-4817,o-0793,
c-4818,o-0132,
c-4818,o-0470,
c-4818,o-0762,
c-4819,o-0117,
c-4819,o-0789,
c-4819,o-0791,
c-4820,o-0132,
c-4820,o-0470,
c-4820,o-0762,
c-4821,o-0132,
c-4821,o-0470,
c-4821,o-0762,
c-4822,o-0117,
c-4822,o-0789,
c-4822,o-0791,
c-4823,o-0117,
c-4823,o-0789,
c-4823,o-0791,
c-4901,o-0135,航空機操縦士
c-4901,o-0151,
c-4901,o-0670,
c-4902,o-0135,航空機操縦士
c-4902,o-0151,
c-4902,o-0670,
c-4903,o-0135,航空機操縦士
c-4903,o-0151,
c-4903,o-0670,
c-4904,o-0135,航空機操縦士
c-4904,o-0151,
c-4904,o-0670,
c-4905,o-0135,航空機操縦士
c-4905,o-0151,
c-4905,o-0670,
c-4907,o-0135,航空機操縦士
c-4907,o-0151,
c-4907,o-0670,
c-4908,o-0135,航空機操縦士
c-4908,o-0151,
c-4908,o-0670,
c-4909,o-0135,航空機操縦士
c-4909,o-0151,
c-4909,o-0670,
c-5001,o-0548,海上・航空・放送の無線通信
c-5002,o-0548,海上・航空通信
c-5003,o-0548,船舶等の無線通信
c-5004,o-0614,
c-5004,o-0676,
c-5004,o-0785,
c-5005,o-0614,
c-5005,o-0676,
c-5005,o-0785,
c-5006,o-0547,放送局・通信設備の技術操作
c-5007,o-0547,無線設備の保守・技術操作
c-5008,o-0352,
c-5008,o-0458,
c-5008,o-0769,
c-5009,o-0832,業務無線・基地局の操作
c-5010,o-0832,業務無線の操作
c-5011,o-0832,国内電信業務
c-5101,o-0296,
c-5101,o-0354,
c-5101,o-0705,
c-5102,o-0296,
c-5102,o-0354,
c-5102,o-0705,
c-5103,o-0804,鋳造・溶解
c-5104,o-0804,鋳造・溶解
c-5105,o-0823,鋳造
c-5106,o-0823,鋳造
c-5107,o-0823,鋳造
c-5108,o-0824,金属鍛造
c-5109,o-0824,金属鍛造
c-5110,o-0805,焼入れ・焼戻し
c-5111,o-0805,焼入れ・焼戻し
c-5112,o-0805,焼入れ・焼戻し
c-5113,o-0805,焼入れ・焼戻し
c-5114,o-0627,焼結部品製造
c-5115,o-0627,焼結部品製造
c-5116,o-0803,材料検査
c-5117,o-0803,材料検査
c-5201,o-0398,
c-5201,o-0707,
c-5201,o-0718,
c-5202,o-0296,
c-5202,o-0354,
c-5202,o-0705,
c-5203,o-0296,
c-5203,o-0354,
c-5203,o-0705,
c-5204,o-0295,分析・検査
c-5205,o-0295,分析・検査
c-5206,o-0067,
c-5206,o-0099,
c-5206,o-0141,
c-5206,o-0294,
c-5206,o-0311,
c-5207,o-0067,
c-5207,o-0141,
c-5207,o-0294,
c-5207,o-0310,
c-5208,o-0067,
c-5208,o-0309,
c-5209,o-0873,タンクローリー等の輸送保安
c-5211,o-0872,
c-5303,o-0831,窯業・陶芸
c-5304,o-0831,窯業・陶芸
c-5307,o-0594,石工事・墓石
c-5308,o-0594,石工事・墓石
c-5401,o-0503,旋盤・フライス・マシニング
c-5402,o-0503,旋盤・フライス・マシニング
c-5403,o-0503,旋盤・フライス・マシニング
c-5404,o-0503,旋盤・フライス・マシニング
c-5405,o-0459,金属加工
c-5406,o-0459,金属加工
c-5407,o-0459,金属加工
c-5408,o-0816,製缶・構造物鉄工
c-5409,o-0816,製缶・構造物鉄工
c-5410,o-0482,工場板金・金属加工
c-5411,o-0482,工場板金・金属加工
c-5412,o-0482,工場板金・金属加工
c-5413,o-0416,屋根・外壁の板金
c-5414,o-0416,屋根・外壁の板金
c-5415,o-0541,表面処理
c-5416,o-0047,表面処理
c-5417,o-0047,表面処理
c-5418,o-0047,表面処理
c-5419,o-0047,表面処理
c-5420,o-0050,表面処理
c-5421,o-0050,表面処理
c-5422,o-0398,
c-5422,o-0707,
c-5422,o-0718,
c-5423,o-0160,金属加工
c-5424,o-0160,金属加工
c-5425,o-0160,金属加工
c-5426,o-0800,
c-5427,o-0800,
c-5428,o-0190,玉掛けワイヤー等の製作
c-5429,o-0190,玉掛けワイヤー等の製作
c-5431,o-0501,精密仕上げ
c-5432,o-0501,精密仕上げ
c-5433,o-0501,精密仕上げ
c-5438,o-0799,金型製作・設計
c-5439,o-0799,金型製作・設計
c-5440,o-0799,金型製作・設計
c-5441,o-0286,工具製作
c-5442,o-0286,工具製作
c-5443,o-0100,鋳造
c-5444,o-0100,鋳造
c-5445,o-0100,鋳造
c-5501,o-0170,ボイラー・圧力容器の溶接
c-5502,o-0170,
c-5503,o-0542,
c-5503,o-0703,
c-5503,o-0802,
c-5601,o-0502,設備保全・メンテナンス
c-5602,o-0502,設備保全・メンテナンス
c-5603,o-0502,設備保全・メンテナンス
c-5604,o-0505,製品の寸法・品質検査
c-5605,o-0505,製品の寸法・品質検査
c-5606,o-0505,製品の寸法・品質検査
c-5607,o-0505,製品の寸法・品質検査
c-5608,o-0062,内燃機関製造
c-5609,o-0062,内燃機関製造
c-5610,o-0062,内燃機関製造
c-5611,o-0062,内燃機関製造
c-5612,o-0612,
c-5613,o-0612,
c-5614,o-0612,
c-5615,o-0518,
c-5616,o-0518,
c-5617,o-0518,
c-5618,o-0652,
c-5619,o-0652,
c-5620,o-0437,
c-5621,o-0437,
c-5622,o-0437,
c-5623,o-0759,
c-5624,o-0759,
c-5701,o-0848,モーター・変圧器等の組立
c-5702,o-0848,モーター・変圧器等の組立
c-5703,o-0848,モーター・変圧器等の組立
c-5704,o-0838,電子部品の組立
c-5705,o-0838,電子部品の組立
c-5706,o-0838,電子部品の組立
c-5707,o-0838,電子部品の組立
c-5712,o-0666,
c-5713,o-0666,
c-5714,o-0666,
c-5715,o-0305,
c-5716,o-0305,
c-5717,o-0305,
c-5718,o-0836,はんだ付け・実装
c-5719,o-0159,電子部品製造
c-5720,o-0159,電子部品製造
c-5721,o-0159,電子部品製造
c-5722,o-0159,電子部品製造
c-5801,o-0667,タイヤ整備
c-5802,o-0667,電気装置
c-5803,o-0667,車体整備・板金
c-5804,o-0671,
c-5804,o-0672,
c-5804,o-0674,
c-5805,o-0671,
c-5805,o-0672,
c-5805,o-0674,
c-5807,o-0671,
c-5807,o-0672,
c-5807,o-0674,
c-5808,o-0574,フォークリフト等
c-5809,o-0574,フォークリフト等
c-5810,o-0819,
c-5811,o-0819,
c-5813,o-0667,ガソリン車
c-5814,o-0667,ディーゼル車
c-5815,o-0667,ガソリンエンジン・基礎
c-5816,o-0667,ディーゼルエンジン・基礎
c-5817,o-0667,シャシ・基礎
c-5818,o-0667,ディーラー・整備工場・カー用品店
c-5819,o-0667,基礎整備
c-5820,o-0065,
c-5820,o-0131,
c-5820,o-0219,
c-5824,o-0667,一級・大型車の高度整備
c-5825,o-0667,一級・小型車の高度整備
c-5901,o-0478,
c-5902,o-0478,
c-5903,o-0478,
c-5904,o-0195,計量管理・適正計量の管理
c-5905,o-0567,環境の濃度・騒音振動の計量証明
c-5906,o-0267,レンズ・光学部品
c-5907,o-0267,レンズ・光学部品
c-5908,o-0267,レンズ・光学部品
c-6001,o-0138,ベーカリー・製パン
c-6002,o-0138,ベーカリー・製パン
c-6003,o-0138,ベーカリー・製パン
c-6004,o-0137,
c-6004,o-0520,
c-6004,o-0701,
c-6004,o-0702,
c-6005,o-0685,パティシエ・和洋菓子製造
c-6006,o-0685,パティシエ・和洋菓子製造
c-6007,o-0708,麺類製造
c-6008,o-0867,ハム・ソーセージ製造
c-6009,o-0867,ハム・ソーセージ製造
c-6010,o-0516,かまぼこ等の製造
c-6011,o-0516,かまぼこ等の製造
c-6012,o-0046,食品製造
c-6013,o-0046,食品製造
c-6014,o-0796,日本酒製造
c-6015,o-0796,日本酒製造
c-6101,o-0485,繊維の染色
c-6102,o-0485,繊維の染色
c-6103,o-0121,アパレル
c-6104,o-0121,アパレル
c-6105,o-0369,アパレル縫製
c-6106,o-0369,アパレル縫製
c-6107,o-0369,アパレル縫製
c-6108,o-0630,テーラー・アパレル縫製
c-6109,o-0630,テーラー・アパレル縫製
c-6110,o-0630,テーラー・アパレル縫製
c-6111,o-0320,着物の仕立て
c-6112,o-0320,着物の仕立て
c-6113,o-0320,着物の仕立て
c-6114,o-0651,布製品の縫製
c-6115,o-0651,布製品の縫製
c-6116,o-0382,ふとん製造
c-6117,o-0382,ふとん製造
c-6118,o-0405,テント・カバン等
c-6119,o-0405,テント・カバン等
c-6201,o-0376,
c-6201,o-0480,
c-6201,o-0699,
c-6202,o-0504,木材加工
c-6203,o-0504,木材加工
c-6206,o-0375,家具製作
c-6207,o-0375,家具製作
c-6208,o-0412,建具製作
c-6209,o-0412,建具製作
c-6212,o-0629,
c-6213,o-0629,
c-6214,o-0577,畳製作
c-6215,o-0577,畳製作
c-6301,o-0700,印刷前工程
c-6302,o-0700,印刷前工程
c-6303,o-0306,印刷会社
c-6304,o-0306,印刷会社
c-6305,o-0698,印刷・製本会社
c-6306,o-0698,印刷・製本会社
c-6307,o-0010,
c-6307,o-0075,
c-6307,o-0307,
c-6307,o-0649,
c-6401,o-0158,成形加工
c-6402,o-0158,成形加工
c-6403,o-0158,成形加工
c-6404,o-0158,成形加工
c-6405,o-0013,強化プラスチック成形
c-6406,o-0013,強化プラスチック成形
c-6503,o-0744,ジュエリー職人
c-6504,o-0744,ジュエリー職人
c-6507,o-0308,はんこ製作
c-6508,o-0308,はんこ製作
c-6509,o-0657,
c-6509,o-0658,
c-6510,o-0657,
c-6510,o-0658,
c-6601,o-0694,表装・掛軸・襖の仕立て
c-6602,o-0694,表装・掛軸・襖の仕立て
c-6603,o-0355,建築・金属・噴霧塗装
c-6604,o-0355,建築・金属・噴霧塗装
c-6605,o-0353,塗料製造
c-6606,o-0408,看板製作・サイン施工
c-6607,o-0408,看板製作・サイン施工
c-6608,o-0408,看板製作・サイン施工
c-6609,o-0278,写真撮影・写真館
c-6610,o-0278,写真撮影・写真館
c-6611,o-0278,写真撮影・写真館
c-6612,o-0004,
c-6612,o-0726,機械・建築
c-6613,o-0004,
c-6613,o-0726,
c-6625,o-0107,工業図解
c-6626,o-0107,工業図解
c-6627,o-0107,工業図解
c-6630,o-0506,設計
c-6631,o-0506,設計
c-6632,o-0849,電気設計
c-6633,o-0849,電気設計
c-6634,o-0849,電気設計
c-6635,o-0403,製品の梱包・包装設計
c-6636,o-0403,製品の梱包・包装設計
c-6701,o-0168,大規模ボイラーの取扱・管理
c-6702,o-0145,
c-6702,o-0167,
c-6702,o-0168,
c-6702,o-0400,
c-6703,o-0145,
c-6703,o-0168,
c-6703,o-0402,
c-6704,o-0169,ボイラーの整備・点検
c-6706,o-0398,
c-6706,o-0707,
c-6706,o-0718,
c-6707,o-0398,
c-6707,o-0707,
c-6707,o-0718,
c-6708,o-0073,
c-6708,o-0401,
c-6708,o-0558,
c-6709,o-0606,建設・港湾
c-6710,o-0073,
c-6710,o-0401,
c-6710,o-0558,
c-6711,o-0073,
c-6711,o-0401,
c-6711,o-0558,
c-6713,o-0454,船舶のクレーン操作・港湾荷役
c-6714,o-0340,
c-6714,o-0436,
c-6714,o-0711,
c-6714,o-0797,
c-6715,o-0340,
c-6715,o-0436,
c-6715,o-0711,
c-6715,o-0797,
c-6716,o-0340,
c-6716,o-0436,
c-6716,o-0711,
c-6716,o-0797,
c-6717,o-0340,
c-6717,o-0436,
c-6717,o-0711,
c-6717,o-0797,
c-6718,o-0559,クレーン作業の玉掛け・建設/製造現場
c-6719,o-0074,
c-6719,o-0426,
c-6720,o-0073,
c-6720,o-0401,
c-6720,o-0558,
c-6801,o-0395,電気通信回線の工事・監督
c-6803,o-0395,電気通信工事
c-6804,o-0395,データ通信回線の工事
c-6806,o-0395,データ通信工事
c-6807,o-0126,
c-6807,o-0768,
c-6807,o-0854,
c-6808,o-0721,
c-6808,o-0843,
c-6808,o-0846,ビル・工場・大型施設
c-6808,o-0850,
c-6809,o-0141,
c-6809,o-0846,住宅・店舗・小規模施設
c-6809,o-0850,
c-6812,o-0445,LAN配線・通信工事
c-6813,o-0445,LAN配線・通信工事
c-6814,o-0445,LAN配線・通信工事
c-6901,o-0120,
c-6901,o-0340,
c-6901,o-0425,
c-6901,o-0561,
c-6904,o-0120,
c-6904,o-0340,
c-6904,o-0425,
c-6904,o-0561,
c-6906,o-0120,
c-6906,o-0340,
c-6906,o-0425,
c-6906,o-0561,
c-6907,o-0120,
c-6907,o-0340,
c-6907,o-0425,
c-6907,o-0561,
c-6908,o-0042,井戸・温泉等の掘削
c-6909,o-0042,井戸・温泉等の掘削
c-7001,o-0366,建築大工・木造建築
c-7002,o-0366,建築大工・木造建築
c-7003,o-0043,
c-7003,o-0418,
c-7003,o-0432,
c-7003,o-0465,
c-7004,o-0484,ツーバイフォー建築
c-7005,o-0393,瓦葺き
c-7005,o-0394,
c-7006,o-0393,瓦葺き
c-7006,o-0394,
c-7007,o-0043,
c-7007,o-0877,足場・鉄骨建方
c-7008,o-0043,
c-7008,o-0877,足場・鉄骨建方
c-7009,o-0043,
c-7009,o-0877,足場・鉄骨建方
c-7010,o-0404,壁・床の塗り仕上げ
c-7011,o-0404,壁・床の塗り仕上げ
c-7013,o-0625,炉の築造・補修
c-7014,o-0625,炉の築造・補修
c-7015,o-0157,コンクリートブロック工事
c-7016,o-0157,コンクリートブロック工事
c-7017,o-0003,外壁工事
c-7018,o-0097,タイル張り
c-7019,o-0097,タイル張り
c-7020,o-0351,コンクリート型枠工事
c-7021,o-0351,コンクリート型枠工事
c-7022,o-0043,
c-7022,o-0418,
c-7022,o-0432,
c-7022,o-0465,
c-7023,o-0817,鉄筋組立て
c-7024,o-0817,鉄筋組立て
c-7025,o-0043,
c-7025,o-0418,
c-7025,o-0432,
c-7025,o-0465,
c-7026,o-0043,
c-7026,o-0418,
c-7026,o-0432,
c-7026,o-0465,
c-7029,o-0043,
c-7029,o-0418,
c-7029,o-0432,
c-7029,o-0465,
c-7030,o-0043,
c-7030,o-0418,
c-7030,o-0432,
c-7030,o-0465,
c-7031,o-0043,
c-7031,o-0418,
c-7031,o-0432,
c-7031,o-0465,
c-7102,o-0613,
c-7103,o-0282,空調工事
c-7104,o-0282,空調工事
c-7105,o-0283,
c-7106,o-0280,
c-7107,o-0790,給排水・空調配管
c-7108,o-0790,給排水・空調配管
c-7109,o-0790,給排水・空調配管
c-7110,o-0616,
c-7110,o-0620,
c-7110,o-0717,
c-7111,o-0618,
c-7111,o-0620,
c-7111,o-0719,
c-7111,o-0790,
c-7113,o-0314,
c-7114,o-0314,
c-7115,o-0276,クロス・床仕上げ
c-7116,o-0276,クロス・床仕上げ
c-7117,o-0276,クロス・床仕上げ
c-7118,o-0549,保温・断熱工事
c-7119,o-0549,保温・断熱工事
c-7120,o-0066,外装工事
c-7121,o-0066,外装工事
c-7122,o-0084,
c-7123,o-0084,
c-7124,o-0665,
c-7125,o-0665,
c-7126,o-0134,
c-7127,o-0068,
c-7128,o-0068,
c-7129,o-0536,
c-7130,o-0524,浄化槽の設置工事
c-7201,o-0827,防水施工
c-7202,o-0827,防水施工
c-7203,o-0498,コンクリート補修
c-7204,o-0544,潜水作業・水中工事・サルベージ
c-7205,o-0373,
c-7205,o-0427,
c-7205,o-0540,
c-7205,o-0711,
c-7206,o-0373,
c-7206,o-0427,
c-7206,o-0540,
c-7206,o-0711,
c-7207,o-0373,
c-7207,o-0427,
c-7207,o-0540,
c-7207,o-0711,
c-7208,o-0373,
c-7208,o-0427,
c-7208,o-0540,
c-7208,o-0711,
c-7302,o-0078,生コン圧送
c-7303,o-0078,生コン圧送
c-7304,o-0120,
c-7304,o-0340,
c-7304,o-0425,
c-7304,o-0561,
c-7305,o-0059,地下水位低下工事
c-7306,o-0059,地下水位低下工事
c-7307,o-0753,道路区画線工事
c-7308,o-0120,
c-7308,o-0340,
c-7308,o-0425,
c-7308,o-0561,
c-7401,o-0373,
c-7401,o-0427,
c-7401,o-0540,
c-7401,o-0711,
c-7402,o-0373,
c-7402,o-0427,
c-7402,o-0540,
c-7402,o-0711,
c-7403,o-0140,清掃
c-7404,o-0573,プラント・設備洗浄
c-7405,o-0523,浄化槽の保守点検
c-7406,o-0521,
c-7407,o-0522,浄化槽の清掃
c-7408,o-0127,
