slug,kind,without,with_role,allowance,note
c-3207,業務独占・必置,契約前の重要事項説明や35条・37条書面への記名など、宅建士だけの独占業務を担えない。宅建業の事務所に必要な専任宅建士（従業者5人に1人以上）にもなれない。,重要事項説明・書面への記名など宅建士の独占業務を担える。事務所の専任宅建士（必置要員）として不動産取引の要を任される。,"月5,000〜30,000円程度",資格手当は企業により大きく異なる。独占業務・必置は宅地建物取引業法に基づく。
c-6809,業務独占,一般用電気工作物（一般住宅・小規模店舗などの屋内配線等）の電気工事に従事できない。,600V以下で受電する一般用電気工作物の電気工事を行える。建設・設備・ビル管理などで有資格者として作業できる。,"月3,000〜20,000円程度",独占業務は電気工事士法に基づく。
c-6808,業務独占,自家用電気工作物（最大電力500kW未満のビル・工場等）の電気工事に従事できない。,一般用に加え、ビル・工場など自家用電気工作物（500kW未満）の電気工事も行える。担当できる現場の幅が広がる。,"月5,000〜20,000円程度",独占業務は電気工事士法に基づく。
c-5207,業務独占,指定数量以上の危険物の取扱いや、取扱作業への立会いができない。,取得した類（例：乙4は引火性液体）の危険物を取り扱え、無資格者の作業に立ち会える。ガソリンスタンドや工場で有資格者として従事できる。,"月3,000〜10,000円程度",独占業務は消防法に基づく。
c-1803,業務独占・名称独占,療養上の世話や診療の補助（採血・注射等）を業として行えず、看護師を名乗れない。,医師の指示のもと、診療の補助や療養上の世話を専門職として担える。,,独占・名称独占は保健師助産師看護師法に基づく。手当は勤務先により多様。
c-1804,業務独占,医師・看護師の指示のもとで行う療養上の世話・診療の補助を業として行えない。,医師や看護師の指示を受けて、療養上の世話や診療の補助を担える。,,准看護師は都道府県知事免許。
c-3701,業務独占・名称独占,官公署へ提出する許認可等の書類作成・提出代理を報酬を得て行えず、行政書士を名乗れない。,許認可申請など官公署提出書類の作成・提出代理を独占業務として担える。,,独占・名称独占は行政書士法に基づく。
c-2510,業務独占・名称独占,労働・社会保険の申請書等の作成提出代行（1号）や帳簿書類の作成（2号）を報酬を得て行えず、社労士を名乗れない。,労働・社会保険手続きの代行や就業規則等の作成といった独占業務を担える。,,独占・名称独占は社会保険労務士法に基づく。
c-2503,業務独占・名称独占,税務代理・税務書類の作成・税務相談（税理士業務）を報酬を得て行えず、税理士を名乗れない。,税務代理・税務書類作成・税務相談の独占業務を担える。,,独占・名称独占は税理士法に基づく。
c-2501,業務独占・名称独占,財務諸表監査（法定監査）を行えず、公認会計士を名乗れない。,財務諸表の監査証明業務を独占的に担える。税理士登録も可能。,,独占・名称独占は公認会計士法に基づく。
c-2402,業務独占・名称独占,登記・供託の申請代理や法務局提出書類の作成を報酬を得て行えず、司法書士を名乗れない。,不動産・商業登記の申請代理などの独占業務を担える。,,独占・名称独占は司法書士法に基づく。
c-2403,業務独占・名称独占,特許・商標など知的財産の出願手続き代理を業として行えず、弁理士を名乗れない。,特許・実用新案・意匠・商標の出願代理などの独占業務を担える。,,独占・名称独占は弁理士法に基づく。
c-1301,業務独占・名称独占,規模・構造に制限のある建築物しか設計・工事監理できず、一級建築士を名乗れない。,規模・構造の制限なく建築物の設計・工事監理を行える。,,独占・名称独占は建築士法に基づく。
c-1302,業務独占,戸建住宅など一定規模を超える建築物の設計・工事監理ができない。,一定規模までの木造・鉄筋コンクリート造などの建築物の設計・工事監理を行える。,,独占業務は建築士法に基づく。
c-2302,名称独占,介護福祉士を名乗れず、サービス提供責任者などの要件や加算対象になりにくい（介護の実務自体は無資格でも可）。,介護の国家資格者として名乗れ、サービス提供責任者や各種加算の要件対象になれる。,,名称独占は社会福祉士及び介護福祉士法に基づく。
c-2301,名称独占,社会福祉士を名乗れない（相談援助の実務自体は可能な職場もある）。,相談援助の専門職として名乗れ、配置が評価される福祉・医療の職場で有利になる。,,名称独占は社会福祉士及び介護福祉士法に基づく。
c-2307,名称独占,精神保健福祉士を名乗れない。,精神科領域の相談援助の専門職として名乗れ、医療・福祉機関で評価される。,,名称独占は精神保健福祉士法に基づく。
c-2303,名称独占・配置基準,保育士を名乗れず、保育所の配置基準上の保育士としてカウントされない。,保育所等で配置基準上の保育士として働け、専門職として保育を担える。,,名称独占は児童福祉法に基づく。
c-2001,名称独占,管理栄養士を名乗れず、傷病者への高度な栄養指導や大規模給食施設の管理で評価されにくい。,傷病者への栄養指導や大規模給食施設の栄養管理を担う専門職として働ける。,,名称独占は栄養士法に基づく。
c-4303,業務独占,美容（パーマ・カット・セット等）を業として行えない。,美容所で美容業務を行える。,,独占業務は美容師法に基づく。
c-4401,名称独占,調理師を名乗れない（調理の実務自体は無資格でも可）。,調理師として名乗れ、飲食店の食品衛生責任者にもなりやすいなど信頼の証明になる。,,名称独占は調理師法に基づく。業務独占ではない。
c-1704,業務独占・名称独占,調剤や要指導医薬品・第1類医薬品の販売などを担えず、薬剤師を名乗れない。,調剤・服薬指導・医薬品の管理といった独占業務を担える。,,独占・名称独占は薬剤師法・医薬品医療機器等法に基づく。
c-1701,業務独占・名称独占,医業（診察・診断・治療・処方）を行えず、医師を名乗れない。,医業全般を独占的に行える。,,独占・名称独占は医師法に基づく。
c-1702,業務独占・名称独占,歯科医業を行えず、歯科医師を名乗れない。,歯科医業を独占的に行える。,,独占・名称独占は歯科医師法に基づく。
c-2202,必置,常時50人以上の事業場で選任義務のある衛生管理者になれない。,業種を問わず衛生管理者として選任され、職場の衛生管理・労働環境の改善を担える。,"月2,000〜10,000円程度",必置は労働安全衛生法に基づく。第一種は全業種対応。
c-2203,必置,常時50人以上の事業場で選任義務のある衛生管理者になれない。,有害業務の少ない業種（情報・金融・卸小売など）で衛生管理者として選任され、衛生管理を担える。,"月2,000〜10,000円程度",必置は労働安全衛生法に基づく（第二種は業種限定）。
c-6703,業務独占,一定規模のボイラーの取扱作業主任者になれない。,伝熱面積に応じたボイラーの取扱作業主任者として従事できる。,"月3,000〜10,000円程度",独占業務は労働安全衛生法（ボイラー則）に基づく。
c-4115,業務独占・必置,第2類・第3類医薬品の販売や購入者への情報提供を担えない。,ドラッグストア等で第2類・第3類医薬品を販売・情報提供できる専門職として働ける。,"月5,000〜20,000円程度",医薬品医療機器等法に基づく。店舗により必置。
c-3209,名称独占,マンション管理士を名乗れない（独占業務はない）。,管理組合の運営・大規模修繕・管理規約などの専門コンサルとして活動できる（名称独占）。,,名称独占はマンション管理適正化法に基づく。独占業務はない点に注意。
c-3210,業務独占・必置,管理受託契約の重要事項説明や管理事務報告を担えず、管理業者が置く管理業務主任者（管理組合30に1人以上）になれない。,重要事項説明・管理事務報告などの独占的業務を担い、必置要員として管理会社で重宝される。,"月5,000〜20,000円程度",マンション管理適正化法に基づく。
c-1205,必置,"事業用電気工作物（電圧5万V未満・出力5,000kW未満）の保安監督を担う電気主任技術者になれない。",事業用電気工作物の工事・維持・運用の保安監督を担える。設置義務のある選任要員として評価される。,"月5,000〜30,000円程度",必置は電気事業法に基づく。
c-3625,一般（スキル証明）,独占業務はない。経理・会計の基礎スキルを客観的に示しにくい。,商業簿記の基礎知識を証明でき、経理・事務職の就職や実務で評価される。,,業務独占・必置ではない。手当は企業により異なる。
c-3624,一般（スキル証明）,独占業務はない。,商業簿記・工業簿記の知識を証明でき、経理・財務職で高く評価される。転職でも武器になる。,"月1,000〜10,000円程度",業務独占・必置ではない。手当は企業により異なる。
c-2516,一般（スキル証明）,独占業務はない。,資産設計・保険・税・年金の相談スキルを証明でき、金融・保険・不動産業界で評価される。,,業務独占・必置ではない。手当は企業により異なる。
c-1801,名称独占,保健師を名乗って保健指導を行えない。,地域や企業で保健指導・健康管理を担う専門職として名乗れる。,,名称独占は保健師助産師看護師法に基づく。
c-1802,業務独占・名称独占,助産（分娩の介助）や妊産婦の保健指導を業として行えず、助産師を名乗れない。,助産・妊産婦や新生児の保健指導を担える。,,独占・名称独占は保健師助産師看護師法に基づく。
c-1908,業務独占・名称独占,放射線の人体への照射（X線撮影等）を行えず、診療放射線技師を名乗れない。,医師の指示のもとX線撮影やCT・放射線治療などの照射業務を担える。,,独占・名称独占は診療放射線技師法に基づく。
c-1901,名称独占,臨床検査技師を名乗れず、一部の生理学的検査等を担えない。,血液・尿・生理機能などの臨床検査を担う専門職として働ける。,,名称独占は臨床検査技師等に関する法律に基づく。
c-1910,名称独占,言語聴覚士を名乗れない。,ことば・きこえ・飲み込みのリハビリを担う専門職として働ける。,,名称独占は言語聴覚士法に基づく。
c-1904,名称独占,理学療法士を名乗れない。,医師の指示のもと運動療法など理学療法を担う専門職として働ける。,,名称独占は理学療法士及び作業療法士法に基づく。
c-1905,名称独占,作業療法士を名乗れない。,医師の指示のもと作業療法（日常動作・応用動作の回復）を担う専門職として働ける。,,名称独占は理学療法士及び作業療法士法に基づく。
c-1903,名称独占,臨床工学技士を名乗れず、生命維持管理装置の操作を担えない。,人工呼吸器・人工心肺・透析装置など生命維持管理装置の操作・保守を担える。,,名称独占は臨床工学技士法に基づく。
c-2206,業務独占・名称独占,救急救命処置を業として行えず、救急救命士を名乗れない。,救急現場・搬送中に医師の指示のもと救急救命処置を担える。,,独占・名称独占は救急救命士法に基づく。
c-1907,業務独占・名称独占,歯科予防処置などを業として行えず、歯科衛生士を名乗れない。,歯科予防処置・歯科診療補助・歯科保健指導を担える。,,独占・名称独占は歯科衛生士法に基づく。
c-1906,業務独占・名称独占,歯科技工（義歯・被せ物などの作製）を業として行えず、歯科技工士を名乗れない。,歯科医師の指示書に基づき義歯や補綴物の作製・加工を担える。,,独占・名称独占は歯科技工士法に基づく。
c-2104,業務独占・名称独占,柔道整復（骨折・脱臼・打撲・捻挫の施術）を業として行えず、柔道整復師を名乗れない。,接骨院・整骨院で柔道整復の施術を担える。開業も可能。,,独占・名称独占は柔道整復師法に基づく。
c-2101,業務独占・名称独占,あん摩・マッサージ・指圧を業として行えず、名乗れない。,あん摩マッサージ指圧師として施術を担える。開業も可能。,,独占・名称独占はあん摩マツサージ指圧師等に関する法律に基づく。
c-2102,業務独占・名称独占,はり（鍼）の施術を業として行えず、はり師を名乗れない。,鍼の施術を担える。開業も可能。,,独占・名称独占はあん摩マツサージ指圧師等に関する法律に基づく。
c-2103,業務独占・名称独占,きゅう（灸）の施術を業として行えず、きゅう師を名乗れない。,灸の施術を担える。開業も可能。,,独占・名称独占はあん摩マツサージ指圧師等に関する法律に基づく。
c-2210,名称独占,公認心理師を名乗れない（独占業務はない）。,国家資格の心理職として名乗れ、医療・教育・福祉・司法などで評価される。,,独占業務はない。名称独占は公認心理師法に基づく。
c-2002,名称独占,栄養士を名乗れない。,給食施設や事業所などで栄養指導・献立作成を担う専門職として働ける。,,名称独占は栄養士法に基づく。
c-6004,名称独占,製菓衛生師を名乗れない（製菓の実務自体は無資格でも可）。,製菓衛生師として名乗れ、菓子製造の衛生・信頼の証明になる。食品衛生責任者にもなりやすい。,,名称独占は製菓衛生師法に基づく。業務独占ではない。
c-1408,業務独占,基本測量・公共測量における測量を業として行えない。,基本・公共測量の計画・実施を担う測量士として従事できる。,,独占業務は測量法に基づく。
c-1409,業務独占,測量士の作成した計画に従う測量を業として担えない。,測量士を補助して測量を行える。,,独占業務は測量法に基づく。
c-3203,業務独占・名称独占,表示に関する登記のための調査・測量や申請代理を報酬を得て行えず、土地家屋調査士を名乗れない。,不動産の表示登記に必要な調査・測量・申請代理の独占業務を担える。,,独占・名称独占は土地家屋調査士法に基づく。
c-3201,業務独占・名称独占,不動産の鑑定評価を業として行えず、不動産鑑定士を名乗れない。,不動産の鑑定評価という独占業務を担える。,,独占・名称独占は不動産の鑑定評価に関する法律に基づく。
c-2405,業務独占・必置,通関書類の審査・記名（通関士の確認）を担えない。,輸出入通関書類の審査・記名を担う通関士として従事できる（通関業者に必置）。,"月5,000〜20,000円程度",独占・必置は通関業法に基づく。
c-2404,業務独占・名称独占,海事に関する行政手続きの代理・書類作成を報酬を得て行えず、海事代理士を名乗れない。,船舶登録や海技免許など海事手続きの代理・書類作成を担える。,,独占・名称独占は海事代理士法に基づく。
c-9019,必置・名称,賃貸住宅管理業者に必置の業務管理者になれない。,賃貸住宅管理業の業務管理者として重要事項説明や管理業務の管理・監督を担える。,"月5,000〜15,000円程度",必置は賃貸住宅管理業法に基づく（一定の実務経験等の要件あり）。
c-3301,名称独占,通訳案内士を名乗って有償ガイドを行えない（2018年の法改正で無資格でも有償ガイド自体は可能）。,通訳案内士として専門性を示し、質の高い有償ガイドで信頼を得られる。,,2018年施行の改正法で業務独占は廃止され、名称独占のみ。
c-1203,必置,出力・電圧の制限なく事業用電気工作物の保安監督を担う電気主任技術者になれない。,すべての事業用電気工作物の工事・維持・運用の保安監督を担える。,"月10,000〜40,000円程度",必置は電気事業法に基づく。
c-1204,必置,電圧17万V未満の事業用電気工作物の保安監督を担う電気主任技術者になれない。,電圧17万V未満の事業用電気工作物の保安監督を担える。,"月10,000〜35,000円程度",必置は電気事業法に基づく。
c-1622,必置・名称的,予報業務許可事業者で気象現象の予想を行えない。,予報業務許可事業者で現象の予想を担える（許可事業者に必置）。テレビ・防災分野でも活躍できる。,,気象業務法に基づく。
c-1603,必置,第一種エネルギー管理指定工場に必置のエネルギー管理者になれない。,大規模工場でエネルギーの使用合理化・管理を担うエネルギー管理者として選任される。,"月5,000〜20,000円程度",必置は省エネ法に基づく。
c-1602,必置,特定工場に必置の公害防止管理者になれない。,ばい煙・排水など公害防止設備の管理・監督を担う公害防止管理者として選任される。,"月3,000〜15,000円程度",必置は特定工場公害防止組織法に基づく。
c-1609,必置,毒物劇物を扱う事業所に必置の取扱責任者になれない。,毒物劇物の製造・輸入・販売事業所で保健衛生上の管理・監督を担える。,,必置は毒物及び劇物取締法に基づく。
c-1208,必置,電気通信事業者の一定の設備に必置の電気通信主任技術者になれない。,電気通信ネットワークの工事・維持・運用の監督を担う主任技術者として選任される。,"月5,000〜20,000円程度",必置は電気通信事業法に基づく。
c-3706,必置,貨物自動車運送事業者に必置の運行管理者になれない。,トラック運送事業で点呼・乗務割・安全指導など運行の安全管理を担える（必置）。,"月3,000〜10,000円程度",必置は貨物自動車運送事業法に基づく。
c-3705,必置,旅客自動車運送事業者に必置の運行管理者になれない。,バス・タクシー等で運行の安全管理を担う運行管理者として選任される（必置）。,"月3,000〜10,000円程度",必置は道路運送法に基づく。
c-2308,必置,居宅介護支援事業所等に必置の介護支援専門員になれず、ケアプランの作成を担えない。,ケアプラン（居宅サービス計画）の作成や給付管理を担う必置の専門職として働ける。,"月5,000〜15,000円程度",必置は介護保険法に基づく。
c-4205,必置,貸金業者の営業所に必置の貸金業務取扱主任者になれない。,貸金業の営業所で法令順守の助言・指導を担う必置の要員として重宝される。,"月3,000〜15,000円程度",必置は貸金業法に基づく。
c-4201,登録必須,外務員登録を受けられず、株式・投資信託などの勧誘・販売（外務行為）ができない。,証券会社等で金融商品の外務行為を担える。,,金融商品取引法に基づく（外務員登録が必須）。
c-5206,業務独占,（甲種は全類対応）指定数量以上の危険物の取扱い・立会いができない。,すべての類の危険物を取り扱い、無資格者の作業に立ち会える。保安監督者にもなれる。,"月3,000〜10,000円程度",独占業務は消防法に基づく。
c-5208,業務独占,第4類の一部（ガソリン等）に限られる取扱いすらできない。,第4類のうち引火点130℃以上の物品など、限定された危険物を取り扱える（立会いは不可）。,,独占業務は消防法に基づく。丙種は取扱範囲が限定。
c-4501,業務独占,消火設備・警報設備などの工事・整備を業として行えない。,甲種の対応区分の消防用設備等の工事・整備を担える。,"月3,000〜15,000円程度",独占業務は消防法に基づく。甲種は工事も可能。
c-4502,業務独占,消防用設備等の整備を業として行えない。,乙種の対応区分の消防用設備等の整備・点検を担える。,"月3,000〜10,000円程度",独占業務は消防法に基づく。乙種は整備・点検。
c-6702,業務独占,伝熱面積の大きいボイラーの取扱作業主任者になれない。,大規模ボイラーを含む取扱作業主任者として従事できる。,"月3,000〜15,000円程度",独占業務は労働安全衛生法に基づく。
c-6719,業務独占,つり上げ荷重5トン以上のクレーン・デリックの運転ができない。,つり上げ荷重の制限なくクレーン・デリックの運転を担える。,"月3,000〜15,000円程度",独占業務は労働安全衛生法に基づく。
c-1605,業務独占,作業環境測定（デザイン・サンプリング・分析）を業として担えない。,指定作業場の作業環境測定を担う専門職として従事できる（第一種は分析まで）。,"月5,000〜20,000円程度",独占業務は作業環境測定法に基づく。
c-1606,業務独占,作業環境測定のサンプリング等を業として担えない。,作業環境測定（簡易測定機器によるサンプリング等）を担える。,"月3,000〜15,000円程度",独占業務は作業環境測定法に基づく（分析は第一種）。
c-1315,必置,建設現場に必置の監理技術者・主任技術者になれない。,建築工事現場の監理技術者・主任技術者として工程・品質・安全・原価を管理できる（必置）。,"月5,000〜30,000円程度",必置は建設業法に基づく。
c-1316,必置,建設現場に必置の主任技術者になれない。,中小規模の建築工事現場の主任技術者として施工管理を担える（必置）。,"月3,000〜20,000円程度",必置は建設業法に基づく。
c-1404,必置,建設現場に必置の監理技術者・主任技術者になれない。,土木工事現場の監理技術者・主任技術者として施工管理を担える（必置）。,"月5,000〜30,000円程度",必置は建設業法に基づく。
c-1405,必置,建設現場に必置の主任技術者になれない。,中小規模の土木工事現場の主任技術者として施工管理を担える（必置）。,"月3,000〜20,000円程度",必置は建設業法に基づく。
c-1206,必置,建設現場に必置の監理技術者・主任技術者になれない。,電気工事現場の監理技術者・主任技術者として施工管理を担える（必置）。,"月5,000〜30,000円程度",必置は建設業法に基づく。
c-7110,必置,建設現場に必置の監理技術者・主任技術者になれない。,管工事現場の監理技術者・主任技術者として施工管理を担える（必置）。,"月5,000〜30,000円程度",必置は建設業法に基づく。
c-2601,必置,幼稚園の教員（教諭）として働けない。,幼稚園で必置の教員として保育・教育を担える。,,必置は教育職員免許法・学校教育法に基づく。
c-3112,名称独占,キャリアコンサルタントを名乗れない（独占業務はない）。,国家資格のキャリア支援専門家として名乗れ、相談・支援の場で信頼を得られる。,,独占業務はない。名称独占は職業能力開発促進法に基づく。
c-1565,名称独占,情報処理安全確保支援士（登録セキスペ）を名乗れない（独占業務はない）。,国家資格のセキュリティ専門家として名乗れ、官公庁調達や社内で評価される。,,独占業務はない。名称独占は情報処理促進法に基づく。
c-2511,名称独占,中小企業診断士を名乗れない（独占業務はない）。,経営コンサルの国家資格者として名乗れ、公的支援業務や信用面で有利。,,独占業務はない。名称独占は中小企業支援法に基づく。
