slug_a,slug_b,relation,note
c-3625,c-3624,step_up,商業簿記の基礎から、工業簿記を含む2級へ
c-3624,c-3623,step_up,2級から、より高度な会計の1級へ
c-3629,c-3628,step_up,
c-3628,c-3627,step_up,
c-3627,c-3626,step_up,全経上級は税理士試験の受験資格にもなる
c-2517,c-2516,step_up,実務で評価される2級へ
c-2516,c-2515,step_up,最上位の1級へ
c-3309,c-3308,step_up,
c-3308,c-3307,step_up,
c-1538,c-1505,step_up,ITリテラシーの入門から、技術者の登竜門へ
c-1505,c-1504,step_up,応用力・管理寄りの応用情報へ
c-6809,c-6808,step_up,一般住宅から、高圧設備まで扱える第一種へ
c-1205,c-1204,step_up,
c-1204,c-1203,step_up,
c-5208,c-5207,step_up,
c-5207,c-5206,step_up,全種類を扱える甲種へ(受験資格あり)
c-6703,c-6702,step_up,
c-6702,c-6701,step_up,
c-1316,c-1315,step_up,大規模工事の監理技術者になれる1級へ
c-1405,c-1404,step_up,大規模工事の監理技術者になれる1級へ
c-1303,c-1302,step_up,
c-1302,c-1301,step_up,規模・用途を問わず設計できる一級へ
c-1409,c-1408,step_up,測量計画まで担える測量士へ
c-4502,c-4501,step_up,工事もできる甲種へ
c-2203,c-2202,step_up,全業種に対応できる第一種へ
c-3403,c-3402,step_up,
c-3402,c-3401,step_up,
c-2409,c-2408,step_up,
c-2408,c-2407,step_up,
c-1409,c-3203,exemption,測量士補を持つと、土地家屋調査士試験の午前試験が免除
c-1408,c-3203,exemption,測量士を持つと、土地家屋調査士試験の午前試験が免除
c-1302,c-3203,exemption,二級建築士を持つと、土地家屋調査士試験の午前試験が免除
c-1301,c-3203,exemption,一級建築士を持つと、土地家屋調査士試験の午前試験が免除
c-1205,c-6809,exemption,電験(電気主任技術者)取得者は、電気工事士の筆記試験が免除
c-1205,c-6808,exemption,電験(電気主任技術者)取得者は、電気工事士の筆記試験が免除
c-6809,c-4501,exemption,電気工事士は、消防設備士(電気系)の一部科目が免除
c-6809,c-4502,exemption,電気工事士は、消防設備士(電気系)の一部科目が免除
c-3623,c-2503,exemption,日商簿記1級は、税理士試験(会計科目)の受験資格を満たす
c-3626,c-2503,exemption,全経簿記上級は、税理士試験の受験資格を満たす
c-2302,c-2308,exemption,介護福祉士などの実務経験を経て、ケアマネの受験資格
c-3207,c-3210,combo,試験範囲が重なり同時受験も多い
c-3207,c-3209,combo,不動産系で活躍の幅が広がる
c-3209,c-3210,combo,管理組合側・管理会社側で対になる
c-3207,c-2516,combo,不動産×お金の知識で提案力UP
c-3624,c-2516,combo,経理×金融で事務・相談に強い
c-3701,c-2510,combo,独立系の士業ダブルライセンスの定番
c-3701,c-3207,combo,許認可×不動産で業務が広がる
c-2402,c-3203,combo,登記の権利×表示で連携できる
c-6809,c-5207,combo,ビルメンの定番資格の組み合わせ
c-6809,c-6703,combo,ビルメンの定番資格の組み合わせ
c-5207,c-6703,combo,ビルメンの定番資格の組み合わせ
c-1504,c-1501,exemption,応用情報技術者の合格者は、この高度試験の午前Iが2年間免除
c-1504,c-1502,exemption,応用情報技術者の合格者は、この高度試験の午前Iが2年間免除
c-1504,c-1503,exemption,応用情報技術者の合格者は、この高度試験の午前Iが2年間免除
c-1504,c-1508,exemption,応用情報技術者の合格者は、この高度試験の午前Iが2年間免除
c-1504,c-1510,exemption,応用情報技術者の合格者は、この高度試験の午前Iが2年間免除
c-1504,c-1511,exemption,応用情報技術者の合格者は、この高度試験の午前Iが2年間免除
c-1504,c-1512,exemption,応用情報技術者の合格者は、この高度試験の午前Iが2年間免除
c-1504,c-1539,exemption,応用情報技術者の合格者は、この高度試験の午前Iが2年間免除
c-1504,c-1565,exemption,応用情報技術者の合格者は、この高度試験の午前Iが2年間免除
c-2301,c-2307,exemption,一方の登録者・合格者は、もう一方の試験で共通科目が免除
c-3209,c-3210,exemption,マンション管理士の合格者は、管理業務主任者試験で5問が免除
c-6807,c-1208,exemption,工事担任者(総合種等)の保有で、電気通信主任技術者の一部科目が免除
c-6807,c-1210,exemption,工事担任者(総合種等)の保有で、電気通信主任技術者の一部科目が免除
c-3407,c-3406,step_up,
c-3406,c-3405,step_up,
c-2313,c-2314,step_up,初任者研修から、より実践的な実務者研修へ
c-2314,c-2302,step_up,実務者研修を経て国家資格の介護福祉士へ
c-4105,c-4104,step_up,
c-6803,c-6801,step_up,
c-6806,c-6804,step_up,
c-6801,c-6807,step_up,AI・DDを統合した総合種へ
c-6804,c-6807,step_up,AI・DDを統合した総合種へ
c-4401,c-4402,step_up,調理師の実務経験を経て、専門調理師・調理技能士へ
c-6710,c-6709,step_up,5t未満から、5t以上を扱える移動式クレーン運転士へ
c-2303,c-2601,combo,認定こども園で両方が求められる(保育教諭)
c-4401,c-6004,combo,飲食×製菓で活躍の幅が広がる
c-2308,c-2301,combo,福祉の相談・調整で相性がよい
c-3324,c-3323,step_up,スコアアップで上位の目安へ
c-3323,c-3322,step_up,スコアアップで上位の目安へ
c-4103,c-4102,step_up,
c-4102,c-4101,step_up,
c-4319,c-4318,step_up,
c-4318,c-4317,step_up,
c-3002,c-3001,step_up,
c-3014,c-3013,step_up,
c-3013,c-3012,step_up,
c-4203,c-4202,step_up,国内に加え海外も扱える総合へ
c-2510,c-2511,combo,労務×経営コンサルで活躍の幅が広がる
c-2510,c-2516,combo,労務×お金の知識で人事・相談に強い
c-3701,c-2511,combo,許認可×経営支援で独立の幅が広がる
c-3207,c-3624,combo,不動産×経理で実務に強い
c-6809,c-1205,combo,設備管理(ビルメン)で重宝される組み合わせ
c-1603,c-1205,combo,設備の省エネ×保安で評価される
c-1315,c-1301,combo,設計×施工管理で建築のキャリアが広がる
c-3710,c-4115,combo,医療事務×市販薬の知識で医療・薬局に強い
c-3712,c-3726,combo,医科レセプト×調剤事務で医療事務の幅が広がる
c-4401,c-1103,combo,調理×衛生管理で飲食店の運営に強い
c-6004,c-1103,combo,製菓×衛生管理で菓子店の運営に強い
c-4303,c-4317,combo,美容×ネイルでサロンの提供メニューが広がる
c-5207,c-4502,combo,危険物×消防設備で設備・防災に強い
c-3624,c-2515,combo,経理の簿記×お金の専門FPで相談業務に強い
c-1207,c-1206,step_up,大規模工事の監理技術者になれる1級へ
c-1239,c-1238,step_up,大規模工事の監理技術者になれる1級へ
c-1407,c-1406,step_up,大規模工事の監理技術者になれる1級へ
c-7111,c-7110,step_up,大規模工事の監理技術者になれる1級へ
c-5003,c-5002,step_up,
c-5002,c-5001,step_up,
c-5007,c-5006,step_up,
c-5010,c-5009,step_up,
c-5009,c-5008,step_up,
c-5819,c-5818,step_up,三級から、点検整備の幅が広がる二級へ
c-5818,c-5825,step_up,二級から、高度な整備ができる一級へ
c-4335,c-4334,step_up,
c-1304,c-1301,exemption,建築設備士は、一級建築士試験の受験資格(実務経験)に算入できる
c-7110,c-1304,combo,設備の設計×施工で建築設備のキャリアが広がる
c-6808,c-1206,combo,電気工事の施工×施工管理で現場の幅が広がる
c-3003,c-3004,combo,色彩の二大検定で配色・カラーの実務に強い
c-4334,c-4303,combo,着付け×美容で和装の現場に強い
