slug,description
c-3207,宅地建物取引士（宅建士）は、不動産取引の専門家として重要事項の説明などを担う国家資格です。不動産・金融業界で評価が高く、毎年20万人前後が受験する人気資格で、宅建業を営むうえで必置とされます。
c-3701,行政書士は、官公署に提出する許認可の申請書類や契約書などを作成・代理する国家資格です。建設業許可や相続、帰化申請など扱える分野が広く、独立開業しやすい法律系資格として人気があります。
c-2510,社会保険労務士（社労士）は、労働・社会保険や人事労務のスペシャリストです。就業規則の作成や年金相談、労務管理のコンサルティングを行う国家資格で、企業の人事部門や独立開業で需要が高い専門職です。
c-2402,司法書士は、不動産登記・商業登記の代理や、簡易裁判所での訴訟代理（認定司法書士）を担う国家資格です。法律系の難関資格で、合格すれば独立開業の道が開けます。
c-2511,中小企業診断士は、中小企業の経営課題を診断し改善を助言する経営コンサルティングの国家資格です。唯一の経営コンサル系国家資格として、企業内でのキャリアアップや独立に役立ちます。
c-3624,日商簿記2級は、商業簿記に加え工業簿記・原価計算を学び、企業の経営成績や財政状態を読み解く力を証明する検定です。就職・転職で評価が高く、経理職の登竜門とされています。
c-3625,日商簿記3級は、商業簿記の基礎を学び、日常的な帳簿づけや決算ができることを示す入門級です。経理・事務職を目指す人や、ビジネスの数字に強くなりたい人に広く受験されています。
c-3623,日商簿記1級は、簿記検定の最高峰で、会計学や原価計算を含む高度な内容を扱います。合格すると税理士試験の受験資格が得られ、経理のプロや会計専門職を目指す人に適しています。
c-1505,基本情報技術者は、ITエンジニアの登竜門とされる国家資格です。プログラミングやアルゴリズム、ネットワーク、データベースなどIT全般の基礎知識を証明でき、IT業界への就職に役立ちます。
c-1504,応用情報技術者は、基本情報の上位区分で、技術から管理・経営まで幅広い応用力を問う国家資格です。ワンランク上のエンジニアやプロジェクトリーダーを目指す人に適しています。
c-1538,ITパスポート（iパス）は、社会人が備えるべきITの基礎知識を証明する国家資格です。職種を問わず役立ち、IT初学者やDXリテラシーを身につけたい人の最初の一歩として人気です。
c-2516,2級FP技能士は、資産設計・保険・税金・不動産・相続など、お金に関する幅広い知識を扱うファイナンシャル・プランニングの国家検定です。金融・保険業界で評価され、家計管理にも役立ちます。
c-2517,3級FP技能士は、ライフプランや保険、税金、資産運用などお金の基礎を学べる入門級の国家検定です。家計や将来設計に直結する知識が身につき、FP資格の第一歩として人気があります。
c-4115,登録販売者は、一般用医薬品のうち第2類・第3類を販売できる専門資格です。ドラッグストアや薬局、コンビニなどで需要が高く、受験資格がないため誰でも挑戦できます。
c-6809,第二種電気工事士は、一般住宅や小規模店舗の電気工事に従事できる国家資格です。筆記と技能試験があり、電気・設備業界への就職や独立に直結する人気の手に職資格です。
c-6808,第一種電気工事士は、第二種の範囲に加え、ビルや工場など高圧の大規模電気工事まで扱える国家資格です。所定の実務経験を経て免状が交付され、電気工事のプロとして活躍の幅が広がります。
c-5206,危険物取扱者（甲種）は、すべての類の危険物を取り扱い・保安監督できる最上位の国家資格です。化学系の知識が問われ、化学プラントや石油関連、消防設備など幅広い現場で重宝されます。
c-5207,危険物取扱者（乙種）は、指定の類の危険物を取り扱える国家資格です。特にガソリンや灯油を扱う乙種第4類が人気で、ガソリンスタンドやタンクローリー、工場などで活かせます。
c-3210,管理業務主任者は、マンション管理会社が管理組合に対して行う重要事項の説明や管理事務報告を担う国家資格です。マンション管理業で必置とされ、不動産系資格とのダブル取得も多い資格です。
c-3209,マンション管理士は、マンション管理組合の運営や大規模修繕、住民間トラブルなどにコンサルティングを行う国家資格です。管理業務主任者と並ぶマンション管理分野の専門資格です。
c-3402,秘書検定2級は、来客応対やビジネスマナー、文書作成など社会人に必要な常識と対応力を測る検定です。就職活動で評価されやすく、事務職や受付を目指す学生に人気があります。
c-3403,秘書検定3級は、基本的なビジネスマナーや言葉づかい、来客応対の基礎を学べる入門級です。社会人デビュー前の学生が一般常識を身につける第一歩として広く受験されています。
c-3816,MOS Excelスペシャリストは、マイクロソフトのExcelスキルを証明する国際資格（一般レベル）です。表計算や関数、グラフ作成など実務直結のスキルを示せ、事務職の就職・転職で有利になります。
c-3323,TOEICは、英語によるコミュニケーション能力を測る世界共通のテストです。600点台はビジネス英語の入口とされ、就職や昇進の要件、自己研鑽の指標として幅広く活用されています。
c-3309,実用英語技能検定（英検）2級は、高校卒業程度の英語力を読む・聞く・書く・話すの4技能で評価する級です。大学入試での優遇や履歴書でのアピールに使え、英語学習の目標として定番です。
c-2303,保育士は、保育園など児童福祉施設で子どもの保育や保護者支援を担う国家資格です。活躍の場が広く、保育人材の不足を背景に就職に強い専門職です。
c-2302,介護福祉士は、介護の専門知識・技術を持つことを示す唯一の介護系国家資格です。現場のリーダーやサービス提供責任者として評価され、キャリアアップに直結します。
c-2308,介護支援専門員（ケアマネジャー）は、要介護者のケアプランを作成し、利用者とサービス事業者をつなぐ専門職です。介護の実務経験を経て受験でき、相談援助のプロとして需要が高い資格です。
c-2301,社会福祉士は、福祉の相談援助を担う国家資格（ソーシャルワーカー）です。高齢者・障害者・児童など幅広い分野で、生活課題を抱える人を支援する専門職として活躍できます。
c-1904,理学療法士（PT）は、けがや病気で運動機能が低下した人に対し、リハビリテーションで歩行や動作の回復を支援する国家資格です。病院や介護施設、スポーツ分野などで需要があります。
c-1803,看護師は、傷病者の療養上の世話や診療の補助を行う国家資格です。医療現場に不可欠で就職先が豊富、ライフスタイルに合わせた働き方も選びやすい安定した専門職です。
c-2001,管理栄養士は、傷病者や高齢者など一人ひとりに応じた栄養指導や給食管理を行う国家資格です。病院・福祉施設・行政・企業などで活躍し、栄養士の上位にあたる資格です。
c-4401,調理師は、調理の知識と技術を証明する国家資格です。飲食店や給食施設などで信頼の証となり、独立開業や食品衛生責任者の取得への近道にもなります。
c-1622,気象予報士は、気象データをもとに天気を予測する専門家の国家資格です。難関ですが、気象会社や放送、防災分野などで活躍でき、知的好奇心を満たせる人気資格です。
c-2405,通関士は、輸出入の通関手続きを代理・審査する貿易分野で唯一の国家資格です。商社や物流・通関業者で重宝され、グローバルな物流を支える専門職です。
c-1409,測量士補は、測量士が作成した計画に従って測量に従事できる国家資格です。土地家屋調査士試験の一部免除にもつながり、測量・建設業界への入口として人気があります。
c-1302,二級建築士は、都道府県知事の免許で住宅など一定規模までの建築物を設計・工事監理できる国家資格です。建築設計の登竜門で、実務経験と受験要件が結びついています。
c-1301,一級建築士は、国土交通大臣の免許で規模の制限なくあらゆる建築物を設計・工事監理できる最上位の建築系国家資格です。建築設計のプロとして独立や大型案件に携われます。
c-1101,食品衛生管理者は、乳製品や食肉製品など特に衛生管理が必要な食品の製造・加工施設に必置の国家資格です。食品メーカーの製造現場で求められる専門職です。
c-2202,第一種衛生管理者は、業種を問わずすべての職場で労働者の健康管理や作業環境の衛生を担える国家資格です。常時50人以上の事業場で必置とされ、企業の総務・人事で評価されます。
c-2203,第二種衛生管理者は、有害業務の少ない情報通信業や金融・サービス業などの職場で衛生管理を担える国家資格です。オフィス系企業での選任に対応でき、総務・人事職に役立ちます。
c-3004,色彩検定は、色の理論や配色、ユニバーサルデザインなど色彩の知識を体系的に学べる検定です。ファッション・インテリア・デザイン・販売など幅広い分野で活かせます。
c-4101,1級販売士（リテールマーケティング検定）は、小売・流通のマネジメント力を証明する最上位級です。店舗経営や売場づくり、マーチャンダイジングの戦略立案を担う人材向けの資格です。
c-3710,メディカルクラーク（医療事務技能審査）は、医療事務の代表的な技能審査です。診療報酬請求（レセプト）や受付・会計業務の知識と技能を証明でき、病院・クリニックの医療事務職を目指す人に人気です。
c-3626,簿記能力検定（全経上級）は、全経簿記の最上位級で、合格すると税理士試験の受験資格が得られます。日商簿記1級と並ぶ高度な会計知識を証明する検定です。
c-1203,第一種電気主任技術者（電験一種）は、発電所や変電所を含むすべての事業用電気工作物の保安監督ができる最上位の電気系国家資格です。電力インフラを支える希少な専門家です。
c-1205,第三種電気主任技術者（電験三種）は、5万ボルト未満の事業用電気工作物の保安監督ができる国家資格です。ビルや工場の電気設備の保安に必須で、需要が高く転職にも強い人気資格です。
