slug,name,category,major_category,type,type_reason
c-9001,情報セキュリティマネジメント試験,情報処理技術者試験,IT・情報処理,国家,情報処理の促進に関する法律に基づく国家試験(IPA)
c-9002,生成AIパスポート,AI・データ活用,IT・情報処理,民間,一般社団法人生成AI活用普及協会(GUGA)認定の民間資格
c-9003,G検定(ジェネラリスト),AI・データ活用,IT・情報処理,民間,日本ディープラーニング協会(JDLA)認定の民間資格
c-9004,E資格(エンジニア),AI・データ活用,IT・情報処理,民間,日本ディープラーニング協会(JDLA)認定の民間資格
c-9005,統計検定,AI・データ活用,IT・情報処理,民間,日本統計学会公式認定の民間検定
c-9006,データサイエンティスト検定(リテラシーレベル),AI・データ活用,IT・情報処理,民間,データサイエンティスト協会認定の民間検定
c-9007,Python3エンジニア認定基礎試験,プログラミング,IT・情報処理,民間,一般社団法人Pythonエンジニア育成推進協会認定の民間試験
c-9008,Python3エンジニア認定実践試験,プログラミング,IT・情報処理,民間,一般社団法人Pythonエンジニア育成推進協会認定の民間試験
c-9009,AI実装検定,AI・データ活用,IT・情報処理,民間,AI実装検定運営委員会による民間検定
c-9010,実用英語技能検定準2級,語学検定,語学・コミュニケーション,公的,日本英語検定協会実施・文部科学省後援
c-9011,実用英語技能検定3級,語学検定,語学・コミュニケーション,公的,日本英語検定協会実施・文部科学省後援
c-9012,実用英語技能検定4級,語学検定,語学・コミュニケーション,公的,日本英語検定協会実施・文部科学省後援
c-9013,実用英語技能検定5級,語学検定,語学・コミュニケーション,公的,日本英語検定協会実施・文部科学省後援
c-9014,日本語能力試験(JLPT),語学検定,語学・コミュニケーション,公的,国際交流基金・日本国際教育支援協会が実施する公的試験
c-9016,登録日本語教員,日本語教育,教育・保育・学術,国家,日本語教育の適正・確実な実施に関する法律に基づく国家資格(2024年施行)
c-9017,一等無人航空機操縦士,無人航空機,運輸・運転・航空,国家,航空法に基づく国家資格(無人航空機操縦者技能証明・2022年開始)
c-9018,二等無人航空機操縦士,無人航空機,運輸・運転・航空,国家,航空法に基づく国家資格(無人航空機操縦者技能証明・2022年開始)
c-9019,賃貸不動産経営管理士,不動産関連,不動産,国家,賃貸住宅の管理業務等の適正化に関する法律に基づく国家資格(2021年国家資格化)
c-9020,メンタルヘルス・マネジメント検定I種(マスターコース),経営・労務,会計・金融・経営,公的,大阪商工会議所主催の公的検定
c-9021,メンタルヘルス・マネジメント検定II種(ラインケアコース),経営・労務,会計・金融・経営,公的,大阪商工会議所主催の公的検定
c-9022,メンタルヘルス・マネジメント検定III種(セルフケアコース),経営・労務,会計・金融・経営,公的,大阪商工会議所主催の公的検定
c-9023,実用数学技能検定(数学検定),筆記技能,語学・コミュニケーション,公的,日本数学検定協会実施・文部科学省後援
c-9024,eco検定(環境社会検定試験),環境,安全・環境・危険物,公的,東京商工会議所主催の公的検定
c-9025,ビジネス会計検定,会計事務,会計・金融・経営,公的,大阪商工会議所主催の公的検定
c-9026,個人情報保護士認定試験,情報管理,IT・情報処理,民間,全日本情報学習振興協会認定の民間資格
c-9027,世界遺産検定,教養検定,教育・保育・学術,民間,世界遺産アカデミー・NPO日本ユネスコ協会連盟認定の民間検定
c-9028,食生活アドバイザー,食育,食品・調理・栄養,民間,FLAネットワーク協会(一般社団法人)認定の民間資格
c-9029,ニュース時事能力検定,教養検定,教育・保育・学術,民間,日本ニュース時事能力検定協会認定の民間検定
c-9030,マーケティング検定,経営・労務,会計・金融・経営,公的,日本マーケティング協会主催・内閣府認定の公的検定
c-9031,マイクロソフト オフィス スペシャリスト(MOS),OA機器操作,IT・情報処理,民間,マイクロソフト認定のオフィスソフト活用スキル資格(オデッセイ コミュニケーションズ実施)
c-9032,LPIC(Linux技術者認定),情報処理技術,IT・情報処理,民間,Linux Professional Institute認定のLinux技術者資格
c-9033,AWS認定 クラウドプラクティショナー,情報処理技術,IT・情報処理,民間,アマゾン ウェブ サービス(AWS)認定のクラウド基礎資格
c-9034,ウェブ解析士,情報処理技術,IT・情報処理,民間,一般社団法人ウェブ解析士協会認定の民間資格
c-9035,ネットマーケティング検定,情報処理技術,IT・情報処理,民間,サーティファイ主催のインターネットマーケティング検定
c-9036,IoT検定,情報処理技術,IT・情報処理,民間,IoT検定制度委員会によるIoTの知識検定
c-9037,中国語検定,語学検定,語学・コミュニケーション,民間,日本中国語検定協会主催の中国語検定
c-9038,漢語水平考試(HSK),語学検定,語学・コミュニケーション,民間,中国政府公認の中国語能力標準化試験(国際的資格)
c-9039,ハングル能力検定,語学検定,語学・コミュニケーション,民間,ハングル能力検定協会主催の朝鮮語(韓国語)検定
c-9040,韓国語能力試験(TOPIK),語学検定,語学・コミュニケーション,公的,大韓民国政府(教育部)公認の韓国語能力試験
c-9041,実用フランス語技能検定(仏検),語学検定,語学・コミュニケーション,民間,公益財団法人フランス語教育振興協会(APEF)主催・文部科学省後援
c-9042,ドイツ語技能検定,語学検定,語学・コミュニケーション,民間,公益財団法人ドイツ語学文学振興会主催の独検
c-9043,TOEFL iBT,語学検定,語学・コミュニケーション,民間,米国ETS実施の英語能力試験(留学等で国際的に通用)
c-9044,IELTS,語学検定,語学・コミュニケーション,民間,英ブリティッシュ・カウンシル等が実施する国際英語力試験
c-9045,BJTビジネス日本語能力テスト,語学検定,語学・コミュニケーション,公的,日本漢字能力検定協会実施のビジネス日本語能力テスト
c-9046,銀行業務検定,会計事務,会計・金融・経営,民間,銀行業務検定協会主催の金融実務検定
c-9047,DCプランナー(企業年金総合プランナー),経営・労務,会計・金融・経営,民間,金融財政事情研究会・日本商工会議所共催の企業年金資格
c-9048,給与計算実務能力検定,経営・労務,会計・金融・経営,民間,一般財団法人職業技能振興会・実務能力開発支援協会認定
c-9049,建設業経理士,会計事務,会計・金融・経営,公的,一般財団法人建設業振興基金実施(旧・建設業経理事務士。国土交通省登録経理試験)
c-9050,マイナンバー実務検定,情報管理,IT・情報処理,民間,全日本情報学習振興協会認定のマイナンバー制度の実務検定
c-9051,認定心理士,カウンセリング,福祉・介護・心理,民間,公益社団法人日本心理学会が認定する心理学の基礎資格
c-9052,医療情報技師,専門的事務,医療・看護・薬,民間,一般社団法人日本医療情報学会が認定する医療情報の専門資格
c-9053,サービス介助士,福祉・介護,福祉・介護・心理,民間,公益財団法人日本ケアフィット共育機構認定の高齢者・障害者サポート資格
c-9054,調剤薬局事務,専門的事務,商業・販売・事務,民間,複数の民間団体が実施する調剤報酬請求事務の資格
c-9055,歯科助手,専門的事務,医療・看護・薬,民間,複数の民間団体が実施する歯科診療補助・受付事務の資格
c-9056,整理収納アドバイザー,サービス(調理除く),美容・サービス・スポーツ,民間,特定非営利活動法人ハウスキーピング協会認定の整理収納の民間資格
c-9057,愛玩動物飼養管理士,動物看護・飼育,農林水産・動物,民間,公益社団法人日本愛玩動物協会認定のペット飼養管理資格
c-9058,家庭料理技能検定(料検),調理等,食品・調理・栄養,公的,女子栄養大学主催・文部科学省後援の料理技能検定
c-9059,唎酒師(ききさけし),調理等,食品・調理・栄養,民間,日本酒サービス研究会・酒匠研究会連合会(SSI)認定の日本酒提供資格
c-9060,日本酒検定,調理等,食品・調理・栄養,民間,日本酒サービス研究会・酒匠研究会連合会(SSI)主催の日本酒知識検定
c-9061,日本茶インストラクター,調理等,食品・調理・栄養,民間,NPO法人日本茶インストラクター協会認定の日本茶の専門資格
c-9062,パーソナルカラリスト検定,デザイン,デザイン・美術・文化,民間,一般社団法人日本パーソナルカラリスト協会主催の色彩・配色検定
c-9063,終活カウンセラー,カウンセリング,福祉・介護・心理,民間,一般社団法人終活カウンセラー協会認定の終活支援資格
c-9064,コーヒーインストラクター,調理等,食品・調理・栄養,民間,全日本コーヒー商工組合連合会(J.C.Q.A.)認定のコーヒー資格
c-9065,ガス主任技術者,危険物・環境・エネルギー,建築・土木・設備,国家,経済産業省(実施:日本ガス機器検査協会)による国家資格。甲種・乙種・丙種
c-9066,サービス接遇検定,接客・サービス,美容・サービス・スポーツ,公的,実務技能検定協会主催・文部科学省後援の接遇技能検定
c-9067,相続診断士,経営・労務,会計・金融・経営,民間,一般社団法人相続診断協会認定の相続知識資格
c-9068,文書情報管理士,情報管理,IT・情報処理,民間,公益社団法人日本文書情報マネジメント協会(JIIMA)認定資格
c-9069,損害保険募集人一般試験,保険・金融,会計・金融・経営,民間,日本損害保険協会実施の損害保険募集人資格試験
