slug,checked_at,fields_checked,result,note,source_url
c-3201,2026-06-21,type|authority|official_url|eligibility|pass_rate|fee|frequency,ok,一次情報照合・誤りなし,
c-3202,2026-06-21,type|authority|official_url|eligibility|pass_rate|fee|frequency,ok,一次情報照合・誤りなし,
c-3203,2026-06-21,type|authority|official_url|eligibility|pass_rate|fee|frequency,ok,一次情報照合・誤りなし,
c-3204,2026-06-21,eligibility,corrected,受験資格を訂正:旧『実務経験3年以上(必須)』は誤り。受験制限なし、実務10年は実地免除条件,https://www.maff.go.jp/j/nousin/kikaku/kantisi/index.html
c-3205,2026-06-21,type|authority|official_url|eligibility|pass_rate|fee|frequency,ok,一次情報照合・誤りなし,
c-3206,2026-06-21,type|type_confidence|type_reason|authority|official_url,type_set,要確認→公的(国交大臣登録の登録証明事業)。実施団体/URLも補完,https://www.retpc.jp/consul/
c-3207,2026-06-21,type|authority|official_url|eligibility|pass_rate|fee|frequency,ok,一次情報照合・誤りなし,
c-3208,2026-06-21,type|type_confidence|type_reason,type_set,要確認→民間(法令根拠なし。準公的扱い),https://repco.gr.jp/information/reform_manager
c-3209,2026-06-21,type|authority|official_url|eligibility|pass_rate|fee|frequency,ok,一次情報照合・誤りなし,
c-3210,2026-06-21,type|authority|official_url|eligibility|pass_rate|fee|frequency,ok,一次情報照合・誤りなし,
c-2401,2026-06-21,type|authority|official_url|eligibility|pass_rate|fee|frequency,ok,一次情報照合・誤りなし,
c-2402,2026-06-21,type|authority|official_url|eligibility|pass_rate|fee|frequency,ok,一次情報照合・誤りなし,
c-2403,2026-06-21,type|authority|official_url|eligibility|pass_rate|fee|frequency,ok,一次情報照合・誤りなし,
c-2404,2026-06-21,type|authority|official_url|eligibility|pass_rate|fee|frequency,ok,一次情報照合・誤りなし,
c-2405,2026-06-21,type|authority|official_url|eligibility|pass_rate|fee|frequency,ok,一次情報照合・誤りなし,
c-2406,2026-06-21,type|authority|official_url|eligibility|pass_rate|fee|frequency,ok,一次情報照合・誤りなし,
c-2407,2026-06-21,type|authority|official_url|eligibility|pass_rate|fee|frequency,ok,一次情報照合・誤りなし,
c-2408,2026-06-21,type|authority|official_url|eligibility|pass_rate|fee|frequency,ok,一次情報照合・誤りなし,
c-2409,2026-06-21,type|authority|official_url|eligibility|pass_rate|fee|frequency,ok,一次情報照合・誤りなし,
c-3701,2026-06-21,type|authority|official_url|eligibility|pass_rate|fee|frequency,ok,一次情報照合・誤りなし,
c-1001,2026-06-21,type|type_confidence|type_reason,type_set,要確認→国家(家畜改良増殖法に基づく免許),https://ja.wikipedia.org/wiki/家畜人工授精師
c-1002,2026-06-21,type|type_confidence|type_reason,type_set,要確認→民間(中央畜産会認定),https://jlia.lin.gr.jp/next-chikusan/guide/chikusan_consul/
c-1003,2026-06-21,type|type_confidence|type_reason,type_set,要確認→民間(畜産技術協会実施),http://jlta.lin.gr.jp/chick/admission.html
c-1004,2026-06-21,type|type_confidence|type_reason,type_set,要確認→民間(日本森林技術協会),https://www.jafta.or.jp/contents/gishi/
c-1005,2026-06-21,type|authority|official_url|eligibility|pass_rate|fee|frequency,ok,一次情報照合・誤りなし,
c-1006,2026-06-21,type|authority|official_url|eligibility|pass_rate|fee|frequency,ok,一次情報照合・誤りなし,
c-1007,2026-06-21,type|authority|official_url|eligibility|pass_rate|fee|frequency,ok,一次情報照合・誤りなし,
c-4601,2026-06-21,type|authority|official_url|eligibility|pass_rate|fee|frequency,ok,一次情報照合・誤りなし,
c-4602,2026-06-21,type|authority|official_url|eligibility|pass_rate|fee|frequency,ok,一次情報照合・誤りなし,
c-4603,2026-06-21,type|authority|official_url|eligibility|pass_rate|fee|frequency,ok,一次情報照合・誤りなし,
c-3001,2026-06-21,type|authority|official_url|eligibility|pass_rate|fee|frequency,ok,一次情報照合・誤りなし,
c-3002,2026-06-21,type|authority|official_url|eligibility|pass_rate|fee|frequency,ok,一次情報照合・誤りなし,
c-3003,2026-06-21,type|authority|official_url|eligibility|pass_rate|fee|frequency,ok,一次情報照合・誤りなし,
c-3004,2026-06-21,type|authority|official_url|eligibility|pass_rate|fee|frequency,ok,一次情報照合・誤りなし,
c-3005,2026-06-21,authority|type|type_confidence|type_reason,corrected,authority法人格訂正(公益財団法人→一般社団法人)+type確定:民間,https://www.jcinet.or.jp/examination/pop/
c-3006,2026-06-21,authority|type|type_confidence|type_reason,corrected,authority法人格訂正+type確定:民間,https://www.jcinet.or.jp/examination/pop/
c-3007,2026-06-21,authority|type|type_confidence|type_reason,corrected,authority法人格訂正+type確定:民間,https://www.jcinet.or.jp/examination/pop/
c-3009,2026-06-21,type|type_confidence|type_reason,type_set,要確認→民間(CG-ARTS検定),https://www.cgarts.or.jp/kentei/cg/
c-3010,2026-06-21,type|type_confidence|type_reason,type_set,要確認→民間(CG-ARTS検定),https://www.cgarts.or.jp/kentei/cg/
c-3012,2026-06-21,type|authority|official_url|eligibility|pass_rate|fee|frequency,ok,一次情報照合・誤りなし,
c-3013,2026-06-21,type|authority|official_url|eligibility|pass_rate|fee|frequency,ok,一次情報照合・誤りなし,
c-3014,2026-06-21,type|authority|official_url|eligibility|pass_rate|fee|frequency,ok,一次情報照合・誤りなし,
c-3015,2026-06-21,type|type_confidence|type_reason,type_set,要確認→民間(AMEI主催MIDI検定),https://www.midilicense.com/
c-3016,2026-06-21,type|type_confidence|type_reason,type_set,要確認→民間(AMEI主催MIDI検定),https://www.midilicense.com/
c-3017,2026-06-21,type|type_confidence|type_reason,type_set,要確認→民間(AMEI主催MIDI検定),https://www.midilicense.com/
c-1701,2026-06-21,type|authority|official_url|eligibility|pass_rate|fee|frequency,ok,一次情報照合・誤りなし,
c-1702,2026-06-21,type|authority|official_url|eligibility|pass_rate|fee|frequency,ok,一次情報照合・誤りなし,
c-1703,2026-06-21,type|authority|official_url|eligibility|pass_rate|fee|frequency,ok,一次情報照合・誤りなし,
c-1704,2026-06-21,type|authority|official_url|eligibility|pass_rate|fee|frequency,ok,一次情報照合・誤りなし,
c-1801,2026-06-21,type|authority|official_url|eligibility|pass_rate|fee|frequency,ok,一次情報照合・誤りなし,
c-1802,2026-06-21,type|authority|official_url|eligibility|pass_rate|fee|frequency,ok,一次情報照合・誤りなし,
c-1803,2026-06-21,type|authority|official_url|eligibility|pass_rate|fee|frequency,ok,一次情報照合・誤りなし,
c-1804,2026-06-21,type|authority|official_url|eligibility|pass_rate|fee|frequency,ok,一次情報照合・誤りなし,
c-1901,2026-06-21,type|authority|official_url|eligibility|pass_rate|fee|frequency,ok,一次情報照合・誤りなし,
c-1902,2026-06-21,type|authority|official_url|eligibility|pass_rate|fee|frequency,ok,一次情報照合・誤りなし,
c-1903,2026-06-21,type|authority|official_url|eligibility|pass_rate|fee|frequency,ok,一次情報照合・誤りなし,
c-1904,2026-06-21,type|authority|official_url|eligibility|pass_rate|fee|frequency,ok,一次情報照合・誤りなし,
c-1905,2026-06-21,type|authority|official_url|eligibility|pass_rate|fee|frequency,ok,一次情報照合・誤りなし,
c-1906,2026-06-21,type|authority|official_url|eligibility|pass_rate|fee|frequency,ok,一次情報照合・誤りなし,
c-1907,2026-06-21,type|authority|official_url|eligibility|pass_rate|fee|frequency,ok,一次情報照合・誤りなし,
c-1908,2026-06-21,type|authority|official_url|eligibility|pass_rate|fee|frequency,ok,一次情報照合・誤りなし,
c-1909,2026-06-21,type|authority|official_url|eligibility|pass_rate|fee|frequency,ok,一次情報照合・誤りなし,
c-1910,2026-06-21,type|authority|official_url|eligibility|pass_rate|fee|frequency,ok,一次情報照合・誤りなし,
c-2101,2026-06-21,type|authority|official_url|eligibility|pass_rate|fee|frequency,ok,一次情報照合・誤りなし,
c-2102,2026-06-21,type|authority|official_url|eligibility|pass_rate|fee|frequency,ok,一次情報照合・誤りなし,
c-2103,2026-06-21,type|authority|official_url|eligibility|pass_rate|fee|frequency,ok,一次情報照合・誤りなし,
c-2104,2026-06-21,type|authority|official_url|eligibility|pass_rate|fee|frequency,ok,一次情報照合・誤りなし,
c-2105,2026-06-21,type|authority|official_url|eligibility|pass_rate|fee|frequency,ok,一次情報照合・誤りなし,
c-2107,2026-06-21,type|authority|official_url|eligibility|pass_rate|fee|frequency,ok,一次情報照合・誤りなし,
c-2108,2026-06-21,type|authority|official_url|eligibility|pass_rate|fee|frequency,ok,一次情報照合・誤りなし,
c-2201,2026-06-21,type|authority|official_url|eligibility|pass_rate|fee|frequency,ok,一次情報照合・誤りなし,
c-2202,2026-06-21,type|authority|official_url|eligibility|pass_rate|fee|frequency,ok,一次情報照合・誤りなし,
c-2203,2026-06-21,type|authority|official_url|eligibility|pass_rate|fee|frequency,ok,一次情報照合・誤りなし,
c-2204,2026-06-21,type|authority|official_url|eligibility|pass_rate|fee|frequency,ok,一次情報照合・誤りなし,
c-2205,2026-06-21,type|authority|official_url|eligibility|pass_rate|fee|frequency,ok,一次情報照合・誤りなし,
c-2206,2026-06-21,type|authority|official_url|eligibility|pass_rate|fee|frequency,ok,一次情報照合・誤りなし,
c-2207,2026-06-21,type|authority|official_url|eligibility|pass_rate|fee|frequency,ok,一次情報照合・誤りなし,
c-2209,2026-06-21,type|type_confidence|type_reason,type_set,要確認→民間(日本認知症ケア学会認定),https://www.chihoucare.org/
c-2210,2026-06-21,authority|official_url,corrected,指定試験機関の法人名変更(2024-06 日本心理研修センター→公認心理師試験研修センター)を反映。URLも更新,https://www.jccpp.or.jp/
c-2301,2026-06-21,type|authority|official_url|eligibility|pass_rate|fee|frequency,ok,一次情報照合・誤りなし,
c-2302,2026-06-21,type|authority|official_url|eligibility|pass_rate|fee|frequency,ok,一次情報照合・誤りなし,
c-2303,2026-06-21,type|authority|official_url|eligibility|pass_rate|fee|frequency,ok,一次情報照合・誤りなし,
c-2304,2026-06-21,type|authority|official_url|eligibility|pass_rate|fee|frequency,ok,一次情報照合・誤りなし,
c-2305,2026-06-21,type|authority|official_url|eligibility|pass_rate|fee|frequency,ok,一次情報照合・誤りなし,
c-2306,2026-06-21,type|authority|official_url|eligibility|pass_rate|fee|frequency,ok,一次情報照合・誤りなし,
c-2307,2026-06-21,type|authority|official_url|eligibility|pass_rate|fee|frequency,ok,一次情報照合・誤りなし,
c-2308,2026-06-21,type|authority|official_url|eligibility|pass_rate|fee|frequency,ok,一次情報照合・誤りなし,
c-2309,2026-06-21,fee,corrected,"受験料を現行額に訂正(旧18,000円→22,000円)",https://www.jyoubun-center.or.jp/slit/exam/about/
c-2310,2026-06-21,type|authority|official_url|eligibility|pass_rate|fee|frequency,ok,一次情報照合・誤りなし,
c-2311,2026-06-21,type|authority|official_url|eligibility|pass_rate|fee|frequency,ok,一次情報照合・誤りなし,
c-2312,2026-06-21,type|authority|official_url|eligibility|pass_rate|fee|frequency,ok,一次情報照合・誤りなし,
c-2313,2026-06-21,type|authority|official_url|eligibility|pass_rate|fee|frequency,ok,一次情報照合・誤りなし,
c-2314,2026-06-21,type|authority|official_url|eligibility|pass_rate|fee|frequency,ok,一次情報照合・誤りなし,
c-3104,2026-06-21,type|authority|official_url|eligibility|pass_rate|fee|frequency,ok,一次情報照合・誤りなし,
c-3105,2026-06-21,type|authority|official_url|eligibility|pass_rate|fee|frequency,ok,一次情報照合・誤りなし,
c-3106,2026-06-21,type|authority|official_url|eligibility|pass_rate|fee|frequency,ok,一次情報照合・誤りなし,
c-3107,2026-06-21,type|authority|official_url|eligibility|pass_rate|fee|frequency,ok,一次情報照合・誤りなし,
c-3108,2026-06-21,type|authority|official_url|eligibility|pass_rate|fee|frequency,ok,一次情報照合・誤りなし,
c-3109,2026-06-21,type|authority|official_url|eligibility|pass_rate|fee|frequency,ok,一次情報照合・誤りなし,
c-3110,2026-06-21,type|authority|official_url|eligibility|pass_rate|fee|frequency,ok,一次情報照合・誤りなし,
c-3111,2026-06-21,type|authority|official_url|eligibility|pass_rate|fee|frequency,ok,一次情報照合・誤りなし,
c-3112,2026-06-21,type|authority|official_url|eligibility|pass_rate|fee|frequency,ok,一次情報照合・誤りなし,
c-2601,2026-06-21,type|authority|official_url|eligibility|pass_rate|fee|frequency,ok,一次情報照合・誤りなし,
c-2602,2026-06-21,type|authority|official_url|eligibility|pass_rate|fee|frequency,ok,一次情報照合・誤りなし,
c-2603,2026-06-21,type|authority|official_url|eligibility|pass_rate|fee|frequency,ok,一次情報照合・誤りなし,
c-2604,2026-06-21,type|authority|official_url|eligibility|pass_rate|fee|frequency,ok,一次情報照合・誤りなし,
c-2608,2026-06-21,type|authority|official_url|eligibility|pass_rate|fee|frequency,ok,一次情報照合・誤りなし,
c-2609,2026-06-21,type|authority|official_url|eligibility|pass_rate|fee|frequency,ok,一次情報照合・誤りなし,
c-2610,2026-06-21,type|authority|official_url|eligibility|pass_rate|fee|frequency,ok,一次情報照合・誤りなし,
c-2701,2026-06-21,type|authority|official_url|eligibility|pass_rate|fee|frequency,ok,一次情報照合・誤りなし,
c-2702,2026-06-21,type|authority|official_url|eligibility|pass_rate|fee|frequency,ok,一次情報照合・誤りなし,
c-2703,2026-06-21,type|authority|official_url|eligibility|pass_rate|fee|frequency,ok,一次情報照合・誤りなし,
c-2704,2026-06-21,type|authority|official_url|eligibility|pass_rate|fee|frequency,ok,一次情報照合・誤りなし,
c-2801,2026-06-21,type|type_confidence|type_reason,type_set,要確認→公的(厚労省認定の専任教員養成講習会修了),https://www.mhlw.go.jp/
c-2802,2026-06-21,type|authority|official_url|eligibility|pass_rate|fee|frequency,ok,一次情報照合・誤りなし,
c-2803,2026-06-21,type|type_confidence|type_reason,type_set,要確認→公的(道交法に基づき都道府県公安委員会が資格者証交付),https://ja.wikipedia.org/wiki/指定自動車教習所
c-2804,2026-06-21,type|type_confidence|type_reason,type_set,要確認→民間(職業教育・キャリア教育財団が認定),https://www.sgec.or.jp/
c-2805,2026-06-21,type|type_confidence|type_reason,type_set,要確認→民間(職業教育・キャリア教育財団が認定),https://www.sgec.or.jp/
c-2811,2026-06-21,type|type_confidence|type_reason,type_set,要確認→民間(養成講座修了。国家資格でない),https://www.bunka.go.jp/
c-2813,2026-06-21,type|type_confidence|type_reason,type_set,要確認→民間(JEES実施の検定),https://www.jees.or.jp/jltct/
c-1101,2026-06-21,type|authority|official_url|eligibility|pass_rate|fee|frequency,ok,一次情報照合・誤りなし,
c-1102,2026-06-21,type|type_confidence|type_reason,type_set,要確認→民間(日本冷凍空調学会認定),https://www.jsrae.or.jp/gishi/gishi.html
c-1103,2026-06-21,type|type_confidence|type_reason,type_set,要確認→公的(食品衛生法に基づく都道府県知事認定講習),https://www.fukushihoken.metro.tokyo.lg.jp/
c-2001,2026-06-21,type|authority|official_url|eligibility|pass_rate|fee|frequency,ok,一次情報照合・誤りなし,
c-2002,2026-06-21,type|authority|official_url|eligibility|pass_rate|fee|frequency,ok,一次情報照合・誤りなし,
c-4401,2026-06-21,type|authority|official_url|eligibility|pass_rate|fee|frequency,ok,一次情報照合・誤りなし,
c-4402,2026-06-21,type|authority|official_url|eligibility|pass_rate|fee|frequency,ok,一次情報照合・誤りなし,
c-4403,2026-06-21,type|type_confidence|type_reason,type_set,要確認→公的(都道府県条例に基づく業務独占資格),https://ja.wikipedia.org/wiki/ふぐ調理師
c-4404,2026-06-21,type|type_confidence|type_reason,type_set,要確認→民間(全国水産小売業協同組合連合会認定),https://www.shikaku-king.com/tyouri-eisei/sengyosi/
c-4405,2026-06-21,type|type_confidence|type_reason,type_set,要確認→民間(鮮魚士),https://www.shikaku-king.com/tyouri-eisei/sengyosi/
c-4406,2026-06-21,type|type_confidence|type_reason,type_set,要確認→民間(鮮魚士),https://www.shikaku-king.com/tyouri-eisei/sengyosi/
c-4410,2026-06-21,type|type_confidence|type_reason,type_set,要確認→民間(日本惣菜協会認定),https://www.nsouzai-kyoukai.or.jp/training/rmm/
c-4411,2026-06-21,type|type_confidence|type_reason,type_set,要確認→民間(日本惣菜協会認定),https://www.nsouzai-kyoukai.or.jp/training/rmm/
c-4412,2026-06-21,type|type_confidence|type_reason,type_set,要確認→民間(日本惣菜協会認定),https://www.nsouzai-kyoukai.or.jp/training/rmm/
c-4413,2026-06-21,type|authority|official_url|eligibility|pass_rate|fee|frequency,ok,一次情報照合・誤りなし,
c-4414,2026-06-21,type|authority|official_url|eligibility|pass_rate|fee|frequency,ok,一次情報照合・誤りなし,
c-6001,2026-06-21,type|authority|official_url|eligibility|pass_rate|fee|frequency,ok,一次情報照合・誤りなし,
c-6002,2026-06-21,type|authority|official_url|eligibility|pass_rate|fee|frequency,ok,一次情報照合・誤りなし,
c-6003,2026-06-21,type|authority|official_url|eligibility|pass_rate|fee|frequency,ok,一次情報照合・誤りなし,
c-6004,2026-06-21,type|authority|official_url|eligibility|pass_rate|fee|frequency,ok,一次情報照合・誤りなし,
c-6005,2026-06-21,type|authority|official_url|eligibility|pass_rate|fee|frequency,ok,一次情報照合・誤りなし,
c-6006,2026-06-21,type|authority|official_url|eligibility|pass_rate|fee|frequency,ok,一次情報照合・誤りなし,
c-6007,2026-06-21,type|authority|official_url|eligibility|pass_rate|fee|frequency,ok,一次情報照合・誤りなし,
c-6008,2026-06-21,type|authority|official_url|eligibility|pass_rate|fee|frequency,ok,一次情報照合・誤りなし,
c-6009,2026-06-21,type|authority|official_url|eligibility|pass_rate|fee|frequency,ok,一次情報照合・誤りなし,
c-6010,2026-06-21,type|authority|official_url|eligibility|pass_rate|fee|frequency,ok,一次情報照合・誤りなし,
c-6011,2026-06-21,type|authority|official_url|eligibility|pass_rate|fee|frequency,ok,一次情報照合・誤りなし,
c-6012,2026-06-21,type|authority|official_url|eligibility|pass_rate|fee|frequency,ok,一次情報照合・誤りなし,
c-6013,2026-06-21,type|authority|official_url|eligibility|pass_rate|fee|frequency,ok,一次情報照合・誤りなし,
c-6014,2026-06-21,type|authority|official_url|eligibility|pass_rate|fee|frequency,ok,一次情報照合・誤りなし,
c-6015,2026-06-21,type|authority|official_url|eligibility|pass_rate|fee|frequency,ok,一次情報照合・誤りなし,
