rank,slug,name,major,gsc_imp,likely_books,note
1,c-3859,情報処理技能検定試験(データベース)1級,IT・情報処理,288,1,
2,c-5111,1級金属熱処理技能士,機械・電気・ものづくり,164,1,
3,c-3813,ICTプロフィシエンシー検定(P検)2級,IT・情報処理,107,1,
4,c-1548,C言語プログラミング能力認定試験1級,IT・情報処理,106,1,
5,c-6621,レタリング技能検定1級,機械・電気・ものづくり,82,1,
6,c-6903,砂利採取業務主任者,土木・測量・建設,71,1,
7,c-7115,1級内装仕上げ施工技能士,建築・設備,70,1,
8,c-1557,CGクリエイター検定,IT・情報処理,66,1,
9,c-5603,2級機械保全技能士,機械・電気・ものづくり,57,1,
10,c-5809,2級産業車両整備技能士,機械・電気・ものづくり,57,1,
11,c-5605,1級機械検査技能士,機械・電気・ものづくり,55,1,
12,c-5211,高圧ガス移動監視者(液化天然ガス),機械・電気・ものづくり,55,0,
13,c-7407,浄化槽清掃技術者,安全・環境・危険物,49,0,
14,c-4106,印刷営業士,商業・販売・事務,48,1,
15,c-1323,建設業経理士1級,建築・設備,47,1,
16,c-1902,衛生検査技師,医療・看護・薬,46,1,
17,c-1312,特定建築物調査員,建築・設備,44,1,
18,c-3884,検索技術者検定3級,IT・情報処理,44,1,
19,c-3710,メディカルクラーク(医療事務技能審査),商業・販売・事務,35,1,
20,c-5720,1級プリント配線板製造技能士,機械・電気・ものづくり,34,1,
21,c-2505,ファイナンシャルプランナー(CFP/AFP),会計・金融・経営,30,1,
22,c-4809,小型特殊自動車免許,運輸・運転・航空,29,0,
23,c-6636,2級工業包装技能士,機械・電気・ものづくり,26,1,
24,c-1401,第1種ダム水路主任技術者,土木・測量・建設,24,0,
25,c-6617,トレース技能検定1級,機械・電気・ものづくり,23,1,
26,c-1503,システムアーキテクト,IT・情報処理,22,0,
27,c-7121,2級カーテンウォール施工技能士,建築・設備,21,1,
28,c-3840,MOS Outlook,IT・情報処理,20,1,
29,c-4331,1級ピアノ調律技能士,美容・サービス・スポーツ,20,1,
30,c-5417,1級めっき技能士,機械・電気・ものづくり,20,1,
31,c-3842,日商PC検定試験(文書作成)2級,IT・情報処理,19,1,
32,c-4519,核燃料物質等危険物運搬警備業務検定2級,安全・環境・危険物,19,1,
33,c-3724,介護事務管理士,商業・販売・事務,17,1,
34,c-6405,1級強化プラスチック成形技能士,機械・電気・ものづくり,17,1,
35,c-3610,珠算能力検定初段,会計・金融・経営,14,1,
36,c-3718,医療管理秘書士,商業・販売・事務,14,1,
37,c-2702,司書補,教育・保育・学術,13,0,
38,c-6601,1級表装技能士,機械・電気・ものづくり,10,1,
39,c-7123,2級サッシ施工技能士,建築・設備,8,1,
40,c-1325,建設業経理事務士3級,建築・設備,7,1,
41,c-3862,情報処理技能検定試験(データベース)4級,IT・情報処理,7,1,
42,c-4113,3級商品装飾展示技能士,商業・販売・事務,7,1,
43,c-3015,MIDI検定1級,デザイン・美術・文化,6,1,
44,c-7018,1級タイル張り技能士,建築・設備,6,1,
45,c-6810,CATV技術者,電気・通信,6,0,
46,c-1616,地質調査技士(区分なし又は旧「土質」),安全・環境・危険物,5,1,
47,c-2804,専修学校教員認定,教育・保育・学術,5,0,
48,c-1321,建築CAD検定試験2級,建築・設備,4,1,
49,c-3728,1級金融窓口サービス技能士,商業・販売・事務,4,1,
50,c-7114,2級厨房設備施工技能士,建築・設備,4,1,
51,c-2916,健康管理士一般指導員,美容・サービス・スポーツ,3,1,
52,c-3865,ディジタル技術検定3級,IT・情報処理,3,1,
53,c-4323,ブライダルプランナー検定1級,美容・サービス・スポーツ,3,1,
54,c-6613,CAD利用技術者2級,機械・電気・ものづくり,3,1,
55,c-2610,社会教育主事,教育・保育・学術,3,0,
56,c-4414,野菜ソムリエ,食品・調理・栄養,3,0,
57,c-3204,土地改良換地士,不動産,2,1,
58,c-3521,ビジネス能力検定ジョブパス1級,語学・コミュニケーション,2,1,
59,c-3720,医事コンピュータ技能検定準1級,商業・販売・事務,2,1,
60,c-4111,1級商品装飾展示技能士,商業・販売・事務,2,1,
61,c-4310,2級舞台機構調整技能士,美容・サービス・スポーツ,2,1,
62,c-5411,1級工場板金技能士,機械・電気・ものづくり,2,1,
63,c-6624,レタリング技能検定4級,機械・電気・ものづくり,2,1,
64,c-1238,1級電気通信工事施工管理技士,機械・電気・ものづくり,1,1,
65,c-3333,ビジネス中国語検定(A・B),語学・コミュニケーション,1,1,
66,c-3839,MOS Access,IT・情報処理,1,1,
67,c-4320,アロマテラピー検定1級,美容・サービス・スポーツ,1,1,
68,c-5001,第1級総合無線通信士,電気・通信,1,1,
69,c-5615,特級油圧装置調整技能士,機械・電気・ものづくり,1,1,
70,c-7016,2級ブロック建築技能士,建築・設備,1,1,
71,c-1508,プロジェクトマネージャ,IT・情報処理,1,0,
72,c-1004,林業技士,農林水産・動物,0,1,
73,c-1006,技術士(森林部門),農林水産・動物,0,1,
74,c-1007,技術士(水産部門),農林水産・動物,0,1,
75,c-1101,食品衛生管理者,食品・調理・栄養,0,1,
76,c-1102,食品冷凍技士,食品・調理・栄養,0,1,
77,c-1103,食品衛生責任者,食品・調理・栄養,0,1,
78,c-1210,電気通信主任技術者(線路),機械・電気・ものづくり,0,1,
79,c-1211,1級計装士,機械・電気・ものづくり,0,1,
80,c-1212,2級計装士,機械・電気・ものづくり,0,1,
81,c-1215,医療機器責任技術者,機械・電気・ものづくり,0,1,
82,c-1217,核燃料取扱主任者,機械・電気・ものづくり,0,1,
83,c-1218,第1種放射線取扱主任者,機械・電気・ものづくり,0,1,
84,c-1219,第2種放射線取扱主任者,機械・電気・ものづくり,0,1,
85,c-1233,技術士(金属部門),機械・電気・ものづくり,0,1,
86,c-1235,技術士(生物工学部門),機械・電気・ものづくり,0,1,
87,c-1236,技術士(資源工学部門),機械・電気・ものづくり,0,1,
88,c-1303,木造建築士,建築・設備,0,1,
89,c-1304,建築設備士,建築・設備,0,1,
90,c-1306,2級建設機械施工技士,建築・設備,0,1,
91,c-1309,商業施設士,建築・設備,0,1,
92,c-1310,建築設備検査員,建築・設備,0,1,
93,c-1314,設備管理士,建築・設備,0,1,
94,c-1320,建築CAD検定試験准1級,建築・設備,0,1,
95,c-1322,建築CAD検定試験3級,建築・設備,0,1,
96,c-1324,建設業経理士2級,建築・設備,0,1,
97,c-1326,建設業経理事務士4級,建築・設備,0,1,
98,c-1549,C言語プログラミング能力認定試験2級,IT・情報処理,0,1,
99,c-1550,C言語プログラミング能力認定試験3級,IT・情報処理,0,1,
100,c-1551,Webデザイナー検定(ベーシック),IT・情報処理,0,1,
101,c-1552,Webデザイナー検定(エキスパート),IT・情報処理,0,1,
102,c-1556,ホームページ作成検定,IT・情報処理,0,1,
103,c-1558,DTP検定,IT・情報処理,0,1,
104,c-1614,一般廃棄物処理施設技術管理士,安全・環境・危険物,0,1,
105,c-1615,産業廃棄物処理施設技術管理士,安全・環境・危険物,0,1,
106,c-1617,地質調査技士(区分なし又は旧「岩盤」),安全・環境・危険物,0,1,
107,c-1619,技術士(衛生工学部門),安全・環境・危険物,0,1,
108,c-1624,下水道第1種技術検定,安全・環境・危険物,0,1,
109,c-1625,下水道第2種技術検定,安全・環境・危険物,0,1,
110,c-2002,栄養士,食品・調理・栄養,0,1,
111,c-2201,労働衛生コンサルタント,医療・看護・薬,0,1,
112,c-2204,衛生工学衛生管理者,医療・看護・薬,0,1,
113,c-2205,義肢装具士,医療・看護・薬,0,1,
114,c-2310,福祉住環境コーディネーター検定,福祉・介護・心理,0,1,
115,c-2313,介護職員初任者研修修了者,福祉・介護・心理,0,1,
116,c-2314,介護職員実務者研修修了者,福祉・介護・心理,0,1,
117,c-2515,1級ファイナンシャル・プランニング技能士,会計・金融・経営,0,1,
118,c-2912,健康運動指導士,美容・サービス・スポーツ,0,1,
119,c-2917,健康管理士上級指導員,美容・サービス・スポーツ,0,1,
120,c-3001,1級フラワー装飾技能士,デザイン・美術・文化,0,1,
121,c-3002,2級フラワー装飾技能士,デザイン・美術・文化,0,1,
122,c-3005,POP検定(等級なし又は旧1級),デザイン・美術・文化,0,1,
123,c-3006,POP検定(等級なし又は旧2級),デザイン・美術・文化,0,1,
124,c-3007,POP検定(等級なし又は旧3級),デザイン・美術・文化,0,1,
125,c-3009,CGクリエイター検定エキスパート,デザイン・美術・文化,0,1,
126,c-3010,CGクリエイター検定ベーシック,デザイン・美術・文化,0,1,
127,c-3012,1級園芸装飾技能士,デザイン・美術・文化,0,1,
128,c-3013,2級園芸装飾技能士,デザイン・美術・文化,0,1,
129,c-3014,3級園芸装飾技能士,デザイン・美術・文化,0,1,
130,c-3016,MIDI検定2級,デザイン・美術・文化,0,1,
131,c-3017,MIDI検定3級,デザイン・美術・文化,0,1,
132,c-3107,1級キャリアコンサルティング技能士,福祉・介護・心理,0,1,
133,c-3108,2級キャリアコンサルティング技能士,福祉・介護・心理,0,1,
134,c-3205,土地区画整理士,不動産,0,1,
135,c-3313,工業英語能力検定1級,語学・コミュニケーション,0,1,
136,c-3314,工業英語能力検定2級,語学・コミュニケーション,0,1,
137,c-3315,工業英語能力検定3級,語学・コミュニケーション,0,1,
138,c-3316,工業英語能力検定4級,語学・コミュニケーション,0,1,
139,c-3325,実用フランス語技能検定1級,語学・コミュニケーション,0,1,
140,c-3326,実用フランス語技能検定2級,語学・コミュニケーション,0,1,
141,c-3329,中国語検定1級,語学・コミュニケーション,0,1,
142,c-3330,中国語検定2級,語学・コミュニケーション,0,1,
143,c-3331,ハングル能力検定1級,語学・コミュニケーション,0,1,
144,c-3332,ハングル能力検定2級,語学・コミュニケーション,0,1,
145,c-3335,日商ビジネス英語検定1級,語学・コミュニケーション,0,1,
146,c-3336,日商ビジネス英語検定2級,語学・コミュニケーション,0,1,
147,c-3337,日商ビジネス英語検定3級,語学・コミュニケーション,0,1,
148,c-3339,全商英語検定2級,語学・コミュニケーション,0,1,
149,c-3401,秘書検定1級,語学・コミュニケーション,0,1,
150,c-3404,CBS(国際秘書)検定,語学・コミュニケーション,0,1,
151,c-3405,医療秘書技能検定1級,語学・コミュニケーション,0,1,
152,c-3406,医療秘書技能検定2級,語学・コミュニケーション,0,1,
153,c-3407,医療秘書技能検定3級,語学・コミュニケーション,0,1,
154,c-3501,速記技能検定,語学・コミュニケーション,0,1,
155,c-3503,毛筆書写技能検定1級,語学・コミュニケーション,0,1,
156,c-3504,毛筆書写技能検定2級,語学・コミュニケーション,0,1,
157,c-3505,毛筆書写技能検定3級,語学・コミュニケーション,0,1,
158,c-3506,毛筆書写技能検定4級,語学・コミュニケーション,0,1,
159,c-3507,硬筆書写技能検定1級,語学・コミュニケーション,0,1,
160,c-3508,硬筆書写技能検定2級,語学・コミュニケーション,0,1,
161,c-3509,硬筆書写技能検定3級,語学・コミュニケーション,0,1,
162,c-3510,硬筆書写技能検定4級,語学・コミュニケーション,0,1,
163,c-3511,日本漢字能力検定1級,語学・コミュニケーション,0,1,
164,c-3513,ビジネス文書検定1級,語学・コミュニケーション,0,1,
165,c-3514,ビジネス文書検定2級,語学・コミュニケーション,0,1,
166,c-3515,ビジネス文書検定3級,語学・コミュニケーション,0,1,
167,c-3522,ビジネス能力検定ジョブパス2級,語学・コミュニケーション,0,1,
168,c-3523,ビジネス能力検定ジョブパス3級,語学・コミュニケーション,0,1,
169,c-3524,日本語検定1級,語学・コミュニケーション,0,1,
170,c-3525,日本語検定準1級,語学・コミュニケーション,0,1,
171,c-3526,日本語検定2級,語学・コミュニケーション,0,1,
172,c-3527,日本語検定準2級,語学・コミュニケーション,0,1,
173,c-3528,日本語検定3級,語学・コミュニケーション,0,1,
174,c-3529,日本語検定準3級,語学・コミュニケーション,0,1,
175,c-3530,日本語検定4級,語学・コミュニケーション,0,1,
176,c-3531,日本語検定準4級,語学・コミュニケーション,0,1,
177,c-3532,日本語検定5級,語学・コミュニケーション,0,1,
178,c-3533,日本語検定準5級,語学・コミュニケーション,0,1,
179,c-3534,日本語検定6級,語学・コミュニケーション,0,1,
180,c-3535,日本語検定準6級,語学・コミュニケーション,0,1,
181,c-3536,日本語検定7級,語学・コミュニケーション,0,1,
182,c-3537,日本語検定準7級,語学・コミュニケーション,0,1,
183,c-3601,珠算能力検定10段,会計・金融・経営,0,1,
184,c-3602,珠算能力検定9段,会計・金融・経営,0,1,
185,c-3603,珠算能力検定8段,会計・金融・経営,0,1,
186,c-3604,珠算能力検定7段,会計・金融・経営,0,1,
187,c-3605,珠算能力検定6段,会計・金融・経営,0,1,
188,c-3606,珠算能力検定5段,会計・金融・経営,0,1,
189,c-3607,珠算能力検定4段,会計・金融・経営,0,1,
190,c-3608,珠算能力検定3段,会計・金融・経営,0,1,
191,c-3609,珠算能力検定2段,会計・金融・経営,0,1,
192,c-3611,珠算能力検定1級,会計・金融・経営,0,1,
193,c-3612,珠算能力検定2級,会計・金融・経営,0,1,
194,c-3613,珠算能力検定3級,会計・金融・経営,0,1,
195,c-3615,所得税法能力検定試験1級,会計・金融・経営,0,1,
196,c-3616,所得税法能力検定試験2級,会計・金融・経営,0,1,
197,c-3617,所得税法能力検定試験3級,会計・金融・経営,0,1,
198,c-3619,法人税法能力検定試験1級,会計・金融・経営,0,1,
199,c-3620,法人税法能力検定試験2級,会計・金融・経営,0,1,
200,c-3621,法人税法能力検定試験3級,会計・金融・経営,0,1,
201,c-3627,簿記能力検定(全経1級),会計・金融・経営,0,1,
202,c-3628,簿記能力検定(全経2級),会計・金融・経営,0,1,
203,c-3629,簿記能力検定(全経3級),会計・金融・経営,0,1,
204,c-3630,簿記実務検定1級,会計・金融・経営,0,1,
205,c-3631,簿記実務検定2級,会計・金融・経営,0,1,
206,c-3632,簿記実務検定3級,会計・金融・経営,0,1,
207,c-3634,消費税法能力検定試験1級,会計・金融・経営,0,1,
208,c-3635,消費税法能力検定試験2級,会計・金融・経営,0,1,
209,c-3636,消費税法能力検定試験3級,会計・金融・経営,0,1,
210,c-3708,医療事務実務士1級,商業・販売・事務,0,1,
211,c-3709,医療事務実務士2級,商業・販売・事務,0,1,
212,c-3713,医療事務検定試験,商業・販売・事務,0,1,
213,c-3714,診療情報管理士,商業・販売・事務,0,1,
214,c-3716,医事管理士,商業・販売・事務,0,1,
215,c-3717,医療秘書士,商業・販売・事務,0,1,
216,c-3719,ドクターズクラーク(医師事務作業補助技能認定),商業・販売・事務,0,1,
217,c-3721,医事コンピュータ技能検定2級,商業・販売・事務,0,1,
218,c-3722,医事コンピュータ技能検定3級,商業・販売・事務,0,1,
219,c-3725,介護保険事務管理士,商業・販売・事務,0,1,
220,c-3726,調剤事務管理士,商業・販売・事務,0,1,
221,c-3727,医療事務管理士(医科・歯科),商業・販売・事務,0,1,
222,c-3729,2級金融窓口サービス技能士,商業・販売・事務,0,1,
223,c-3730,3級金融窓口サービス技能士,商業・販売・事務,0,1,
224,c-3801,日本語ワープロ検定1級,IT・情報処理,0,1,
225,c-3802,日本語ワープロ検定2級,IT・情報処理,0,1,
226,c-3803,日本語ワープロ検定3級,IT・情報処理,0,1,
227,c-3804,日本語ワープロ検定4級,IT・情報処理,0,1,
228,c-3812,ICTプロフィシエンシー検定(P検)1級,IT・情報処理,0,1,
229,c-3814,ICTプロフィシエンシー検定(P検)3級,IT・情報処理,0,1,
230,c-3815,MOS Excelエキスパート,IT・情報処理,0,1,
231,c-3817,MOS Wordエキスパート,IT・情報処理,0,1,
232,c-3820,電卓技能検定試験十段,IT・情報処理,0,1,
233,c-3821,電卓技能検定試験九段,IT・情報処理,0,1,
234,c-3822,電卓技能検定試験八段,IT・情報処理,0,1,
235,c-3823,電卓技能検定試験七段,IT・情報処理,0,1,
236,c-3824,電卓技能検定試験六段,IT・情報処理,0,1,
237,c-3825,電卓技能検定試験五段,IT・情報処理,0,1,
238,c-3826,電卓技能検定試験四段,IT・情報処理,0,1,
239,c-3827,電卓技能検定試験三段,IT・情報処理,0,1,
240,c-3828,電卓技能検定試験二段,IT・情報処理,0,1,
241,c-3829,電卓技能検定試験初段,IT・情報処理,0,1,
242,c-3830,電卓技能検定試験1級,IT・情報処理,0,1,
243,c-3831,電卓技能検定試験2級,IT・情報処理,0,1,
244,c-3832,電卓技能検定試験3級,IT・情報処理,0,1,
245,c-3838,MOS PowerPoint,IT・情報処理,0,1,
246,c-3841,日商PC検定試験(文書作成)1級,IT・情報処理,0,1,
247,c-3843,日商PC検定試験(文書作成)3級,IT・情報処理,0,1,
248,c-3844,日商PC検定試験(データ活用)1級,IT・情報処理,0,1,
249,c-3845,日商PC検定試験(データ活用)2級,IT・情報処理,0,1,
250,c-3846,日商PC検定試験(データ活用)3級,IT・情報処理,0,1,
251,c-3855,情報処理技能検定試験(表計算)初段~1級,IT・情報処理,0,1,
252,c-3856,情報処理技能検定試験(表計算)準1~2級,IT・情報処理,0,1,
253,c-3857,情報処理技能検定試験(表計算)準2~3級,IT・情報処理,0,1,
254,c-3858,情報処理技能検定試験(表計算)4級,IT・情報処理,0,1,
255,c-3860,情報処理技能検定試験(データベース)2級,IT・情報処理,0,1,
256,c-3861,情報処理技能検定試験(データベース)3級,IT・情報処理,0,1,
257,c-3863,ディジタル技術検定1級,IT・情報処理,0,1,
258,c-3864,ディジタル技術検定2級,IT・情報処理,0,1,
259,c-3866,ディジタル技術検定4級,IT・情報処理,0,1,
260,c-3873,情報処理検定1級,IT・情報処理,0,1,
261,c-3874,情報処理検定2級,IT・情報処理,0,1,
262,c-3875,情報処理検定3級,IT・情報処理,0,1,
263,c-3879,日商PC検定試験(プレゼン資料作成)1級,IT・情報処理,0,1,
264,c-3880,日商PC検定試験(プレゼン資料作成)2級,IT・情報処理,0,1,
265,c-3881,日商PC検定試験(プレゼン資料作成)3級,IT・情報処理,0,1,
266,c-3882,検索技術者検定1級,IT・情報処理,0,1,
267,c-3883,検索技術者検定2級,IT・情報処理,0,1,
268,c-3922,CS試験(情報セキュリティ部門),IT・情報処理,0,1,
269,c-4002,ビジネス・キャリア検定(経理・財務管理),会計・金融・経営,0,1,
270,c-4004,ビジネス・キャリア検定(生産管理),会計・金融・経営,0,1,
271,c-4005,ビジネス・キャリア検定(企業法務・総務),会計・金融・経営,0,1,
272,c-4007,ビジネス・キャリア検定(ロジスティクス),会計・金融・経営,0,1,
273,c-4011,ビジキャリ(経営情報システム),会計・金融・経営,0,1,
274,c-4012,ビジネス・キャリア検定(経営戦略),会計・金融・経営,0,1,
275,c-4105,高圧ガス販売主任者(第2種),商業・販売・事務,0,1,
276,c-4107,管理印刷営業士,商業・販売・事務,0,1,
277,c-4108,貿易実務検定,商業・販売・事務,0,1,
278,c-4109,中古自動車査定士,商業・販売・事務,0,1,
279,c-4110,衣料管理士1~2級,商業・販売・事務,0,1,
280,c-4112,2級商品装飾展示技能士,商業・販売・事務,0,1,
281,c-4309,1級舞台機構調整技能士,美容・サービス・スポーツ,0,1,
282,c-4311,3級舞台機構調整技能士,美容・サービス・スポーツ,0,1,
283,c-4314,総合旅程管理主任者,美容・サービス・スポーツ,0,1,
284,c-4315,国内旅程管理主任者,美容・サービス・スポーツ,0,1,
285,c-4317,ネイリスト技能検定試験1級,美容・サービス・スポーツ,0,1,
286,c-4318,ネイリスト技能検定試験2級,美容・サービス・スポーツ,0,1,
287,c-4319,ネイリスト技能検定試験3級,美容・サービス・スポーツ,0,1,
288,c-4321,アロマテラピー検定2級,美容・サービス・スポーツ,0,1,
289,c-4324,ブライダルプランナー検定2級,美容・サービス・スポーツ,0,1,
290,c-4328,1級レストランサービス技能士,美容・サービス・スポーツ,0,1,
291,c-4329,2級レストランサービス技能士,美容・サービス・スポーツ,0,1,
292,c-4330,3級レストランサービス技能士,美容・サービス・スポーツ,0,1,
293,c-4332,2級ピアノ調律技能士,美容・サービス・スポーツ,0,1,
294,c-4333,3級ピアノ調律技能士,美容・サービス・スポーツ,0,1,
295,c-4334,1級着付け技能士,美容・サービス・スポーツ,0,1,
296,c-4335,2級着付け技能士,美容・サービス・スポーツ,0,1,
297,c-4336,1級ブライダルコーディネート技能士,美容・サービス・スポーツ,0,1,
298,c-4337,2級ブライダルコーディネート技能士,美容・サービス・スポーツ,0,1,
299,c-4338,3級ブライダルコーディネート技能士,美容・サービス・スポーツ,0,1,
300,c-4402,専門調理師・調理技能士,食品・調理・栄養,0,1,
301,c-4403,ふぐ調理師,食品・調理・栄養,0,1,
302,c-4410,一級惣菜管理士,食品・調理・栄養,0,1,
303,c-4411,二級惣菜管理士,食品・調理・栄養,0,1,
304,c-4412,三級惣菜管理士,食品・調理・栄養,0,1,
305,c-4505,警備員検定試験(1級),安全・環境・危険物,0,1,
306,c-4506,警備員検定試験(2級),安全・環境・危険物,0,1,
307,c-4507,1級ビル設備管理技能士,安全・環境・危険物,0,1,
308,c-4508,2級ビル設備管理技能士,安全・環境・危険物,0,1,
309,c-4509,防火管理者(甲種・乙種),安全・環境・危険物,0,1,
310,c-4510,施設警備業務検定1級,安全・環境・危険物,0,1,
311,c-4511,施設警備業務検定2級,安全・環境・危険物,0,1,
312,c-4512,空港保安警備業務検定1級,安全・環境・危険物,0,1,
313,c-4513,空港保安警備業務検定2級,安全・環境・危険物,0,1,
314,c-4514,雑踏警備業務検定1級,安全・環境・危険物,0,1,
315,c-4515,雑踏警備業務検定2級,安全・環境・危険物,0,1,
316,c-4516,交通誘導警備業務検定1級,安全・環境・危険物,0,1,
317,c-4517,交通誘導警備業務検定2級,安全・環境・危険物,0,1,
318,c-4518,核燃料物質等危険物運搬警備業務検定1級,安全・環境・危険物,0,1,
319,c-4520,貴重品運搬警備業務検定1級,安全・環境・危険物,0,1,
320,c-4521,貴重品運搬警備業務検定2級,安全・環境・危険物,0,1,
321,c-4601,1級造園技能士,農林水産・動物,0,1,
322,c-4602,2級造園技能士,農林水産・動物,0,1,
323,c-4603,3級造園技能士,農林水産・動物,0,1,
324,c-4816,小型船舶操縦士,運輸・運転・航空,0,1,
325,c-4901,定期運送用操縦士,運輸・運転・航空,0,1,
326,c-4902,事業用操縦士(飛行機),運輸・運転・航空,0,1,
327,c-4903,事業用操縦士(回転翼航空機),運輸・運転・航空,0,1,
328,c-4904,自家用操縦士(飛行機),運輸・運転・航空,0,1,
329,c-4905,自家用操縦士(回転翼航空機),運輸・運転・航空,0,1,
330,c-4907,一等航空士,運輸・運転・航空,0,1,
331,c-4908,二等航空士,運輸・運転・航空,0,1,
332,c-4909,航空機関士,運輸・運転・航空,0,1,
333,c-5002,第2級総合無線通信士,電気・通信,0,1,
334,c-5003,第3級総合無線通信士,電気・通信,0,1,
335,c-5004,航空無線通信士,電気・通信,0,1,
336,c-5005,航空特殊無線技士,電気・通信,0,1,
337,c-5006,第一級陸上無線技術士,電気・通信,0,1,
338,c-5007,第二級陸上無線技術士,電気・通信,0,1,
339,c-5008,第一級陸上特殊無線技士,電気・通信,0,1,
340,c-5009,第二級陸上特殊無線技士,電気・通信,0,1,
341,c-5010,第三級陸上特殊無線技士,電気・通信,0,1,
342,c-5011,国内電信級陸上特殊無線技士,電気・通信,0,1,
343,c-5101,鉛作業主任者,機械・電気・ものづくり,0,1,
344,c-5102,四アルキル鉛等作業主任者,機械・電気・ものづくり,0,1,
345,c-5103,1級金属溶解技能士,機械・電気・ものづくり,0,1,
346,c-5104,2級金属溶解技能士,機械・電気・ものづくり,0,1,
347,c-5105,特級鋳造技能士,機械・電気・ものづくり,0,1,
348,c-5106,1級鋳造技能士,機械・電気・ものづくり,0,1,
349,c-5107,2級鋳造技能士,機械・電気・ものづくり,0,1,
350,c-5108,1級鍛造技能士,機械・電気・ものづくり,0,1,
351,c-5109,2級鍛造技能士,機械・電気・ものづくり,0,1,
352,c-5110,特級金属熱処理技能士,機械・電気・ものづくり,0,1,
353,c-5112,2級金属熱処理技能士,機械・電気・ものづくり,0,1,
354,c-5113,3級金属熱処理技能士,機械・電気・ものづくり,0,1,
355,c-5114,1級粉末冶金技能士,機械・電気・ものづくり,0,1,
356,c-5115,2級粉末冶金技能士,機械・電気・ものづくり,0,1,
357,c-5116,1級金属材料試験技能士,機械・電気・ものづくり,0,1,
358,c-5117,2級金属材料試験技能士,機械・電気・ものづくり,0,1,
359,c-5201,化学設備関係第一種圧力容器取扱作業主任者,機械・電気・ものづくり,0,1,
360,c-5202,有機溶剤作業主任者,機械・電気・ものづくり,0,1,
361,c-5203,特定化学物質作業主任者,機械・電気・ものづくり,0,1,
362,c-5204,1級化学分析技能士,機械・電気・ものづくり,0,1,
363,c-5205,2級化学分析技能士,機械・電気・ものづくり,0,1,
364,c-5303,1級陶磁器製造技能士,機械・電気・ものづくり,0,1,
365,c-5304,2級陶磁器製造技能士,機械・電気・ものづくり,0,1,
366,c-5307,1級石材施工技能士,機械・電気・ものづくり,0,1,
367,c-5308,2級石材施工技能士,機械・電気・ものづくり,0,1,
368,c-5401,特級機械加工技能士,機械・電気・ものづくり,0,1,
369,c-5402,1級機械加工技能士,機械・電気・ものづくり,0,1,
370,c-5403,2級機械加工技能士,機械・電気・ものづくり,0,1,
371,c-5404,3級機械加工技能士,機械・電気・ものづくり,0,1,
372,c-5405,特級放電加工技能士,機械・電気・ものづくり,0,1,
373,c-5406,1級放電加工技能士,機械・電気・ものづくり,0,1,
374,c-5407,2級放電加工技能士,機械・電気・ものづくり,0,1,
375,c-5408,1級鉄工技能士,機械・電気・ものづくり,0,1,
376,c-5409,2級鉄工技能士,機械・電気・ものづくり,0,1,
377,c-5410,特級工場板金技能士,機械・電気・ものづくり,0,1,
378,c-5412,2級工場板金技能士,機械・電気・ものづくり,0,1,
379,c-5413,1級建築板金技能士,機械・電気・ものづくり,0,1,
380,c-5414,2級建築板金技能士,機械・電気・ものづくり,0,1,
381,c-5415,溶射技能士,機械・電気・ものづくり,0,1,
382,c-5416,特級めっき技能士,機械・電気・ものづくり,0,1,
383,c-5418,2級めっき技能士,機械・電気・ものづくり,0,1,
384,c-5419,3級めっき技能士,機械・電気・ものづくり,0,1,
385,c-5420,1級アルミニウム陽極酸化処理技能士,機械・電気・ものづくり,0,1,
386,c-5421,2級アルミニウム陽極酸化処理技能士,機械・電気・ものづくり,0,1,
387,c-5422,プレス機械作業主任者,機械・電気・ものづくり,0,1,
388,c-5423,特級金属プレス加工技能士,機械・電気・ものづくり,0,1,
389,c-5424,1級金属プレス加工技能士,機械・電気・ものづくり,0,1,
390,c-5425,2級金属プレス加工技能士,機械・電気・ものづくり,0,1,
391,c-5426,1級金属ばね製造技能士,機械・電気・ものづくり,0,1,
392,c-5427,2級金属ばね製造技能士,機械・電気・ものづくり,0,1,
393,c-5428,1級ロープ加工技能士,機械・電気・ものづくり,0,1,
394,c-5429,2級ロープ加工技能士,機械・電気・ものづくり,0,1,
395,c-5431,特級仕上げ技能士,機械・電気・ものづくり,0,1,
396,c-5432,1級仕上げ技能士,機械・電気・ものづくり,0,1,
397,c-5433,2級仕上げ技能士,機械・電気・ものづくり,0,1,
398,c-5438,特級金型製作技能士,機械・電気・ものづくり,0,1,
399,c-5439,1級金型製作技能士,機械・電気・ものづくり,0,1,
400,c-5440,2級金型製作技能士,機械・電気・ものづくり,0,1,
401,c-5441,1級切削工具研削技能士,機械・電気・ものづくり,0,1,
402,c-5442,2級切削工具研削技能士,機械・電気・ものづくり,0,1,
403,c-5443,特級ダイカスト技能士,機械・電気・ものづくり,0,1,
404,c-5444,1級ダイカスト技能士,機械・電気・ものづくり,0,1,
405,c-5445,2級ダイカスト技能士,機械・電気・ものづくり,0,1,
406,c-5502,普通ボイラ-溶接士,機械・電気・ものづくり,0,1,
407,c-5510,ガス圧接技量検定1種,機械・電気・ものづくり,0,1,
408,c-5511,ガス圧接技量検定2種,機械・電気・ものづくり,0,1,
409,c-5512,ガス圧接技量検定3種,機械・電気・ものづくり,0,1,
410,c-5513,ガス圧接技量検定4種,機械・電気・ものづくり,0,1,
411,c-5601,特級機械保全技能士,機械・電気・ものづくり,0,1,
412,c-5602,1級機械保全技能士,機械・電気・ものづくり,0,1,
413,c-5604,特級機械検査技能士,機械・電気・ものづくり,0,1,
414,c-5606,2級機械検査技能士,機械・電気・ものづくり,0,1,
415,c-5607,3級機械検査技能士,機械・電気・ものづくり,0,1,
416,c-5608,特級内燃機関組立て技能士,機械・電気・ものづくり,0,1,
417,c-5609,1級内燃機関組立て技能士,機械・電気・ものづくり,0,1,
418,c-5610,2級内燃機関組立て技能士,機械・電気・ものづくり,0,1,
419,c-5611,3級内燃機関組立て技能士,機械・電気・ものづくり,0,1,
420,c-5612,特級空気圧装置組立て技能士,機械・電気・ものづくり,0,1,
421,c-5613,1級空気圧装置組立て技能士,機械・電気・ものづくり,0,1,
422,c-5614,2級空気圧装置組立て技能士,機械・電気・ものづくり,0,1,
423,c-5616,1級油圧装置調整技能士,機械・電気・ものづくり,0,1,
424,c-5617,2級油圧装置調整技能士,機械・電気・ものづくり,0,1,
425,c-5618,1級縫製機械整備技能士,機械・電気・ものづくり,0,1,
426,c-5619,2級縫製機械整備技能士,機械・電気・ものづくり,0,1,
427,c-5620,特級建設機械整備技能士,機械・電気・ものづくり,0,1,
428,c-5621,1級建設機械整備技能士,機械・電気・ものづくり,0,1,
429,c-5622,2級建設機械整備技能士,機械・電気・ものづくり,0,1,
430,c-5623,1級農業機械整備技能士,機械・電気・ものづくり,0,1,
431,c-5624,2級農業機械整備技能士,機械・電気・ものづくり,0,1,
432,c-5701,特級電気機器組立て技能士,機械・電気・ものづくり,0,1,
433,c-5702,1級電気機器組立て技能士,機械・電気・ものづくり,0,1,
434,c-5703,2級電気機器組立て技能士,機械・電気・ものづくり,0,1,
435,c-5704,特級電子機器組立て技能士,機械・電気・ものづくり,0,1,
436,c-5705,1級電子機器組立て技能士,機械・電気・ものづくり,0,1,
437,c-5706,2級電子機器組立て技能士,機械・電気・ものづくり,0,1,
438,c-5707,3級電子機器組立て技能士,機械・電気・ものづくり,0,1,
439,c-5712,特級自動販売機調整技能士,機械・電気・ものづくり,0,1,
440,c-5713,1級自動販売機調整技能士,機械・電気・ものづくり,0,1,
441,c-5714,2級自動販売機調整技能士,機械・電気・ものづくり,0,1,
442,c-5715,特級半導体製品製造技能士,機械・電気・ものづくり,0,1,
443,c-5716,1級半導体製品製造技能士,機械・電気・ものづくり,0,1,
444,c-5717,2級半導体製品製造技能士,機械・電気・ものづくり,0,1,
445,c-5718,電子回路接続技能士,機械・電気・ものづくり,0,1,
446,c-5719,特級プリント配線板製造技能士,機械・電気・ものづくり,0,1,
447,c-5721,2級プリント配線板製造技能士,機械・電気・ものづくり,0,1,
448,c-5722,3級プリント配線板製造技能士,機械・電気・ものづくり,0,1,
449,c-5728,家電製品エンジニア(AV情報家電),機械・電気・ものづくり,0,1,
450,c-5801,自動車タイヤ整備士,機械・電気・ものづくり,0,1,
451,c-5802,自動車電気装置整備士,機械・電気・ものづくり,0,1,
452,c-5803,自動車車体整備士,機械・電気・ものづくり,0,1,
453,c-5804,一等航空整備士,機械・電気・ものづくり,0,1,
454,c-5805,二等航空整備士,機械・電気・ものづくり,0,1,
455,c-5807,航空工場整備士,機械・電気・ものづくり,0,1,
456,c-5808,1級産業車両整備技能士,機械・電気・ものづくり,0,1,
457,c-5810,1級鉄道車両製造・整備技能士,機械・電気・ものづくり,0,1,
458,c-5811,2級鉄道車両製造・整備技能士,機械・電気・ものづくり,0,1,
459,c-5812,自転車安全整備士,機械・電気・ものづくり,0,1,
460,c-5813,二級ガソリン自動車整備士,機械・電気・ものづくり,0,1,
461,c-5814,二級ジーゼル自動車整備士,機械・電気・ものづくり,0,1,
462,c-5815,三級自動車ガソリン・エンジン整備士,機械・電気・ものづくり,0,1,
463,c-5816,三級自動車ジーゼル・エンジン整備士,機械・電気・ものづくり,0,1,
464,c-5817,三級自動車シャシ整備士,機械・電気・ものづくり,0,1,
465,c-5818,二級自動車整備士,機械・電気・ものづくり,0,1,
466,c-5819,三級自動車整備士,機械・電気・ものづくり,0,1,
467,c-5820,自動車整備士(二輪),機械・電気・ものづくり,0,1,
468,c-5821,自転車技士(旧自転車組立整備士),機械・電気・ものづくり,0,1,
469,c-5823,整備管理者,機械・電気・ものづくり,0,1,
470,c-5824,一級大型自動車整備士,機械・電気・ものづくり,0,1,
471,c-5825,一級小型自動車整備士,機械・電気・ものづくり,0,1,
472,c-5901,1級時計修理技能士,機械・電気・ものづくり,0,1,
473,c-5902,2級時計修理技能士,機械・電気・ものづくり,0,1,
474,c-5903,3級時計修理技能士,機械・電気・ものづくり,0,1,
475,c-5904,一般計量士,機械・電気・ものづくり,0,1,
476,c-5905,環境計量士,機械・電気・ものづくり,0,1,
477,c-5906,特級光学機器製造技能士,機械・電気・ものづくり,0,1,
478,c-5907,1級光学機器製造技能士,機械・電気・ものづくり,0,1,
479,c-5908,2級光学機器製造技能士,機械・電気・ものづくり,0,1,
480,c-6001,特級パン製造技能士,食品・調理・栄養,0,1,
481,c-6002,1級パン製造技能士,食品・調理・栄養,0,1,
482,c-6003,2級パン製造技能士,食品・調理・栄養,0,1,
483,c-6005,1級菓子製造技能士,食品・調理・栄養,0,1,
484,c-6006,2級菓子製造技能士,食品・調理・栄養,0,1,
485,c-6007,製麺技能士,食品・調理・栄養,0,1,
486,c-6008,1級ハム・ソーセージ・ベーコン製造技能士,食品・調理・栄養,0,1,
487,c-6009,2級ハム・ソーセージ・ベーコン製造技能士,食品・調理・栄養,0,1,
488,c-6010,1級水産練り製品製造技能士,食品・調理・栄養,0,1,
489,c-6011,2級水産練り製品製造技能士,食品・調理・栄養,0,1,
490,c-6012,1級みそ製造技能士,食品・調理・栄養,0,1,
491,c-6013,2級みそ製造技能士,食品・調理・栄養,0,1,
492,c-6014,1級酒造技能士,食品・調理・栄養,0,1,
493,c-6015,2級酒造技能士,食品・調理・栄養,0,1,
494,c-6101,1級染色技能士,機械・電気・ものづくり,0,1,
495,c-6102,2級染色技能士,機械・電気・ものづくり,0,1,
496,c-6103,1級ニット製品製造技能士,機械・電気・ものづくり,0,1,
497,c-6104,2級ニット製品製造技能士,機械・電気・ものづくり,0,1,
498,c-6105,特級婦人子供服製造技能士,機械・電気・ものづくり,0,1,
499,c-6106,1級婦人子供服製造技能士,機械・電気・ものづくり,0,1,
500,c-6107,2級婦人子供服製造技能士,機械・電気・ものづくり,0,1,
501,c-6108,特級紳士服製造技能士,機械・電気・ものづくり,0,1,
502,c-6109,1級紳士服製造技能士,機械・電気・ものづくり,0,1,
503,c-6110,2級紳士服製造技能士,機械・電気・ものづくり,0,1,
504,c-6111,1級和裁技能士,機械・電気・ものづくり,0,1,
505,c-6112,2級和裁技能士,機械・電気・ものづくり,0,1,
506,c-6113,3級和裁技能士,機械・電気・ものづくり,0,1,
507,c-6114,1級布はく縫製技能士,機械・電気・ものづくり,0,1,
508,c-6115,2級布はく縫製技能士,機械・電気・ものづくり,0,1,
509,c-6116,1級寝具製作技能士,機械・電気・ものづくり,0,1,
510,c-6117,2級寝具製作技能士,機械・電気・ものづくり,0,1,
511,c-6118,1級帆布製品製造技能士,機械・電気・ものづくり,0,1,
512,c-6119,2級帆布製品製造技能士,機械・電気・ものづくり,0,1,
513,c-6120,パターンメーキング技術検定,機械・電気・ものづくり,0,1,
514,c-6201,木材加工用機械作業主任者,機械・電気・ものづくり,0,1,
515,c-6202,1級機械木工技能士,機械・電気・ものづくり,0,1,
516,c-6203,2級機械木工技能士,機械・電気・ものづくり,0,1,
517,c-6206,1級家具製作技能士,機械・電気・ものづくり,0,1,
518,c-6207,2級家具製作技能士,機械・電気・ものづくり,0,1,
519,c-6208,1級建具製作技能士,機械・電気・ものづくり,0,1,
520,c-6209,2級建具製作技能士,機械・電気・ものづくり,0,1,
521,c-6212,1級紙器・段ボール箱製造技能士,機械・電気・ものづくり,0,1,
522,c-6213,2級紙器・段ボール箱製造技能士,機械・電気・ものづくり,0,1,
523,c-6214,1級畳製作技能士,機械・電気・ものづくり,0,1,
524,c-6215,2級畳製作技能士,機械・電気・ものづくり,0,1,
525,c-6301,1級プリプレス技能士(旧:製版技能士),機械・電気・ものづくり,0,1,
526,c-6302,2級プリプレス技能士(旧:製版技能士),機械・電気・ものづくり,0,1,
527,c-6303,1級印刷技能士,機械・電気・ものづくり,0,1,
528,c-6304,2級印刷技能士,機械・電気・ものづくり,0,1,
529,c-6305,1級製本技能士,機械・電気・ものづくり,0,1,
530,c-6306,2級製本技能士,機械・電気・ものづくり,0,1,
531,c-6401,特級プラスチック成形技能士,機械・電気・ものづくり,0,1,
532,c-6402,1級プラスチック成形技能士,機械・電気・ものづくり,0,1,
533,c-6403,2級プラスチック成形技能士,機械・電気・ものづくり,0,1,
534,c-6404,3級プラスチック成形技能士,機械・電気・ものづくり,0,1,
535,c-6406,2級強化プラスチック成形技能士,機械・電気・ものづくり,0,1,
536,c-6503,1級貴金属装身具製作技能士,機械・電気・ものづくり,0,1,
537,c-6504,2級貴金属装身具製作技能士,機械・電気・ものづくり,0,1,
538,c-6507,1級印章彫刻技能士,機械・電気・ものづくり,0,1,
539,c-6508,2級印章彫刻技能士,機械・電気・ものづくり,0,1,
540,c-6509,1級義肢・装具製作技能士,機械・電気・ものづくり,0,1,
541,c-6510,2級義肢・装具製作技能士,機械・電気・ものづくり,0,1,
542,c-6511,伝統工芸士,機械・電気・ものづくり,0,1,
543,c-6602,2級表装技能士,機械・電気・ものづくり,0,1,
544,c-6603,1級塗装技能士,機械・電気・ものづくり,0,1,
545,c-6604,2級塗装技能士,機械・電気・ものづくり,0,1,
546,c-6605,塗料調色技能士,機械・電気・ものづくり,0,1,
547,c-6606,1級広告美術仕上げ技能士,機械・電気・ものづくり,0,1,
548,c-6607,2級広告美術仕上げ技能士,機械・電気・ものづくり,0,1,
549,c-6608,3級広告美術仕上げ技能士,機械・電気・ものづくり,0,1,
550,c-6609,1級写真技能士,機械・電気・ものづくり,0,1,
551,c-6610,2級写真技能士,機械・電気・ものづくり,0,1,
552,c-6611,3級写真技能士,機械・電気・ものづくり,0,1,
553,c-6612,CAD利用技術者1級,機械・電気・ものづくり,0,1,
554,c-6618,トレース技能検定2級,機械・電気・ものづくり,0,1,
555,c-6619,トレース技能検定3級,機械・電気・ものづくり,0,1,
556,c-6620,トレース技能検定4級,機械・電気・ものづくり,0,1,
557,c-6622,レタリング技能検定2級,機械・電気・ものづくり,0,1,
558,c-6623,レタリング技能検定3級,機械・電気・ものづくり,0,1,
559,c-6625,1級テクニカルイラストレーション技能士,機械・電気・ものづくり,0,1,
560,c-6626,2級テクニカルイラストレーション技能士,機械・電気・ものづくり,0,1,
561,c-6627,3級テクニカルイラストレーション技能士,機械・電気・ものづくり,0,1,
562,c-6630,1級機械・プラント製図技能士,機械・電気・ものづくり,0,1,
563,c-6631,2級機械・プラント製図技能士,機械・電気・ものづくり,0,1,
564,c-6632,1級電気製図技能士,機械・電気・ものづくり,0,1,
565,c-6633,2級電気製図技能士,機械・電気・ものづくり,0,1,
566,c-6634,3級電気製図技能士,機械・電気・ものづくり,0,1,
567,c-6635,1級工業包装技能士,機械・電気・ものづくり,0,1,
568,c-6637,防錆管理士,機械・電気・ものづくり,0,1,
569,c-6705,ボイラー取扱作業主任者,設備・プラント・機械運転,0,1,
570,c-6706,普通第一種圧力容器取扱作業主任者,設備・プラント・機械運転,0,1,
571,c-6707,乾燥設備作業主任者,設備・プラント・機械運転,0,1,
572,c-6720,床上運転式クレーン限定運転士,設備・プラント・機械運転,0,1,
573,c-6811,配電制御システム検査技士(1~2級),電気・通信,0,1,
574,c-6812,1級情報配線施工技能士,電気・通信,0,1,
575,c-6813,2級情報配線施工技能士,電気・通信,0,1,
576,c-6814,3級情報配線施工技能士,電気・通信,0,1,
577,c-6901,採石のための掘削作業主任者,土木・測量・建設,0,1,
578,c-6902,採石業務管理者,土木・測量・建設,0,1,
579,c-6904,地山の掘削及び土止め支保工作業主任者,土木・測量・建設,0,1,
580,c-6906,ずい道等の掘削等作業主任者,土木・測量・建設,0,1,
581,c-6907,ずい道等の覆工作業主任者,土木・測量・建設,0,1,
582,c-6908,1級さく井技能士,土木・測量・建設,0,1,
583,c-6909,2級さく井技能士,土木・測量・建設,0,1,
584,c-7001,1級建築大工技能士,建築・設備,0,1,
585,c-7002,2級建築大工技能士,建築・設備,0,1,
586,c-7003,木造建築物の組立て等作業主任者,建築・設備,0,1,
587,c-7004,枠組壁建築技能士,建築・設備,0,1,
588,c-7005,1級かわらぶき技能士,建築・設備,0,1,
589,c-7006,2級かわらぶき技能士,建築・設備,0,1,
590,c-7007,1級とび技能士,建築・設備,0,1,
591,c-7008,2級とび技能士,建築・設備,0,1,
592,c-7009,3級とび技能士,建築・設備,0,1,
593,c-7010,1級左官技能士,建築・設備,0,1,
594,c-7011,2級左官技能士,建築・設備,0,1,
595,c-7013,1級築炉技能士,建築・設備,0,1,
596,c-7014,2級築炉技能士,建築・設備,0,1,
597,c-7015,1級ブロック建築技能士,建築・設備,0,1,
598,c-7017,エーエルシーパネル施工技能士,建築・設備,0,1,
599,c-7019,2級タイル張り技能士,建築・設備,0,1,
600,c-7020,1級型枠施工技能士,建築・設備,0,1,
601,c-7021,2級型枠施工技能士,建築・設備,0,1,
602,c-7022,型枠支保工の組立て等作業主任者,建築・設備,0,1,
603,c-7023,1級鉄筋施工技能士,建築・設備,0,1,
604,c-7024,2級鉄筋施工技能士,建築・設備,0,1,
605,c-7025,建築物等の鉄骨の組立て等作業主任者,建築・設備,0,1,
606,c-7026,足場の組立て等作業主任者,建築・設備,0,1,
607,c-7029,コンクリート造の工作物の解体等作業主任者,建築・設備,0,1,
608,c-7030,コンクリート橋架設等作業主任者,建築・設備,0,1,
609,c-7031,鋼橋架設等作業主任者,建築・設備,0,1,
610,c-7032,基礎施工士,建築・設備,0,1,
611,c-7033,圧入施工技士(1~2級),建築・設備,0,1,
612,c-7034,解体工事施工技士,建築・設備,0,1,
613,c-7102,空気調和・衛生工学会設備士,建築・設備,0,1,
614,c-7103,1級冷凍空気調和機器施工技能士,建築・設備,0,1,
615,c-7104,2級冷凍空気調和機器施工技能士,建築・設備,0,1,
616,c-7105,第一種冷凍空調技士,建築・設備,0,1,
617,c-7106,第二種冷凍空調技士,建築・設備,0,1,
618,c-7107,1級配管技能士,建築・設備,0,1,
619,c-7108,2級配管技能士,建築・設備,0,1,
620,c-7109,3級配管技能士,建築・設備,0,1,
621,c-7113,1級厨房設備施工技能士,建築・設備,0,1,
622,c-7116,2級内装仕上げ施工技能士,建築・設備,0,1,
623,c-7117,3級内装仕上げ施工技能士,建築・設備,0,1,
624,c-7118,1級熱絶縁施工技能士,建築・設備,0,1,
625,c-7119,2級熱絶縁施工技能士,建築・設備,0,1,
626,c-7120,1級カーテンウォール施工技能士,建築・設備,0,1,
627,c-7122,1級サッシ施工技能士,建築・設備,0,1,
628,c-7124,1級自動ドア施工技能士,建築・設備,0,1,
629,c-7125,2級自動ドア施工技能士,建築・設備,0,1,
630,c-7126,バルコニー施工技能士,建築・設備,0,1,
631,c-7127,1級ガラス用フィルム施工技能士,建築・設備,0,1,
632,c-7128,2級ガラス用フィルム施工技能士,建築・設備,0,1,
633,c-7129,液化石油ガス設備士,建築・設備,0,1,
634,c-7201,1級防水施工技能士,建築・設備,0,1,
635,c-7202,2級防水施工技能士,建築・設備,0,1,
636,c-7203,樹脂接着剤注入施行技能士,建築・設備,0,1,
637,c-7205,高圧室内作業主任者,建築・設備,0,1,
638,c-7206,酸素欠乏危険作業主任者,建築・設備,0,1,
639,c-7207,酸素欠乏・硫化水素危険作業主任者,建築・設備,0,1,
640,c-7208,石綿作業主任者,建築・設備,0,1,
641,c-7302,1級コンクリート圧送施工技能士,土木・測量・建設,0,1,
642,c-7303,2級コンクリート圧送施工技能士,土木・測量・建設,0,1,
643,c-7304,コンクリート破砕機作業主任者,土木・測量・建設,0,1,
644,c-7305,1級ウェルポイント施工技能士,土木・測量・建設,0,1,
645,c-7306,2級ウェルポイント施工技能士,土木・測量・建設,0,1,
646,c-7307,路面標示施工技能士,土木・測量・建設,0,1,
647,c-7309,コンクリート技士・コンクリート主任技士,土木・測量・建設,0,1,
648,c-7401,はい作業主任者,安全・環境・危険物,0,1,
649,c-7402,船内荷役作業主任者,安全・環境・危険物,0,1,
650,c-7403,ビルクリーニング技能士,安全・環境・危険物,0,1,
651,c-7404,産業洗浄技能士,安全・環境・危険物,0,1,
652,c-7406,浄化槽技術管理者,安全・環境・危険物,0,1,
653,c-7408,ハウスクリーニング技能士,安全・環境・危険物,0,1,
654,c-9001,情報セキュリティマネジメント試験,IT・情報処理,0,1,
655,c-9003,G検定(ジェネラリスト),IT・情報処理,0,1,
656,c-9005,統計検定,IT・情報処理,0,1,
657,c-9006,データサイエンティスト検定(リテラシーレベル),IT・情報処理,0,1,
658,c-9009,AI実装検定,IT・情報処理,0,1,
659,c-9010,実用英語技能検定準2級,語学・コミュニケーション,0,1,
660,c-9011,実用英語技能検定3級,語学・コミュニケーション,0,1,
661,c-9012,実用英語技能検定4級,語学・コミュニケーション,0,1,
662,c-9013,実用英語技能検定5級,語学・コミュニケーション,0,1,
663,c-9017,一等無人航空機操縦士,運輸・運転・航空,0,1,
664,c-9018,二等無人航空機操縦士,運輸・運転・航空,0,1,
665,c-9019,賃貸不動産経営管理士,不動産,0,1,
666,c-9020,メンタルヘルス・マネジメント検定I種(マスターコース),会計・金融・経営,0,1,
667,c-9021,メンタルヘルス・マネジメント検定II種(ラインケアコース),会計・金融・経営,0,1,
668,c-9022,メンタルヘルス・マネジメント検定III種(セルフケアコース),会計・金融・経営,0,1,
669,c-9023,実用数学技能検定(数学検定),語学・コミュニケーション,0,1,
670,c-9024,eco検定(環境社会検定試験),安全・環境・危険物,0,1,
671,c-9025,ビジネス会計検定,会計・金融・経営,0,1,
672,c-9026,個人情報保護士認定試験,IT・情報処理,0,1,
673,c-9027,世界遺産検定,教育・保育・学術,0,1,
674,c-9029,ニュース時事能力検定,教育・保育・学術,0,1,
675,c-9030,マーケティング検定,会計・金融・経営,0,1,
676,c-9031,マイクロソフト オフィス スペシャリスト(MOS),IT・情報処理,0,1,
677,c-9034,ウェブ解析士,IT・情報処理,0,1,
678,c-9035,ネットマーケティング検定,IT・情報処理,0,1,
679,c-9036,IoT検定,IT・情報処理,0,1,
680,c-9037,中国語検定,語学・コミュニケーション,0,1,
681,c-9039,ハングル能力検定,語学・コミュニケーション,0,1,
682,c-9041,実用フランス語技能検定(仏検),語学・コミュニケーション,0,1,
683,c-9042,ドイツ語技能検定,語学・コミュニケーション,0,1,
684,c-9046,銀行業務検定,会計・金融・経営,0,1,
685,c-9048,給与計算実務能力検定,会計・金融・経営,0,1,
686,c-9049,建設業経理士,会計・金融・経営,0,1,
687,c-9050,マイナンバー実務検定,IT・情報処理,0,1,
688,c-9051,認定心理士,福祉・介護・心理,0,1,
689,c-9052,医療情報技師,医療・看護・薬,0,1,
690,c-9053,サービス介助士,福祉・介護・心理,0,1,
691,c-9054,調剤薬局事務,商業・販売・事務,0,1,
692,c-9057,愛玩動物飼養管理士,農林水産・動物,0,1,
693,c-9058,家庭料理技能検定(料検),食品・調理・栄養,0,1,
694,c-9060,日本酒検定,食品・調理・栄養,0,1,
695,c-9062,パーソナルカラリスト検定,デザイン・美術・文化,0,1,
696,c-9066,サービス接遇検定,美容・サービス・スポーツ,0,1,
697,c-9067,相続診断士,会計・金融・経営,0,1,
698,c-9068,文書情報管理士,IT・情報処理,0,1,
699,c-1001,家畜人工授精師,農林水産・動物,0,0,
700,c-1002,総括畜産コンサルタント,農林水産・動物,0,0,
701,c-1003,初生雛鑑別師,農林水産・動物,0,0,
702,c-1201,ボイラー・タービン主任技術者,機械・電気・ものづくり,0,0,
703,c-1202,航空工場検査員,機械・電気・ものづくり,0,0,
704,c-1214,医薬部外品責任技術者,機械・電気・ものづくり,0,0,
705,c-1216,原子炉主任技術者,機械・電気・ものづくり,0,0,
706,c-1222,甲種火薬類製造保安責任者,機械・電気・ものづくり,0,0,
707,c-1223,乙種火薬類製造保安責任者,機械・電気・ものづくり,0,0,
708,c-1224,丙種火薬類製造保安責任者,機械・電気・ものづくり,0,0,
709,c-1225,高圧ガス製造保安責任者(甲種化学),機械・電気・ものづくり,0,0,
710,c-1226,高圧ガス製造保安責任者(甲種機械),機械・電気・ものづくり,0,0,
711,c-1227,高圧ガス製造保安責任者(第一種冷凍機械),機械・電気・ものづくり,0,0,
712,c-1307,インテリアプランナー,建築・設備,0,0,
713,c-1311,昇降機等検査員,建築・設備,0,0,
714,c-1319,鉄骨製作管理技術者,建築・設備,0,0,
715,c-1402,第2種ダム水路主任技術者,土木・測量・建設,0,0,
716,c-1403,ダム管理主任技術者,土木・測量・建設,0,0,
717,c-1501,システム監査技術者,IT・情報処理,0,0,
718,c-1502,ネットワークスペシャリスト,IT・情報処理,0,0,
719,c-1510,データベーススペシャリスト,IT・情報処理,0,0,
720,c-1511,ITサービスマネージャ,IT・情報処理,0,0,
721,c-1512,エンベデッドシステムスペシャリスト,IT・情報処理,0,0,
722,c-1516,マイクロソフト認定プロフェッショナル(MCP),IT・情報処理,0,0,
723,c-1517,マイクロソフト認定ソリューションエキスパート(MCSE),IT・情報処理,0,0,
724,c-1518,シスコ技術者認定,IT・情報処理,0,0,
725,c-1519,オラクルマスター,IT・情報処理,0,0,
726,c-1520,Java認定資格,IT・情報処理,0,0,
727,c-1527,ITコーディネータ,IT・情報処理,0,0,
728,c-1539,ITストラテジスト(ST),IT・情報処理,0,0,
729,c-1541,Linux技術者認定資格,IT・情報処理,0,0,
730,c-1544,VBAエキスパート,IT・情報処理,0,0,
731,c-1545,JavaTMプログラミング能力認定1級,IT・情報処理,0,0,
732,c-1546,JavaTMプログラミング能力認定2級,IT・情報処理,0,0,
733,c-1547,JavaTMプログラミング能力認定3級,IT・情報処理,0,0,
734,c-1553,Webクリエイター能力認定試験(上級),IT・情報処理,0,0,
735,c-1554,Webクリエイター能力認定試験(初級),IT・情報処理,0,0,
736,c-1563,Webクリエイター能力認定エキスパート,IT・情報処理,0,0,
737,c-1564,Webクリエイター能力認定スタンダード,IT・情報処理,0,0,
738,c-1609,毒物劇物取扱責任者,安全・環境・危険物,0,0,
739,c-1610,甲種火薬類取扱保安責任者,安全・環境・危険物,0,0,
740,c-1611,乙種火薬類取扱保安責任者,安全・環境・危険物,0,0,
741,c-1612,下水道管理技術認定(処理施設),安全・環境・危険物,0,0,
742,c-2312,福祉用具専門相談員,福祉・介護・心理,0,0,
743,c-2401,司法試験,法律・法務・知財,0,0,
744,c-2504,証券アナリスト(CMA),会計・金融・経営,0,0,
745,c-2512,アクチュアリー,会計・金融・経営,0,0,
746,c-2513,経営労務コンサルタント,会計・金融・経営,0,0,
747,c-2514,経営コンサルタント(日本生産性本部認定),会計・金融・経営,0,0,
748,c-2601,幼稚園教諭免許(専修・1種・2種),教育・保育・学術,0,0,
749,c-2602,小学校教諭免許(専修・1種・2種),教育・保育・学術,0,0,
750,c-2603,中学校教諭免許(専修・1種・2種),教育・保育・学術,0,0,
751,c-2604,高等学校教諭免許(専修・1種),教育・保育・学術,0,0,
752,c-2608,養護教諭免許(専修・1種・2種),教育・保育・学術,0,0,
753,c-2609,特別支援学校教諭免許(専修・1種・2種),教育・保育・学術,0,0,
754,c-2701,司書,教育・保育・学術,0,0,
755,c-2703,学芸員,教育・保育・学術,0,0,
756,c-2704,学芸員補,教育・保育・学術,0,0,
757,c-2801,看護教員,教育・保育・学術,0,0,
758,c-2802,職業訓練指導員免許,教育・保育・学術,0,0,
759,c-2803,指定自動車教習所指導員,教育・保育・学術,0,0,
760,c-2805,専修学校准教員認定,教育・保育・学術,0,0,
761,c-2811,日本語教師養成講座修了(420時間),教育・保育・学術,0,0,
762,c-2910,スポーツプログラマー,美容・サービス・スポーツ,0,0,
763,c-2913,健康運動実践指導者,美容・サービス・スポーツ,0,0,
764,c-2914,レクリエーション・インストラクター/コーディネーター,美容・サービス・スポーツ,0,0,
765,c-2915,エアロビエクササイズインストラクター,美容・サービス・スポーツ,0,0,
766,c-3105,キッチンスペシャリスト,福祉・介護・心理,0,0,
767,c-3106,消費生活アドバイザー,福祉・介護・心理,0,0,
768,c-3111,シニア産業カウンセラー,福祉・介護・心理,0,0,
769,c-3112,キャリアコンサルタント,福祉・介護・心理,0,0,
770,c-3206,不動産コンサルティング技能登録,不動産,0,0,
771,c-3334,HSK漢語水平考試,語学・コミュニケーション,0,0,
772,c-3723,ケアクラーク技能認定,商業・販売・事務,0,0,
773,c-3819,マイクロソフト認定トレーナー(MCT),IT・情報処理,0,0,
774,c-3847,PowerPointプレゼン技能認定試験,IT・情報処理,0,0,
775,c-3848,Accessビジネスデータベース技能認定試験,IT・情報処理,0,0,
776,c-3849,Excel表計算処理技能認定試験1級,IT・情報処理,0,0,
777,c-3850,Excel表計算処理技能認定試験2級,IT・情報処理,0,0,
778,c-3851,Excel表計算処理技能認定試験3級,IT・情報処理,0,0,
779,c-3852,Word文書処理技能認定試験1級,IT・情報処理,0,0,
780,c-3853,Word文書処理技能認定試験2級,IT・情報処理,0,0,
781,c-3854,Word文書処理技能認定試験3級,IT・情報処理,0,0,
782,c-3901,CS試験(ワープロ部門)1級,IT・情報処理,0,0,
783,c-3902,CS試験(ワープロ部門)2級,IT・情報処理,0,0,
784,c-3903,CS試験(ワープロ部門)3級,IT・情報処理,0,0,
785,c-3904,CS試験(表計算部門)1級,IT・情報処理,0,0,
786,c-3905,CS試験(表計算部門)2級,IT・情報処理,0,0,
787,c-3906,CS試験(表計算部門)3級,IT・情報処理,0,0,
788,c-4001,ビジキャリ(人事・人材開発・労務管理),会計・金融・経営,0,0,
789,c-4003,ビジキャリ(営業・マーケティング),会計・金融・経営,0,0,
790,c-4116,家電製品アドバイザー,商業・販売・事務,0,0,
791,c-4117,DIYアドバイザー,商業・販売・事務,0,0,
792,c-4204,外務員登録資格(商品先物取引),商業・販売・事務,0,0,
793,c-4206,生命保険業界共通教育制度一般課程試験,商業・販売・事務,0,0,
794,c-4301,理容師,美容・サービス・スポーツ,0,0,
795,c-4302,管理理容師,美容・サービス・スポーツ,0,0,
796,c-4304,管理美容師,美容・サービス・スポーツ,0,0,
797,c-4312,きものコンサルタント,美容・サービス・スポーツ,0,0,
798,c-4313,認定エステティシャン,美容・サービス・スポーツ,0,0,
799,c-4316,トリマー,美容・サービス・スポーツ,0,0,
800,c-4325,葬祭ディレクター1級,美容・サービス・スポーツ,0,0,
801,c-4326,葬祭ディレクター2級,美容・サービス・スポーツ,0,0,
802,c-4327,フードコーディネーター,美容・サービス・スポーツ,0,0,
803,c-4503,第1種消防設備点検資格者,安全・環境・危険物,0,0,
804,c-4504,第2種消防設備点検資格者,安全・環境・危険物,0,0,
805,c-4701,動力車操縦者(鉄道)運転免許,運輸・運転・航空,0,0,
806,c-4801,大型自動車免許,運輸・運転・航空,0,0,
807,c-4802,大型自動車第二種免許,運輸・運転・航空,0,0,
808,c-4803,普通自動車免許,運輸・運転・航空,0,0,
809,c-4804,普通自動車第二種免許,運輸・運転・航空,0,0,
810,c-4805,普通自動車免許(AT限定),運輸・運転・航空,0,0,
811,c-4806,大型特殊自動車免許,運輸・運転・航空,0,0,
812,c-4807,大型特殊自動車第二種免許,運輸・運転・航空,0,0,
813,c-4808,自動二輪車免許,運輸・運転・航空,0,0,
814,c-4810,原動機付自転車免許,運輸・運転・航空,0,0,
815,c-4811,牽引免許,運輸・運転・航空,0,0,
816,c-4812,牽引第二種免許,運輸・運転・航空,0,0,
817,c-4813,フォークリフト運転技能者,運輸・運転・航空,0,0,
818,c-4814,高所作業車運転技能者,運輸・運転・航空,0,0,
819,c-4815,不整地運搬車運転技能者,運輸・運転・航空,0,0,
820,c-4817,中型自動車免許,運輸・運転・航空,0,0,
821,c-4818,中型自動車第二種免許,運輸・運転・航空,0,0,
822,c-4819,8トン限定中型自動車免許,運輸・運転・航空,0,0,
823,c-4820,8トン限定中型自動車第二種免許,運輸・運転・航空,0,0,
824,c-4821,5トン限定中型自動車第二種免許,運輸・運転・航空,0,0,
825,c-4822,準中型自動車免許,運輸・運転・航空,0,0,
826,c-4823,5トン限定準中型自動車免許,運輸・運転・航空,0,0,
827,c-5118,非破壊検査総合管理技術者,機械・電気・ものづくり,0,0,
828,c-5119,非破壊試験技術者レベル1,機械・電気・ものづくり,0,0,
829,c-5120,非破壊試験技術者レベル2,機械・電気・ものづくり,0,0,
830,c-5121,非破壊試験技術者レベル3,機械・電気・ものづくり,0,0,
831,c-5209,高圧ガス移動監視者,機械・電気・ものづくり,0,0,
832,c-5504,溶接管理技術者1級,機械・電気・ものづくり,0,0,
833,c-5505,溶接管理技術者2級,機械・電気・ものづくり,0,0,
834,c-5506,溶接作業指導者,機械・電気・ものづくり,0,0,
835,c-5507,溶接技能者,機械・電気・ものづくり,0,0,
836,c-5514,ガス溶接技能者,機械・電気・ものづくり,0,0,
837,c-5515,アーク溶接技能者(専門級),機械・電気・ものづくり,0,0,
838,c-5516,アーク溶接技能者(基本級),機械・電気・ものづくり,0,0,
839,c-5517,ステンレス鋼溶接技能者(専門級),機械・電気・ものづくり,0,0,
840,c-5518,ステンレス鋼溶接技能者(基本級),機械・電気・ものづくり,0,0,
841,c-5519,アルミニウム溶接技能者(専門級),機械・電気・ものづくり,0,0,
842,c-5520,アルミニウム溶接技能者(基本級),機械・電気・ものづくり,0,0,
843,c-5727,家電製品エンジニア(生活家電),機械・電気・ものづくり,0,0,
844,c-5822,自動車検査員,機械・電気・ものづくり,0,0,
845,c-6710,小型移動式クレーン運転技能者,設備・プラント・機械運転,0,0,
846,c-6711,床上操作式クレーン運転技能者,設備・プラント・機械運転,0,0,
847,c-6714,車両系建設機械(基礎工事用)運転技能者,設備・プラント・機械運転,0,0,
848,c-6715,車両系建設機械(整地・運搬・積込用及び掘削用)運転技能者,設備・プラント・機械運転,0,0,
849,c-6716,車両系建設機械(解体用)運転技能者,設備・プラント・機械運転,0,0,
850,c-6717,ショベルローダー等運転技能者,設備・プラント・機械運転,0,0,
851,c-6718,玉掛技能者,設備・プラント・機械運転,0,0,
852,c-6801,工事担任者AI第1種,電気・通信,0,0,
853,c-6803,工事担任者AI第3種,電気・通信,0,0,
854,c-6804,工事担任者DD第1種,電気・通信,0,0,
855,c-6806,工事担任者DD第3種,電気・通信,0,0,
856,c-6807,工事担任者AI・DD総合種,電気・通信,0,0,
857,c-9002,生成AIパスポート,IT・情報処理,0,0,
858,c-9004,E資格(エンジニア),IT・情報処理,0,0,
859,c-9007,Python3エンジニア認定基礎試験,IT・情報処理,0,0,
860,c-9008,Python3エンジニア認定実践試験,IT・情報処理,0,0,
861,c-9014,日本語能力試験(JLPT),語学・コミュニケーション,0,0,
862,c-9016,登録日本語教員,教育・保育・学術,0,0,
863,c-9028,食生活アドバイザー,食品・調理・栄養,0,0,
864,c-9032,LPIC(Linux技術者認定),IT・情報処理,0,0,
865,c-9033,AWS認定 クラウドプラクティショナー,IT・情報処理,0,0,
866,c-9038,漢語水平考試(HSK),語学・コミュニケーション,0,0,
867,c-9040,韓国語能力試験(TOPIK),語学・コミュニケーション,0,0,
868,c-9043,TOEFL iBT,語学・コミュニケーション,0,0,
869,c-9044,IELTS,語学・コミュニケーション,0,0,
870,c-9045,BJTビジネス日本語能力テスト,語学・コミュニケーション,0,0,
871,c-9047,DCプランナー(企業年金総合プランナー),会計・金融・経営,0,0,
872,c-9055,歯科助手,医療・看護・薬,0,0,
873,c-9056,整理収納アドバイザー,美容・サービス・スポーツ,0,0,
874,c-9059,唎酒師(ききさけし),食品・調理・栄養,0,0,
875,c-9061,日本茶インストラクター,食品・調理・栄養,0,0,
876,c-9063,終活カウンセラー,福祉・介護・心理,0,0,
877,c-9064,コーヒーインストラクター,食品・調理・栄養,0,0,
878,c-9065,ガス主任技術者,建築・土木・設備,0,0,
879,c-9069,損害保険募集人一般試験,会計・金融・経営,0,0,
