occ_id,salary,source,note
o-0002,約350〜550万円,公開の賃金統計・求人情報を参考にした編集部の目安,
o-0004,約330〜470万円,公開の賃金統計・求人情報を参考にした編集部の目安,
o-0006,約350〜500万円,公開の賃金統計・求人情報を参考にした編集部の目安,
o-0008,約400〜600万円,公開の賃金統計・求人情報を参考にした編集部の目安,
o-0009,約500〜750万円,公開の賃金統計・求人情報を参考にした編集部の目安,
o-0010,約320〜460万円,公開の賃金統計・求人情報を参考にした編集部の目安,
o-0013,約320〜450万円,公開の賃金統計・求人情報を参考にした編集部の目安,
o-0014,約300〜420万円,公開の賃金統計・求人情報を参考にした編集部の目安,
o-0015,約450〜650万円,公開の賃金統計・求人情報を参考にした編集部の目安,
o-0017,"約600〜1,000万円",公開の賃金統計・求人情報を参考にした編集部の目安,
o-0019,約500〜800万円,公開の賃金統計・求人情報を参考にした編集部の目安,
o-0020,約330〜470万円,公開の賃金統計・求人情報を参考にした編集部の目安,
o-0022,"約700〜1,000万円",公開の賃金統計・求人情報を参考にした編集部の目安,
o-0023,約350〜500万円,公開の賃金統計・求人情報を参考にした編集部の目安,
o-0024,約650〜950万円,公開の賃金統計・求人情報を参考にした編集部の目安,
o-0028,約450〜650万円,公開の賃金統計・求人情報を参考にした編集部の目安,
o-0031,約500〜750万円,公開の賃金統計・求人情報を参考にした編集部の目安,
o-0032,約290〜400万円,公開の賃金統計・求人情報を参考にした編集部の目安,
o-0036,約330〜480万円,公開の賃金統計・求人情報を参考にした編集部の目安,
o-0037,約350〜500万円,公開の賃金統計・求人情報を参考にした編集部の目安,
o-0039,約330〜500万円,公開の賃金統計・求人情報を参考にした編集部の目安,
o-0040,約300〜450万円,公開の賃金統計・求人情報を参考にした編集部の目安,
o-0041,約300〜450万円,公開の賃金統計・求人情報を参考にした編集部の目安,
o-0042,約350〜500万円,公開の賃金統計・求人情報を参考にした編集部の目安,
o-0043,約380〜520万円,公開の賃金統計・求人情報を参考にした編集部の目安,
o-0044,約300〜450万円,公開の賃金統計・求人情報を参考にした編集部の目安,
o-0046,約300〜430万円,公開の賃金統計・求人情報を参考にした編集部の目安,
o-0047,約320〜440万円,公開の賃金統計・求人情報を参考にした編集部の目安,
o-0048,"約700〜1,200万円",公開の賃金統計・求人情報を参考にした編集部の目安,
o-0049,約450〜650万円,公開の賃金統計・求人情報を参考にした編集部の目安,
o-0050,約320〜450万円,公開の賃金統計・求人情報を参考にした編集部の目安,
o-0051,約270〜380万円,公開の賃金統計・求人情報を参考にした編集部の目安,
o-0052,約280〜400万円,公開の賃金統計・求人情報を参考にした編集部の目安,
o-0053,約330〜470万円,公開の賃金統計・求人情報を参考にした編集部の目安,
o-0056,約300〜430万円,公開の賃金統計・求人情報を参考にした編集部の目安,
o-0058,約450〜650万円,公開の賃金統計・求人情報を参考にした編集部の目安,
o-0059,約350〜500万円,公開の賃金統計・求人情報を参考にした編集部の目安,
o-0061,約450〜650万円,公開の賃金統計・求人情報を参考にした編集部の目安,
o-0062,約330〜460万円,公開の賃金統計・求人情報を参考にした編集部の目安,
o-0063,約300〜400万円,公開の賃金統計・求人情報を参考にした編集部の目安,
o-0066,約380〜540万円,公開の賃金統計・求人情報を参考にした編集部の目安,
o-0067,約300〜400万円,公開の賃金統計・求人情報を参考にした編集部の目安,
o-0068,約330〜470万円,公開の賃金統計・求人情報を参考にした編集部の目安,
o-0070,約350〜500万円,公開の賃金統計・求人情報を参考にした編集部の目安,
o-0073,約400〜560万円,公開の賃金統計・求人情報を参考にした編集部の目安,
o-0074,約400〜550万円,公開の賃金統計・求人情報を参考にした編集部の目安,
o-0075,約330〜480万円,公開の賃金統計・求人情報を参考にした編集部の目安,
o-0076,約380〜450万円,公開の賃金統計・求人情報を参考にした編集部の目安,
o-0077,約350〜520万円,公開の賃金統計・求人情報を参考にした編集部の目安,
o-0078,約380〜540万円,公開の賃金統計・求人情報を参考にした編集部の目安,
o-0079,約450〜800万円,公開の賃金統計・求人情報を参考にした編集部の目安,
o-0083,約330〜500万円,公開の賃金統計・求人情報を参考にした編集部の目安,
o-0084,約350〜490万円,公開の賃金統計・求人情報を参考にした編集部の目安,
o-0085,約450〜650万円,公開の賃金統計・求人情報を参考にした編集部の目安,
o-0087,約350〜470万円,公開の賃金統計・求人情報を参考にした編集部の目安,
o-0088,約650〜950万円,公開の賃金統計・求人情報を参考にした編集部の目安,
o-0089,約450〜650万円,公開の賃金統計・求人情報を参考にした編集部の目安,
o-0090,約600〜900万円,公開の賃金統計・求人情報を参考にした編集部の目安,
o-0095,約600〜900万円,公開の賃金統計・求人情報を参考にした編集部の目安,
o-0096,約350〜500万円,公開の賃金統計・求人情報を参考にした編集部の目安,
o-0097,約350〜480万円,公開の賃金統計・求人情報を参考にした編集部の目安,
o-0100,約330〜470万円,公開の賃金統計・求人情報を参考にした編集部の目安,
o-0101,約450〜650万円,公開の賃金統計・求人情報を参考にした編集部の目安,
o-0104,約300〜420万円,公開の賃金統計・求人情報を参考にした編集部の目安,
o-0107,約330〜470万円,公開の賃金統計・求人情報を参考にした編集部の目安,
o-0108,約330〜470万円,公開の賃金統計・求人情報を参考にした編集部の目安,
o-0110,約500〜700万円,公開の賃金統計・求人情報を参考にした編集部の目安,
o-0112,約350〜500万円,公開の賃金統計・求人情報を参考にした編集部の目安,
o-0113,約280〜380万円,公開の賃金統計・求人情報を参考にした編集部の目安,
o-0114,約500〜750万円,公開の賃金統計・求人情報を参考にした編集部の目安,
o-0117,約380〜520万円,公開の賃金統計・求人情報を参考にした編集部の目安,
o-0120,約400〜560万円,公開の賃金統計・求人情報を参考にした編集部の目安,
o-0121,約290〜420万円,公開の賃金統計・求人情報を参考にした編集部の目安,
o-0122,約280〜400万円,公開の賃金統計・求人情報を参考にした編集部の目安,
o-0123,約280〜380万円,公開の賃金統計・求人情報を参考にした編集部の目安,
o-0124,約450〜650万円,公開の賃金統計・求人情報を参考にした編集部の目安,
o-0132,約330〜480万円,公開の賃金統計・求人情報を参考にした編集部の目安,
o-0135,"約1,000〜1,800万円",公開の賃金統計・求人情報を参考にした編集部の目安,
o-0136,約300〜420万円,公開の賃金統計・求人情報を参考にした編集部の目安,
o-0137,約300〜400万円,公開の賃金統計・求人情報を参考にした編集部の目安,
o-0138,約280〜400万円,公開の賃金統計・求人情報を参考にした編集部の目安,
o-0141,約330〜480万円,公開の賃金統計・求人情報を参考にした編集部の目安,
o-0145,約350〜500万円,公開の賃金統計・求人情報を参考にした編集部の目安,
o-0146,約300〜450万円,公開の賃金統計・求人情報を参考にした編集部の目安,
o-0147,約400〜600万円,公開の賃金統計・求人情報を参考にした編集部の目安,
o-0151,約600〜900万円,公開の賃金統計・求人情報を参考にした編集部の目安,
o-0152,約280〜400万円,公開の賃金統計・求人情報を参考にした編集部の目安,
o-0154,約400〜600万円,公開の賃金統計・求人情報を参考にした編集部の目安,
o-0156,約300〜430万円,公開の賃金統計・求人情報を参考にした編集部の目安,
o-0157,約350〜490万円,公開の賃金統計・求人情報を参考にした編集部の目安,
o-0158,約320〜440万円,公開の賃金統計・求人情報を参考にした編集部の目安,
o-0159,約320〜440万円,公開の賃金統計・求人情報を参考にした編集部の目安,
o-0160,約320〜450万円,公開の賃金統計・求人情報を参考にした編集部の目安,
o-0162,約380〜550万円,公開の賃金統計・求人情報を参考にした編集部の目安,
o-0164,約300〜450万円,公開の賃金統計・求人情報を参考にした編集部の目安,
o-0165,約280〜380万円,公開の賃金統計・求人情報を参考にした編集部の目安,
o-0168,約350〜500万円,公開の賃金統計・求人情報を参考にした編集部の目安,
o-0170,約380〜540万円,公開の賃金統計・求人情報を参考にした編集部の目安,
o-0171,約350〜500万円,公開の賃金統計・求人情報を参考にした編集部の目安,
o-0176,約400〜600万円,公開の賃金統計・求人情報を参考にした編集部の目安,
o-0180,約300〜500万円,公開の賃金統計・求人情報を参考にした編集部の目安,
o-0182,約280〜380万円,公開の賃金統計・求人情報を参考にした編集部の目安,
o-0184,約300〜420万円,公開の賃金統計・求人情報を参考にした編集部の目安,
o-0187,約300〜400万円,公開の賃金統計・求人情報を参考にした編集部の目安,
o-0190,約320〜450万円,公開の賃金統計・求人情報を参考にした編集部の目安,
o-0192,約500〜750万円,公開の賃金統計・求人情報を参考にした編集部の目安,
o-0193,約300〜400万円,公開の賃金統計・求人情報を参考にした編集部の目安,
o-0204,約350〜500万円,公開の賃金統計・求人情報を参考にした編集部の目安,
o-0206,約600〜900万円,公開の賃金統計・求人情報を参考にした編集部の目安,
o-0209,約400〜650万円,公開の賃金統計・求人情報を参考にした編集部の目安,
o-0211,約450〜650万円,公開の賃金統計・求人情報を参考にした編集部の目安,
o-0212,約500〜800万円,公開の賃金統計・求人情報を参考にした編集部の目安,
o-0213,約300〜420万円,公開の賃金統計・求人情報を参考にした編集部の目安,
o-0216,約300〜400万円,公開の賃金統計・求人情報を参考にした編集部の目安,
o-0217,約400〜550万円,公開の賃金統計・求人情報を参考にした編集部の目安,
o-0220,約280〜380万円,公開の賃金統計・求人情報を参考にした編集部の目安,
o-0221,約280〜380万円,公開の賃金統計・求人情報を参考にした編集部の目安,
o-0223,約380〜550万円,公開の賃金統計・求人情報を参考にした編集部の目安,
o-0229,約350〜430万円,公開の賃金統計・求人情報を参考にした編集部の目安,
o-0231,約320〜400万円,公開の賃金統計・求人情報を参考にした編集部の目安,
o-0233,約400〜560万円,公開の賃金統計・求人情報を参考にした編集部の目安,
o-0241,約450〜650万円,公開の賃金統計・求人情報を参考にした編集部の目安,
o-0247,約330〜450万円,公開の賃金統計・求人情報を参考にした編集部の目安,
o-0248,約330〜480万円,公開の賃金統計・求人情報を参考にした編集部の目安,
o-0255,約400〜600万円,公開の賃金統計・求人情報を参考にした編集部の目安,
o-0256,約400〜500万円,公開の賃金統計・求人情報を参考にした編集部の目安,
o-0257,約280〜420万円,公開の賃金統計・求人情報を参考にした編集部の目安,
o-0258,約470〜560万円,公開の賃金統計・求人情報を参考にした編集部の目安,
o-0260,約350〜480万円,公開の賃金統計・求人情報を参考にした編集部の目安,
o-0261,約340〜420万円,公開の賃金統計・求人情報を参考にした編集部の目安,
o-0263,約330〜460万円,公開の賃金統計・求人情報を参考にした編集部の目安,
o-0264,約330〜470万円,公開の賃金統計・求人情報を参考にした編集部の目安,
o-0266,約330〜460万円,公開の賃金統計・求人情報を参考にした編集部の目安,
o-0267,約330〜470万円,公開の賃金統計・求人情報を参考にした編集部の目安,
o-0273,"約700〜1,000万円",公開の賃金統計・求人情報を参考にした編集部の目安,
o-0274,約350〜500万円,公開の賃金統計・求人情報を参考にした編集部の目安,
o-0276,約330〜460万円,公開の賃金統計・求人情報を参考にした編集部の目安,
o-0278,約300〜450万円,公開の賃金統計・求人情報を参考にした編集部の目安,
o-0282,約350〜520万円,公開の賃金統計・求人情報を参考にした編集部の目安,
o-0284,約400〜470万円,公開の賃金統計・求人情報を参考にした編集部の目安,
o-0286,約330〜460万円,公開の賃金統計・求人情報を参考にした編集部の目安,
o-0288,約450〜650万円,公開の賃金統計・求人情報を参考にした編集部の目安,
o-0289,約550〜650万円,公開の賃金統計・求人情報を参考にした編集部の目安,
o-0295,約400〜580万円,公開の賃金統計・求人情報を参考にした編集部の目安,
o-0296,約400〜580万円,公開の賃金統計・求人情報を参考にした編集部の目安,
o-0297,約450〜650万円,公開の賃金統計・求人情報を参考にした編集部の目安,
o-0299,"約1,000〜1,500万円",公開の賃金統計・求人情報を参考にした編集部の目安,
o-0301,約300〜400万円,公開の賃金統計・求人情報を参考にした編集部の目安,
o-0303,約300〜420万円,公開の賃金統計・求人情報を参考にした編集部の目安,
o-0304,約450〜650万円,公開の賃金統計・求人情報を参考にした編集部の目安,
o-0305,約380〜560万円,公開の賃金統計・求人情報を参考にした編集部の目安,
o-0306,約320〜450万円,公開の賃金統計・求人情報を参考にした編集部の目安,
o-0307,約320〜450万円,公開の賃金統計・求人情報を参考にした編集部の目安,
o-0308,約300〜450万円,公開の賃金統計・求人情報を参考にした編集部の目安,
o-0314,約350〜500万円,公開の賃金統計・求人情報を参考にした編集部の目安,
o-0315,約290〜390万円,公開の賃金統計・求人情報を参考にした編集部の目安,
o-0316,約290〜390万円,公開の賃金統計・求人情報を参考にした編集部の目安,
o-0317,約500〜800万円,公開の賃金統計・求人情報を参考にした編集部の目安,
o-0318,約350〜500万円,公開の賃金統計・求人情報を参考にした編集部の目安,
o-0320,約250〜400万円,公開の賃金統計・求人情報を参考にした編集部の目安,
o-0321,約400〜560万円,公開の賃金統計・求人情報を参考にした編集部の目安,
o-0323,約300〜420万円,公開の賃金統計・求人情報を参考にした編集部の目安,
o-0326,約400〜600万円,公開の賃金統計・求人情報を参考にした編集部の目安,
o-0328,約300〜420万円,公開の賃金統計・求人情報を参考にした編集部の目安,
o-0329,約400〜600万円,公開の賃金統計・求人情報を参考にした編集部の目安,
o-0331,約300〜400万円,公開の賃金統計・求人情報を参考にした編集部の目安,
o-0334,約300〜430万円,公開の賃金統計・求人情報を参考にした編集部の目安,
o-0336,約450〜700万円,公開の賃金統計・求人情報を参考にした編集部の目安,
o-0340,約350〜480万円,公開の賃金統計・求人情報を参考にした編集部の目安,
o-0348,約350〜500万円,公開の賃金統計・求人情報を参考にした編集部の目安,
o-0351,約380〜520万円,公開の賃金統計・求人情報を参考にした編集部の目安,
o-0354,約330〜470万円,公開の賃金統計・求人情報を参考にした編集部の目安,
o-0355,約330〜460万円,公開の賃金統計・求人情報を参考にした編集部の目安,
o-0364,約400〜700万円,公開の賃金統計・求人情報を参考にした編集部の目安,
o-0365,約400〜550万円,公開の賃金統計・求人情報を参考にした編集部の目安,
o-0366,約350〜500万円,公開の賃金統計・求人情報を参考にした編集部の目安,
o-0369,約280〜400万円,公開の賃金統計・求人情報を参考にした編集部の目安,
o-0371,約300〜420万円,公開の賃金統計・求人情報を参考にした編集部の目安,
o-0373,約400〜560万円,公開の賃金統計・求人情報を参考にした編集部の目安,
o-0374,約250〜400万円,公開の賃金統計・求人情報を参考にした編集部の目安,
o-0389,約300〜400万円,公開の賃金統計・求人情報を参考にした編集部の目安,
o-0390,約450〜650万円,公開の賃金統計・求人情報を参考にした編集部の目安,
o-0395,約380〜540万円,公開の賃金統計・求人情報を参考にした編集部の目安,
o-0398,約400〜560万円,公開の賃金統計・求人情報を参考にした編集部の目安,
o-0401,約320〜440万円,公開の賃金統計・求人情報を参考にした編集部の目安,
o-0404,約350〜500万円,公開の賃金統計・求人情報を参考にした編集部の目安,
o-0407,約340〜420万円,公開の賃金統計・求人情報を参考にした編集部の目安,
o-0408,約300〜450万円,公開の賃金統計・求人情報を参考にした編集部の目安,
o-0411,約300〜450万円,公開の賃金統計・求人情報を参考にした編集部の目安,
o-0418,約350〜500万円,公開の賃金統計・求人情報を参考にした編集部の目安,
o-0422,約400〜600万円,公開の賃金統計・求人情報を参考にした編集部の目安,
o-0423,約330〜470万円,公開の賃金統計・求人情報を参考にした編集部の目安,
o-0424,約450〜700万円,公開の賃金統計・求人情報を参考にした編集部の目安,
o-0425,約350〜500万円,公開の賃金統計・求人情報を参考にした編集部の目安,
o-0427,約350〜500万円,公開の賃金統計・求人情報を参考にした編集部の目安,
o-0432,約350〜480万円,公開の賃金統計・求人情報を参考にした編集部の目安,
o-0436,約380〜520万円,公開の賃金統計・求人情報を参考にした編集部の目安,
o-0437,約350〜500万円,公開の賃金統計・求人情報を参考にした編集部の目安,
o-0441,約600〜900万円,公開の賃金統計・求人情報を参考にした編集部の目安,
o-0442,"約700〜1,200万円",公開の賃金統計・求人情報を参考にした編集部の目安,
o-0445,約350〜500万円,公開の賃金統計・求人情報を参考にした編集部の目安,
o-0447,約500〜800万円,公開の賃金統計・求人情報を参考にした編集部の目安,
o-0448,約600〜900万円,公開の賃金統計・求人情報を参考にした編集部の目安,
o-0449,約350〜500万円,公開の賃金統計・求人情報を参考にした編集部の目安,
o-0450,約400〜600万円,公開の賃金統計・求人情報を参考にした編集部の目安,
o-0459,約350〜500万円,公開の賃金統計・求人情報を参考にした編集部の目安,
o-0460,約400〜550万円,公開の賃金統計・求人情報を参考にした編集部の目安,
o-0465,約450〜650万円,公開の賃金統計・求人情報を参考にした編集部の目安,
o-0470,約330〜480万円,公開の賃金統計・求人情報を参考にした編集部の目安,
o-0475,約300〜400万円,公開の賃金統計・求人情報を参考にした編集部の目安,
o-0477,約330〜500万円,公開の賃金統計・求人情報を参考にした編集部の目安,
o-0478,約300〜450万円,公開の賃金統計・求人情報を参考にした編集部の目安,
o-0479,約250〜400万円,公開の賃金統計・求人情報を参考にした編集部の目安,
o-0482,約350〜480万円,公開の賃金統計・求人情報を参考にした編集部の目安,
o-0483,約350〜500万円,公開の賃金統計・求人情報を参考にした編集部の目安,
o-0486,約350〜500万円,公開の賃金統計・求人情報を参考にした編集部の目安,
o-0487,約300〜400万円,公開の賃金統計・求人情報を参考にした編集部の目安,
o-0497,約450〜650万円,公開の賃金統計・求人情報を参考にした編集部の目安,
o-0501,約330〜470万円,公開の賃金統計・求人情報を参考にした編集部の目安,
o-0502,約380〜520万円,公開の賃金統計・求人情報を参考にした編集部の目安,
o-0503,約330〜460万円,公開の賃金統計・求人情報を参考にした編集部の目安,
o-0505,約330〜460万円,公開の賃金統計・求人情報を参考にした編集部の目安,
o-0507,約450〜650万円,公開の賃金統計・求人情報を参考にした編集部の目安,
o-0508,"約700〜1,000万円",公開の賃金統計・求人情報を参考にした編集部の目安,
o-0509,約350〜450万円,公開の賃金統計・求人情報を参考にした編集部の目安,
o-0510,約350〜450万円,公開の賃金統計・求人情報を参考にした編集部の目安,
o-0512,約400〜600万円,公開の賃金統計・求人情報を参考にした編集部の目安,
o-0518,約350〜500万円,公開の賃金統計・求人情報を参考にした編集部の目安,
o-0527,約450〜700万円,公開の賃金統計・求人情報を参考にした編集部の目安,
o-0528,約450〜700万円,公開の賃金統計・求人情報を参考にした編集部の目安,
o-0529,約450〜700万円,公開の賃金統計・求人情報を参考にした編集部の目安,
o-0534,約350〜500万円,公開の賃金統計・求人情報を参考にした編集部の目安,
o-0538,約400〜550万円,公開の賃金統計・求人情報を参考にした編集部の目安,
o-0540,約400〜560万円,公開の賃金統計・求人情報を参考にした編集部の目安,
o-0542,約350〜500万円,公開の賃金統計・求人情報を参考にした編集部の目安,
o-0546,約400〜600万円,公開の賃金統計・求人情報を参考にした編集部の目安,
o-0548,約400〜600万円,公開の賃金統計・求人情報を参考にした編集部の目安,
o-0550,約450〜680万円,公開の賃金統計・求人情報を参考にした編集部の目安,
o-0557,約500〜700万円,公開の賃金統計・求人情報を参考にした編集部の目安,
o-0558,約330〜450万円,公開の賃金統計・求人情報を参考にした編集部の目安,
o-0559,約330〜450万円,公開の賃金統計・求人情報を参考にした編集部の目安,
o-0560,約250〜400万円,公開の賃金統計・求人情報を参考にした編集部の目安,
o-0561,約450〜650万円,公開の賃金統計・求人情報を参考にした編集部の目安,
o-0562,約400〜500万円,公開の賃金統計・求人情報を参考にした編集部の目安,
o-0563,約300〜420万円,公開の賃金統計・求人情報を参考にした編集部の目安,
o-0568,約330〜450万円,公開の賃金統計・求人情報を参考にした編集部の目安,
o-0590,約480〜560万円,公開の賃金統計・求人情報を参考にした編集部の目安,
o-0596,約450〜650万円,公開の賃金統計・求人情報を参考にした編集部の目安,
o-0598,約350〜450万円,公開の賃金統計・求人情報を参考にした編集部の目安,
o-0599,約450〜650万円,公開の賃金統計・求人情報を参考にした編集部の目安,
o-0603,約330〜450万円,公開の賃金統計・求人情報を参考にした編集部の目安,
o-0605,約350〜480万円,公開の賃金統計・求人情報を参考にした編集部の目安,
o-0607,約600〜900万円,公開の賃金統計・求人情報を参考にした編集部の目安,
o-0610,約330〜480万円,公開の賃金統計・求人情報を参考にした編集部の目安,
o-0612,約350〜490万円,公開の賃金統計・求人情報を参考にした編集部の目安,
o-0619,約250〜400万円,公開の賃金統計・求人情報を参考にした編集部の目安,
o-0621,約350〜450万円,公開の賃金統計・求人情報を参考にした編集部の目安,
o-0622,約380〜500万円,公開の賃金統計・求人情報を参考にした編集部の目安,
o-0628,約350〜450万円,公開の賃金統計・求人情報を参考にした編集部の目安,
o-0630,約300〜430万円,公開の賃金統計・求人情報を参考にした編集部の目安,
o-0632,約450〜650万円,公開の賃金統計・求人情報を参考にした編集部の目安,
o-0633,約450〜650万円,公開の賃金統計・求人情報を参考にした編集部の目安,
o-0638,約350〜500万円,公開の賃金統計・求人情報を参考にした編集部の目安,
o-0640,約330〜460万円,公開の賃金統計・求人情報を参考にした編集部の目安,
o-0642,約330〜450万円,公開の賃金統計・求人情報を参考にした編集部の目安,
o-0645,約330〜470万円,公開の賃金統計・求人情報を参考にした編集部の目安,
o-0650,約330〜480万円,公開の賃金統計・求人情報を参考にした編集部の目安,
o-0655,約300〜420万円,公開の賃金統計・求人情報を参考にした編集部の目安,
o-0656,約280〜400万円,公開の賃金統計・求人情報を参考にした編集部の目安,
o-0658,約400〜500万円,公開の賃金統計・求人情報を参考にした編集部の目安,
o-0661,約400〜520万円,公開の賃金統計・求人情報を参考にした編集部の目安,
o-0663,約450〜550万円,公開の賃金統計・求人情報を参考にした編集部の目安,
o-0666,約330〜470万円,公開の賃金統計・求人情報を参考にした編集部の目安,
o-0667,約330〜450万円,公開の賃金統計・求人情報を参考にした編集部の目安,
o-0669,約330〜480万円,公開の賃金統計・求人情報を参考にした編集部の目安,
o-0670,"約700〜1,500万円",公開の賃金統計・求人情報を参考にした編集部の目安,
o-0671,約450〜650万円,公開の賃金統計・求人情報を参考にした編集部の目安,
o-0672,約450〜650万円,公開の賃金統計・求人情報を参考にした編集部の目安,
o-0674,約450〜650万円,公開の賃金統計・求人情報を参考にした編集部の目安,
o-0678,約330〜470万円,公開の賃金統計・求人情報を参考にした編集部の目安,
o-0686,約500〜650万円,公開の賃金統計・求人情報を参考にした編集部の目安,
o-0689,約400〜600万円,公開の賃金統計・求人情報を参考にした編集部の目安,
o-0697,約330〜480万円,公開の賃金統計・求人情報を参考にした編集部の目安,
o-0705,約400〜560万円,公開の賃金統計・求人情報を参考にした編集部の目安,
o-0707,約330〜470万円,公開の賃金統計・求人情報を参考にした編集部の目安,
o-0709,約380〜480万円,公開の賃金統計・求人情報を参考にした編集部の目安,
o-0711,約350〜500万円,公開の賃金統計・求人情報を参考にした編集部の目安,
o-0712,約400〜500万円,公開の賃金統計・求人情報を参考にした編集部の目安,
o-0715,約300〜400万円,公開の賃金統計・求人情報を参考にした編集部の目安,
o-0718,約380〜540万円,公開の賃金統計・求人情報を参考にした編集部の目安,
o-0721,約350〜500万円,公開の賃金統計・求人情報を参考にした編集部の目安,
o-0723,約350〜520万円,公開の賃金統計・求人情報を参考にした編集部の目安,
o-0724,約350〜520万円,公開の賃金統計・求人情報を参考にした編集部の目安,
o-0729,約450〜550万円,公開の賃金統計・求人情報を参考にした編集部の目安,
o-0730,約600〜900万円,公開の賃金統計・求人情報を参考にした編集部の目安,
o-0733,約300〜450万円,公開の賃金統計・求人情報を参考にした編集部の目安,
o-0735,約300〜420万円,公開の賃金統計・求人情報を参考にした編集部の目安,
o-0736,約300〜400万円,公開の賃金統計・求人情報を参考にした編集部の目安,
o-0738,約450〜650万円,公開の賃金統計・求人情報を参考にした編集部の目安,
o-0741,約380〜550万円,公開の賃金統計・求人情報を参考にした編集部の目安,
o-0742,約300〜400万円,公開の賃金統計・求人情報を参考にした編集部の目安,
o-0746,約350〜480万円,公開の賃金統計・求人情報を参考にした編集部の目安,
o-0752,約250〜400万円,公開の賃金統計・求人情報を参考にした編集部の目安,
o-0758,約400〜560万円,公開の賃金統計・求人情報を参考にした編集部の目安,
o-0762,約300〜420万円,公開の賃金統計・求人情報を参考にした編集部の目安,
o-0770,約350〜600万円,公開の賃金統計・求人情報を参考にした編集部の目安,
o-0771,約350〜550万円,公開の賃金統計・求人情報を参考にした編集部の目安,
o-0772,約400〜550万円,公開の賃金統計・求人情報を参考にした編集部の目安,
o-0774,約300〜450万円,公開の賃金統計・求人情報を参考にした編集部の目安,
o-0777,約320〜460万円,公開の賃金統計・求人情報を参考にした編集部の目安,
o-0786,約380〜520万円,公開の賃金統計・求人情報を参考にした編集部の目安,
o-0789,約330〜470万円,公開の賃金統計・求人情報を参考にした編集部の目安,
o-0790,約350〜500万円,公開の賃金統計・求人情報を参考にした編集部の目安,
o-0791,約350〜480万円,公開の賃金統計・求人情報を参考にした編集部の目安,
o-0797,約380〜520万円,公開の賃金統計・求人情報を参考にした編集部の目安,
o-0799,約380〜520万円,公開の賃金統計・求人情報を参考にした編集部の目安,
o-0801,約430〜620万円,公開の賃金統計・求人情報を参考にした編集部の目安,
o-0805,約330〜470万円,公開の賃金統計・求人情報を参考にした編集部の目安,
o-0807,約350〜480万円,公開の賃金統計・求人情報を参考にした編集部の目安,
o-0812,約350〜500万円,公開の賃金統計・求人情報を参考にした編集部の目安,
o-0817,約350〜480万円,公開の賃金統計・求人情報を参考にした編集部の目安,
o-0820,約500〜700万円,公開の賃金統計・求人情報を参考にした編集部の目安,
o-0823,約330〜470万円,公開の賃金統計・求人情報を参考にした編集部の目安,
o-0826,約550〜800万円,公開の賃金統計・求人情報を参考にした編集部の目安,
o-0827,約350〜480万円,公開の賃金統計・求人情報を参考にした編集部の目安,
o-0832,約350〜500万円,公開の賃金統計・求人情報を参考にした編集部の目安,
o-0837,約350〜500万円,公開の賃金統計・求人情報を参考にした編集部の目安,
o-0838,約320〜440万円,公開の賃金統計・求人情報を参考にした編集部の目安,
o-0840,約450〜650万円,公開の賃金統計・求人情報を参考にした編集部の目安,
o-0841,約450〜650万円,公開の賃金統計・求人情報を参考にした編集部の目安,
o-0842,約450〜650万円,公開の賃金統計・求人情報を参考にした編集部の目安,
o-0846,約350〜500万円,公開の賃金統計・求人情報を参考にした編集部の目安,
o-0848,約330〜470万円,公開の賃金統計・求人情報を参考にした編集部の目安,
o-0849,約350〜490万円,公開の賃金統計・求人情報を参考にした編集部の目安,
o-0857,約500〜700万円,公開の賃金統計・求人情報を参考にした編集部の目安,
o-0860,約300〜470万円,公開の賃金統計・求人情報を参考にした編集部の目安,
o-0861,約300〜450万円,公開の賃金統計・求人情報を参考にした編集部の目安,
o-0871,約450〜650万円,公開の賃金統計・求人情報を参考にした編集部の目安,
o-0876,約450〜680万円,公開の賃金統計・求人情報を参考にした編集部の目安,
o-0877,約380〜540万円,公開の賃金統計・求人情報を参考にした編集部の目安,
