occ_id,summary,source
o-0004,CADオペレーターは、CADソフトで建築・機械などの図面を作成・修正する職種です。CAD利用技術者などの資格と製図の知識が評価されます。,編集部による職種解説
o-0036,Webコーダーは、デザインをもとにHTML/CSSなどでWebページを実装する職種です。マークアップやウェブデザイン技能の資格・スキルが基礎となります。,編集部による職種解説
o-0037,Webデザイナーは、WebサイトのデザインやUIを制作する職種です。配色・レイアウトの知識に加え、HTML/CSSやデザインツール、ウェブデザイン技能の資格が強みになります。,編集部による職種解説
o-0039,Web制作スタッフは、Webサイトの企画・制作・更新を担う職種です。デザイン・コーディング・運用の幅広いスキルと関連資格が活きます。,編集部による職種解説
o-0043,とび職は、高所で足場の組立・解体や鉄骨建方を行う建設の専門職です。足場・玉掛けなどの技能講習・資格が必須・推奨となります。,編集部による職種解説
o-0058,インフラエンジニアは、サーバ・ネットワーク・クラウドなどITインフラの設計・構築・運用を担う職種です。ネットワークやデータベース等の高度区分、クラウド資格が強みになります。,編集部による職種解説
o-0063,オフィスワークは、データ入力・書類作成・庶務などオフィスの内勤業務全般を指します。WordやExcelの操作、文書処理の資格が評価されやすい職種です。,編集部による職種解説
o-0089,システムエンジニアは、情報システムの要件定義・設計・開発・テストを担うIT技術者です。基本情報・応用情報などの情報処理技術者試験が登竜門となります。,編集部による職種解説
o-0112,データベース管理補助は、業務システムのデータベース運用・保守を補助する職種です。SQLやデータベーススペシャリストなどのIT系資格が役立ちます。,編集部による職種解説
o-0132,バス・タクシー運転手は、旅客を安全に輸送する職種です。第二種運転免許が必須で、運行管理や接客の知識も求められます。,編集部による職種解説
o-0135,パイロットは、航空機を操縦する職種です。事業用・定期運送用操縦士などの国家資格と航空無線通信士等が必要で、高度な技能と健康管理が求められます。,編集部による職種解説
o-0141,ビルメンテナンスは、ビルの電気・空調・給排水・清掃・防災設備などを維持管理する職種です。電気工事士・ボイラー・危険物など複数資格の組み合わせが有利です。,編集部による職種解説
o-0145,ビル設備管理は、ビルの電気・空調・衛生などの設備を監視・点検・保守する職種です。電気主任技術者・電気工事士・ボイラー・危険物などの資格が活きます。,編集部による職種解説
o-0154,フロントエンドエンジニアは、WebサイトやアプリのユーザーインターフェースをHTML/CSS/JavaScriptで実装する職種です。Web系の技能・資格が役立ちます。,編集部による職種解説
o-0162,プログラマは、仕様に基づきプログラムを設計・コーディング・テストする職種です。基本情報技術者や言語系の認定資格が基礎力の証明になります。,編集部による職種解説
o-0180,ライターは、記事・広告・Webコンテンツなどの文章を執筆する職種です。文章表現や校正、SEO・Webの知識に関するスキルが活きます。,編集部による職種解説
o-0193,一般事務は、書類作成・データ入力・電話応対・ファイリングなど組織の運営を支える幅広い事務作業を担う職種です。PC操作や簿記・文書処理の資格が評価されやすく、業種を問わず求人があります。,編集部による職種解説
o-0247,会計事務は、仕訳・帳簿付け・試算表作成など会計記録を扱う事務です。簿記の知識が基礎となり、会計ソフトの操作スキルも求められます。,編集部による職種解説
o-0248,会計事務所スタッフは、税理士・会計事務所で記帳代行・決算・税務申告の補助や顧問先対応を行う職種です。簿記・税務の知識が日々の業務に直結します。,編集部による職種解説
o-0301,医療事務は、病院・クリニックで受付・会計・診療報酬請求（レセプト）などを担う事務職です。医療事務系の民間資格が就職で評価されます。,編集部による職種解説
o-0328,営業事務は、見積・受発注・請求書作成や顧客対応など営業担当をサポートする内勤の事務職です。PC・簿記・ビジネス文書のスキルが役立ちます。,編集部による職種解説
o-0329,営業職は、顧客への提案・商談・契約を通じて自社の商品・サービスを販売する職種です。業界知識に加え、簿記・FP・販売士などの資格が信頼につながります。,編集部による職種解説
o-0340,土木作業員は、道路・橋梁・河川・上下水道などの土木工事現場で施工に従事する職種です。玉掛けや車両系建設機械などの技能資格が作業範囲を広げます。,編集部による職種解説
o-0424,建設コンサルタントは、道路・河川・橋梁など社会資本の調査・計画・設計を担う技術者です。技術士（建設部門）やRCCMなどの資格が業務に直結します。,編集部による職種解説
o-0432,建設作業員は、建築・土木の工事現場で各種作業に従事する職種です。玉掛け・足場・車両系建設機械などの技能資格が作業範囲と安全を支えます。,編集部による職種解説
o-0448,技術士は、科学技術の高度な応用能力を国が認定する技術系最高峰の国家資格者です。建設・電気電子・機械・情報工学など部門ごとに、計画・研究・設計・評価や技術指導を担います。,編集部による職種解説
o-0475,日本語教師は、外国人に日本語を教える専門職です。国内外の日本語教育機関で活躍し、日本語教育能力検定などの資格が採用で重視されます。,編集部による職種解説
o-0527,海外営業は、海外の取引先・市場を対象に商談・契約・出荷調整などを行う営業職です。語学力に加え、貿易実務の知識が強みになります。,編集部による職種解説
o-0560,珠算教室講師は、そろばん・暗算を指導する職種です。珠算・暗算検定の段位や指導スキルが信頼につながります。,編集部による職種解説
o-0561,現場監督は、建設・土木の工事現場で工程・品質・安全・原価を管理する職種です。施工管理技士などの国家資格がキャリアアップに直結します。,編集部による職種解説
o-0605,秘書は、経営者・役員のスケジュール管理・来客応対・文書作成などを支える職種です。秘書検定やビジネスマナー・文書のスキルが評価されます。,編集部による職種解説
o-0610,税理士補助は、税理士事務所で申告書作成・記帳・税務調査対応などを補助する職種です。簿記・税法の知識を積みながら税理士を目指す人も多い職種です。,編集部による職種解説
o-0642,経理事務は、伝票処理・記帳・売掛買掛管理・月次決算の補助など、企業のお金の流れを記録・管理する事務職です。日商簿記をはじめとする会計系資格が直結します。,編集部による職種解説
o-0650,編集・校正スタッフは、書籍・雑誌・Webの原稿を編集し、誤字脱字や表記を整える職種です。校正・文章・日本語に関するスキルが役立ちます。,編集部による職種解説
o-0667,自動車整備士は、自動車の点検・整備・分解・故障診断を行う専門職です。国家資格が業務に直結し、電動化・電子制御への対応力も重視されます。,編集部による職種解説
o-0711,解体作業員は、建物・構造物の解体工事に従事する職種です。石綿（アスベスト）作業主任者や各種技能講習など、安全関連の資格が求められます。,編集部による職種解説
o-0733,語学教師は、英語など外国語を教える職種です。語学資格（英検・TOEIC等）や指導力が採用で重視されます。,編集部による職種解説
o-0746,貿易事務は、輸出入に伴う通関・船積書類の作成や納期・在庫の調整、海外取引先との連絡を担う事務です。貿易実務や英語の力が求められます。,編集部による職種解説
o-0770,通訳・翻訳者は、異なる言語間で話し言葉（通訳）・書き言葉（翻訳）を橋渡しする職種です。高い語学力と専門分野の知識、検定資格が評価されます。,編集部による職種解説
o-0807,金融事務は、銀行・証券・保険など金融機関で口座管理・入出金・各種手続きや書類処理を担う事務職です。金融・財務やFP系の知識が活きます。,編集部による職種解説
