occ_id,name,major_category,cert_count,source
o-0193,一般事務,商業・販売・事務,55,厚労省 職業情報提供サイト（jobtag）を出所とする careers の正規化
o-0642,経理事務,会計・金融・経営,46,厚労省 職業情報提供サイト（jobtag）を出所とする careers の正規化
o-0247,会計事務,会計・金融・経営,27,厚労省 職業情報提供サイト（jobtag）を出所とする careers の正規化
o-0807,金融事務,会計・金融・経営,26,厚労省 職業情報提供サイト（jobtag）を出所とする careers の正規化
o-0746,貿易事務,商業・販売・事務,17,厚労省 職業情報提供サイト（jobtag）を出所とする careers の正規化
o-0448,技術士,機械・電気・ものづくり,16,厚労省 職業情報提供サイト（jobtag）を出所とする careers の正規化
o-0328,営業事務,商業・販売・事務,14,厚労省 職業情報提供サイト（jobtag）を出所とする careers の正規化
o-0527,海外営業,語学・コミュニケーション,13,厚労省 職業情報提供サイト（jobtag）を出所とする careers の正規化
o-0560,珠算教室講師,会計・金融・経営,13,厚労省 職業情報提供サイト（jobtag）を出所とする careers の正規化
o-0667,自動車整備士,機械・電気・ものづくり,12,厚労省 職業情報提供サイト（jobtag）を出所とする careers の正規化
o-0248,会計事務所スタッフ,会計・金融・経営,11,厚労省 職業情報提供サイト（jobtag）を出所とする careers の正規化
o-0340,土木作業員,土木・測量・建設,11,厚労省 職業情報提供サイト（jobtag）を出所とする careers の正規化
o-0043,とび職,建築・設備,10,厚労省 職業情報提供サイト（jobtag）を出所とする careers の正規化
o-0063,オフィスワーク,商業・販売・事務,10,厚労省 職業情報提供サイト（jobtag）を出所とする careers の正規化
o-0089,システムエンジニア,IT・情報処理,10,厚労省 職業情報提供サイト（jobtag）を出所とする careers の正規化
o-0475,日本語教師,語学・コミュニケーション,10,厚労省 職業情報提供サイト（jobtag）を出所とする careers の正規化
o-0561,現場監督,土木・測量・建設,10,厚労省 職業情報提供サイト（jobtag）を出所とする careers の正規化
o-0711,解体作業員,設備・プラント・機械運転,10,厚労省 職業情報提供サイト（jobtag）を出所とする careers の正規化
o-0180,ライター,語学・コミュニケーション,9,厚労省 職業情報提供サイト（jobtag）を出所とする careers の正規化
o-0241,企業の税務担当,会計・金融・経営,9,厚労省 職業情報提供サイト（jobtag）を出所とする careers の正規化
o-0301,医療事務,商業・販売・事務,9,厚労省 職業情報提供サイト（jobtag）を出所とする careers の正規化
o-0610,税理士補助,会計・金融・経営,9,厚労省 職業情報提供サイト（jobtag）を出所とする careers の正規化
o-0640,経理・税務事務,会計・金融・経営,9,厚労省 職業情報提供サイト（jobtag）を出所とする careers の正規化
o-0650,編集・校正スタッフ,語学・コミュニケーション,9,厚労省 職業情報提供サイト（jobtag）を出所とする careers の正規化
o-0037,Webデザイナー,IT・情報処理,8,厚労省 職業情報提供サイト（jobtag）を出所とする careers の正規化
o-0056,インバウンド接客スタッフ,語学・コミュニケーション,8,厚労省 職業情報提供サイト（jobtag）を出所とする careers の正規化
o-0112,データベース管理補助,IT・情報処理,8,厚労省 職業情報提供サイト（jobtag）を出所とする careers の正規化
o-0113,データ入力・集計スタッフ,商業・販売・事務,8,厚労省 職業情報提供サイト（jobtag）を出所とする careers の正規化
o-0135,パイロット,運輸・運転・航空,8,厚労省 職業情報提供サイト（jobtag）を出所とする careers の正規化
o-0151,フライトエンジニア,運輸・運転・航空,8,厚労省 職業情報提供サイト（jobtag）を出所とする careers の正規化
o-0213,事務職,商業・販売・事務,8,厚労省 職業情報提供サイト（jobtag）を出所とする careers の正規化
o-0374,宛名・筆耕業務,語学・コミュニケーション,8,厚労省 職業情報提供サイト（jobtag）を出所とする careers の正規化
o-0432,建設作業員,建築・設備,8,厚労省 職業情報提供サイト（jobtag）を出所とする careers の正規化
o-0479,書道教室講師,語学・コミュニケーション,8,厚労省 職業情報提供サイト（jobtag）を出所とする careers の正規化
o-0619,筆耕士,語学・コミュニケーション,8,厚労省 職業情報提供サイト（jobtag）を出所とする careers の正規化
o-0670,航空会社の運航乗務員,運輸・運転・航空,8,厚労省 職業情報提供サイト（jobtag）を出所とする careers の正規化
o-0733,語学教師,語学・コミュニケーション,8,厚労省 職業情報提供サイト（jobtag）を出所とする careers の正規化
o-0752,賞状書士,語学・コミュニケーション,8,厚労省 職業情報提供サイト（jobtag）を出所とする careers の正規化
o-0770,通訳・翻訳者,語学・コミュニケーション,8,厚労省 職業情報提供サイト（jobtag）を出所とする careers の正規化
o-0036,Webコーダー,IT・情報処理,7,厚労省 職業情報提供サイト（jobtag）を出所とする careers の正規化
o-0039,Web制作スタッフ,IT・情報処理,7,厚労省 職業情報提供サイト（jobtag）を出所とする careers の正規化
o-0141,ビルメンテナンス,機械・電気・ものづくり,7,厚労省 職業情報提供サイト（jobtag）を出所とする careers の正規化
o-0154,フロントエンドエンジニア,IT・情報処理,7,厚労省 職業情報提供サイト（jobtag）を出所とする careers の正規化
o-0162,プログラマ,IT・情報処理,7,厚労省 職業情報提供サイト（jobtag）を出所とする careers の正規化
o-0418,建築現場スタッフ,建築・設備,7,厚労省 職業情報提供サイト（jobtag）を出所とする careers の正規化
o-0424,建設コンサルタント,土木・測量・建設,7,厚労省 職業情報提供サイト（jobtag）を出所とする careers の正規化
o-0447,技術コンサルタント,機械・電気・ものづくり,7,厚労省 職業情報提供サイト（jobtag）を出所とする careers の正規化
o-0465,施工管理・作業主任者,建築・設備,7,厚労省 職業情報提供サイト（jobtag）を出所とする careers の正規化
o-0108,ディスプレイデザイナー,デザイン・美術・文化,6,厚労省 職業情報提供サイト（jobtag）を出所とする careers の正規化
o-0120,トンネル工事作業員,土木・測量・建設,6,厚労省 職業情報提供サイト（jobtag）を出所とする careers の正規化
o-0373,安全衛生管理者,建築・設備,6,厚労省 職業情報提供サイト（jobtag）を出所とする careers の正規化
o-0425,建設・採石作業員,土木・測量・建設,6,厚労省 職業情報提供サイト（jobtag）を出所とする careers の正規化
o-0427,建設・設備作業員,建築・設備,6,厚労省 職業情報提供サイト（jobtag）を出所とする careers の正規化
o-0540,港湾荷役作業員,建築・設備,6,厚労省 職業情報提供サイト（jobtag）を出所とする careers の正規化
o-0605,秘書,商業・販売・事務,6,厚労省 職業情報提供サイト（jobtag）を出所とする careers の正規化
o-0004,CADオペレーター,建築・設備,5,厚労省 職業情報提供サイト（jobtag）を出所とする careers の正規化
o-0058,インフラエンジニア,IT・情報処理,5,厚労省 職業情報提供サイト（jobtag）を出所とする careers の正規化
o-0132,バス・タクシー運転手,運輸・運転・航空,5,厚労省 職業情報提供サイト（jobtag）を出所とする careers の正規化
o-0145,ビル設備管理,安全・環境・危険物,5,厚労省 職業情報提供サイト（jobtag）を出所とする careers の正規化
o-0329,営業職,商業・販売・事務,5,厚労省 職業情報提供サイト（jobtag）を出所とする careers の正規化
o-0364,外資系企業スタッフ,語学・コミュニケーション,5,厚労省 職業情報提供サイト（jobtag）を出所とする careers の正規化
o-0436,建設機械オペレーター,設備・プラント・機械運転,5,厚労省 職業情報提供サイト（jobtag）を出所とする careers の正規化
o-0470,旅客運送ドライバー,運輸・運転・航空,5,厚労省 職業情報提供サイト（jobtag）を出所とする careers の正規化
o-0678,英文事務,語学・コミュニケーション,5,厚労省 職業情報提供サイト（jobtag）を出所とする careers の正規化
o-0721,設備管理,機械・電気・ものづくり,5,厚労省 職業情報提供サイト（jobtag）を出所とする careers の正規化
o-0762,送迎ドライバー,運輸・運転・航空,5,厚労省 職業情報提供サイト（jobtag）を出所とする careers の正規化
o-0047,めっき工,機械・電気・ものづくり,4,厚労省 職業情報提供サイト（jobtag）を出所とする careers の正規化
o-0062,エンジン組立て,機械・電気・ものづくり,4,厚労省 職業情報提供サイト（jobtag）を出所とする careers の正規化
o-0073,クレーンオペレーター,設備・プラント・機械運転,4,厚労省 職業情報提供サイト（jobtag）を出所とする careers の正規化
o-0096,ソムリエ,美容・サービス・スポーツ,4,厚労省 職業情報提供サイト（jobtag）を出所とする careers の正規化
o-0158,プラスチック成形工,機械・電気・ものづくり,4,厚労省 職業情報提供サイト（jobtag）を出所とする careers の正規化
o-0159,プリント配線板製造,機械・電気・ものづくり,4,厚労省 職業情報提供サイト（jobtag）を出所とする careers の正規化
o-0288,制御技術者,IT・情報処理,4,厚労省 職業情報提供サイト（jobtag）を出所とする careers の正規化
o-0296,化学工場の作業員・作業主任者,機械・電気・ものづくり,4,厚労省 職業情報提供サイト（jobtag）を出所とする careers の正規化
o-0316,受付・会計,商業・販売・事務,4,厚労省 職業情報提供サイト（jobtag）を出所とする careers の正規化
o-0354,塗装・表面処理作業者,機械・電気・ものづくり,4,厚労省 職業情報提供サイト（jobtag）を出所とする careers の正規化
o-0395,工事担任者,電気・通信,4,厚労省 職業情報提供サイト（jobtag）を出所とする careers の正規化
o-0398,工場の作業主任者,機械・電気・ものづくり,4,厚労省 職業情報提供サイト（jobtag）を出所とする careers の正規化
o-0401,工場・建設現場の荷役スタッフ,設備・プラント・機械運転,4,厚労省 職業情報提供サイト（jobtag）を出所とする careers の正規化
o-0449,技術文書作成スタッフ,語学・コミュニケーション,4,厚労省 職業情報提供サイト（jobtag）を出所とする careers の正規化
o-0450,技術翻訳者,語学・コミュニケーション,4,厚労省 職業情報提供サイト（jobtag）を出所とする careers の正規化
o-0503,機械加工オペレーター,機械・電気・ものづくり,4,厚労省 職業情報提供サイト（jobtag）を出所とする careers の正規化
o-0505,機械検査,機械・電気・ものづくり,4,厚労省 職業情報提供サイト（jobtag）を出所とする careers の正規化
o-0528,海外対応エンジニア,語学・コミュニケーション,4,厚労省 職業情報提供サイト（jobtag）を出所とする careers の正規化
o-0529,海外技術営業,語学・コミュニケーション,4,厚労省 職業情報提供サイト（jobtag）を出所とする careers の正規化
o-0558,玉掛け作業員,設備・プラント・機械運転,4,厚労省 職業情報提供サイト（jobtag）を出所とする careers の正規化
o-0633,組込み開発エンジニア,IT・情報処理,4,厚労省 職業情報提供サイト（jobtag）を出所とする careers の正規化
o-0645,総務,商業・販売・事務,4,厚労省 職業情報提供サイト（jobtag）を出所とする careers の正規化
o-0705,製造現場の安全衛生管理者,機械・電気・ものづくり,4,厚労省 職業情報提供サイト（jobtag）を出所とする careers の正規化
o-0707,製造設備オペレーター,機械・電気・ものづくり,4,厚労省 職業情報提供サイト（jobtag）を出所とする careers の正規化
o-0718,設備保全スタッフ,機械・電気・ものづくり,4,厚労省 職業情報提供サイト（jobtag）を出所とする careers の正規化
o-0790,配管工,建築・設備,4,厚労省 職業情報提供サイト（jobtag）を出所とする careers の正規化
o-0797,重機オペレーター,設備・プラント・機械運転,4,厚労省 職業情報提供サイト（jobtag）を出所とする careers の正規化
o-0805,金属熱処理工,機械・電気・ものづくり,4,厚労省 職業情報提供サイト（jobtag）を出所とする careers の正規化
o-0837,電子回路設計補助,IT・情報処理,4,厚労省 職業情報提供サイト（jobtag）を出所とする careers の正規化
o-0838,電子機器組立て,機械・電気・ものづくり,4,厚労省 職業情報提供サイト（jobtag）を出所とする careers の正規化
o-0841,電気・電子系技術者,IT・情報処理,4,厚労省 職業情報提供サイト（jobtag）を出所とする careers の正規化
o-0002,3DCGクリエイター,デザイン・美術・文化,3,厚労省 職業情報提供サイト（jobtag）を出所とする careers の正規化
o-0006,CGデザイナー,デザイン・美術・文化,3,厚労省 職業情報提供サイト（jobtag）を出所とする careers の正規化
o-0008,C言語開発者,IT・情報処理,3,厚労省 職業情報提供サイト（jobtag）を出所とする careers の正規化
o-0014,ICT支援員,IT・情報処理,3,厚労省 職業情報提供サイト（jobtag）を出所とする careers の正規化
o-0015,ITエンジニア,IT・情報処理,3,厚労省 職業情報提供サイト（jobtag）を出所とする careers の正規化
o-0028,Java開発エンジニア,IT・情報処理,3,厚労省 職業情報提供サイト（jobtag）を出所とする careers の正規化
o-0032,POP制作スタッフ,デザイン・美術・文化,3,厚労省 職業情報提供サイト（jobtag）を出所とする careers の正規化
o-0049,アプリケーション開発者,IT・情報処理,3,厚労省 職業情報提供サイト（jobtag）を出所とする careers の正規化
o-0067,ガソリンスタンド,機械・電気・ものづくり,3,厚労省 職業情報提供サイト（jobtag）を出所とする careers の正規化
o-0070,キャリアコンサルタント,福祉・介護・心理,3,厚労省 職業情報提供サイト（jobtag）を出所とする careers の正規化
o-0077,ゲームグラフィッカー,デザイン・美術・文化,3,厚労省 職業情報提供サイト（jobtag）を出所とする careers の正規化
o-0083,サウンドクリエイター,デザイン・美術・文化,3,厚労省 職業情報提供サイト（jobtag）を出所とする careers の正規化
o-0100,ダイカスト工,機械・電気・ものづくり,3,厚労省 職業情報提供サイト（jobtag）を出所とする careers の正規化
o-0107,テクニカルイラストレーター,機械・電気・ものづくり,3,厚労省 職業情報提供サイト（jobtag）を出所とする careers の正規化
o-0117,トラックドライバー,運輸・運転・航空,3,厚労省 職業情報提供サイト（jobtag）を出所とする careers の正規化
o-0122,ネイリスト,美容・サービス・スポーツ,3,厚労省 職業情報提供サイト（jobtag）を出所とする careers の正規化
o-0123,ネイルサロンスタッフ,美容・サービス・スポーツ,3,厚労省 職業情報提供サイト（jobtag）を出所とする careers の正規化
o-0136,パソコンインストラクター,IT・情報処理,3,厚労省 職業情報提供サイト（jobtag）を出所とする careers の正規化
o-0138,パン製造,食品・調理・栄養,3,厚労省 職業情報提供サイト（jobtag）を出所とする careers の正規化
o-0139,ビジネスパーソン全般,語学・コミュニケーション,3,厚労省 職業情報提供サイト（jobtag）を出所とする careers の正規化
o-0146,ピアノ調律師,美容・サービス・スポーツ,3,厚労省 職業情報提供サイト（jobtag）を出所とする careers の正規化
o-0160,プレス加工オペレーター,機械・電気・ものづくり,3,厚労省 職業情報提供サイト（jobtag）を出所とする careers の正規化
o-0168,ボイラー技士,設備・プラント・機械運転,3,厚労省 職業情報提供サイト（jobtag）を出所とする careers の正規化
o-0184,レストランサービス,美容・サービス・スポーツ,3,厚労省 職業情報提供サイト（jobtag）を出所とする careers の正規化
o-0187,レセプト業務,商業・販売・事務,3,厚労省 職業情報提供サイト（jobtag）を出所とする careers の正規化
o-0204,不動産管理,不動産,3,厚労省 職業情報提供サイト（jobtag）を出所とする careers の正規化
o-0216,事務職全般,商業・販売・事務,3,厚労省 職業情報提供サイト（jobtag）を出所とする careers の正規化
o-0257,作編曲アシスタント,デザイン・美術・文化,3,厚労省 職業情報提供サイト（jobtag）を出所とする careers の正規化
o-0267,光学機器製造,機械・電気・ものづくり,3,厚労省 職業情報提供サイト（jobtag）を出所とする careers の正規化
o-0276,内装仕上げ工,建築・設備,3,厚労省 職業情報提供サイト（jobtag）を出所とする careers の正規化
o-0278,写真技能者,機械・電気・ものづくり,3,厚労省 職業情報提供サイト（jobtag）を出所とする careers の正規化
o-0303,医療秘書,語学・コミュニケーション,3,厚労省 職業情報提供サイト（jobtag）を出所とする careers の正規化
o-0305,半導体製造オペレーター,機械・電気・ものづくり,3,厚労省 職業情報提供サイト（jobtag）を出所とする careers の正規化
o-0315,受付,商業・販売・事務,3,厚労省 職業情報提供サイト（jobtag）を出所とする careers の正規化
o-0320,和裁士,機械・電気・ものづくり,3,厚労省 職業情報提供サイト（jobtag）を出所とする careers の正規化
o-0323,商品装飾,商業・販売・事務,3,厚労省 職業情報提供サイト（jobtag）を出所とする careers の正規化
o-0334,園芸装飾,デザイン・美術・文化,3,厚労省 職業情報提供サイト（jobtag）を出所とする careers の正規化
o-0369,婦人子供服製造,機械・電気・ものづくり,3,厚労省 職業情報提供サイト（jobtag）を出所とする careers の正規化
o-0389,小売店スタッフ,商業・販売・事務,3,厚労省 職業情報提供サイト（jobtag）を出所とする careers の正規化
o-0408,広告美術,機械・電気・ものづくり,3,厚労省 職業情報提供サイト（jobtag）を出所とする careers の正規化
o-0411,庭師,農林水産・動物,3,厚労省 職業情報提供サイト（jobtag）を出所とする careers の正規化
o-0423,建築設計補助,建築・設備,3,厚労省 職業情報提供サイト（jobtag）を出所とする careers の正規化
o-0437,建設機械整備士,機械・電気・ものづくり,3,厚労省 職業情報提供サイト（jobtag）を出所とする careers の正規化
o-0445,情報配線施工,電気・通信,3,厚労省 職業情報提供サイト（jobtag）を出所とする careers の正規化
o-0459,放電加工オペレーター,機械・電気・ものづくり,3,厚労省 職業情報提供サイト（jobtag）を出所とする careers の正規化
o-0477,映像制作スタッフ,デザイン・美術・文化,3,厚労省 職業情報提供サイト（jobtag）を出所とする careers の正規化
o-0478,時計修理技術者,機械・電気・ものづくり,3,厚労省 職業情報提供サイト（jobtag）を出所とする careers の正規化
o-0482,板金工,機械・電気・ものづくり,3,厚労省 職業情報提供サイト（jobtag）を出所とする careers の正規化
o-0501,機械仕上げ・組立て,機械・電気・ものづくり,3,厚労省 職業情報提供サイト（jobtag）を出所とする careers の正規化
o-0502,機械保全,機械・電気・ものづくり,3,厚労省 職業情報提供サイト（jobtag）を出所とする careers の正規化
o-0518,油圧装置の組立・調整,機械・電気・ものづくり,3,厚労省 職業情報提供サイト（jobtag）を出所とする careers の正規化
o-0546,火薬類製造保安責任者,機械・電気・ものづくり,3,厚労省 職業情報提供サイト（jobtag）を出所とする careers の正規化
o-0548,無線通信士,電気・通信,3,厚労省 職業情報提供サイト（jobtag）を出所とする careers の正規化
o-0599,社内SE,IT・情報処理,3,厚労省 職業情報提供サイト（jobtag）を出所とする careers の正規化
o-0612,空気圧装置の組立て,機械・電気・ものづくり,3,厚労省 職業情報提供サイト（jobtag）を出所とする careers の正規化
o-0630,紳士服製造,機械・電気・ものづくり,3,厚労省 職業情報提供サイト（jobtag）を出所とする careers の正規化
o-0632,組込みソフトウェア開発者,IT・情報処理,3,厚労省 職業情報提供サイト（jobtag）を出所とする careers の正規化
o-0656,美容関連スタッフ,美容・サービス・スポーツ,3,厚労省 職業情報提供サイト（jobtag）を出所とする careers の正規化
o-0658,義肢装具士,医療・看護・薬,3,厚労省 職業情報提供サイト（jobtag）を出所とする careers の正規化
o-0666,自動販売機の調整・保守,機械・電気・ものづくり,3,厚労省 職業情報提供サイト（jobtag）を出所とする careers の正規化
o-0669,舞台音響・舞台機構の調整,美容・サービス・スポーツ,3,厚労省 職業情報提供サイト（jobtag）を出所とする careers の正規化
o-0671,航空会社・整備会社の整備スタッフ,機械・電気・ものづくり,3,厚労省 職業情報提供サイト（jobtag）を出所とする careers の正規化
o-0672,航空整備士,機械・電気・ものづくり,3,厚労省 職業情報提供サイト（jobtag）を出所とする careers の正規化
o-0674,航空機メンテナンス,機械・電気・ものづくり,3,厚労省 職業情報提供サイト（jobtag）を出所とする careers の正規化
o-0697,製図技術者,建築・設備,3,厚労省 職業情報提供サイト（jobtag）を出所とする careers の正規化
o-0723,設計事務所,建築・設備,3,厚労省 職業情報提供サイト（jobtag）を出所とする careers の正規化
o-0724,設計事務所スタッフ,建築・設備,3,厚労省 職業情報提供サイト（jobtag）を出所とする careers の正規化
o-0741,販売促進担当,デザイン・美術・文化,3,厚労省 職業情報提供サイト（jobtag）を出所とする careers の正規化
o-0742,販売職,商業・販売・事務,3,厚労省 職業情報提供サイト（jobtag）を出所とする careers の正規化
o-0777,造園工,農林水産・動物,3,厚労省 職業情報提供サイト（jobtag）を出所とする careers の正規化
o-0789,運送業スタッフ,運輸・運転・航空,3,厚労省 職業情報提供サイト（jobtag）を出所とする careers の正規化
o-0791,配送ドライバー,運輸・運転・航空,3,厚労省 職業情報提供サイト（jobtag）を出所とする careers の正規化
o-0799,金型工,機械・電気・ものづくり,3,厚労省 職業情報提供サイト（jobtag）を出所とする careers の正規化
o-0823,鋳物工,機械・電気・ものづくり,3,厚労省 職業情報提供サイト（jobtag）を出所とする careers の正規化
o-0832,陸上特殊無線技士,電気・通信,3,厚労省 職業情報提供サイト（jobtag）を出所とする careers の正規化
o-0842,電気主任技術者,機械・電気・ものづくり,3,厚労省 職業情報提供サイト（jobtag）を出所とする careers の正規化
o-0848,電気機器組立て,機械・電気・ものづくり,3,厚労省 職業情報提供サイト（jobtag）を出所とする careers の正規化
o-0849,電気製図・CADオペレーター,機械・電気・ものづくり,3,厚労省 職業情報提供サイト（jobtag）を出所とする careers の正規化
o-0860,音楽制作(DTM)スタッフ,デザイン・美術・文化,3,厚労省 職業情報提供サイト（jobtag）を出所とする careers の正規化
o-0861,音楽関連スタッフ,デザイン・美術・文化,3,厚労省 職業情報提供サイト（jobtag）を出所とする careers の正規化
o-0877,鳶工,建築・設備,3,厚労省 職業情報提供サイト（jobtag）を出所とする careers の正規化
o-0010,DTPオペレーター,IT・情報処理,2,厚労省 職業情報提供サイト（jobtag）を出所とする careers の正規化
o-0013,FRP成形工,機械・電気・ものづくり,2,厚労省 職業情報提供サイト（jobtag）を出所とする careers の正規化
o-0017,ITコンサルタント,IT・情報処理,2,厚労省 職業情報提供サイト（jobtag）を出所とする careers の正規化
o-0020,ITサポート,IT・情報処理,2,厚労省 職業情報提供サイト（jobtag）を出所とする careers の正規化
o-0023,ITトレーナー,IT・情報処理,2,厚労省 職業情報提供サイト（jobtag）を出所とする careers の正規化
o-0042,さく井工,土木・測量・建設,2,厚労省 職業情報提供サイト（jobtag）を出所とする careers の正規化
o-0046,みそ製造,食品・調理・栄養,2,厚労省 職業情報提供サイト（jobtag）を出所とする careers の正規化
o-0050,アルマイト処理工,機械・電気・ものづくり,2,厚労省 職業情報提供サイト（jobtag）を出所とする careers の正規化
o-0051,アロマショップ店員,美容・サービス・スポーツ,2,厚労省 職業情報提供サイト（jobtag）を出所とする careers の正規化
o-0052,アロマセラピスト,美容・サービス・スポーツ,2,厚労省 職業情報提供サイト（jobtag）を出所とする careers の正規化
o-0059,ウェルポイント施工,土木・測量・建設,2,厚労省 職業情報提供サイト（jobtag）を出所とする careers の正規化
o-0066,カーテンウォール施工,建築・設備,2,厚労省 職業情報提供サイト（jobtag）を出所とする careers の正規化
o-0068,ガラスフィルム施工,建築・設備,2,厚労省 職業情報提供サイト（jobtag）を出所とする careers の正規化
o-0075,グラフィックデザイナー,IT・情報処理,2,厚労省 職業情報提供サイト（jobtag）を出所とする careers の正規化
o-0078,コンクリート圧送工,土木・測量・建設,2,厚労省 職業情報提供サイト（jobtag）を出所とする careers の正規化
o-0079,コンサルタント,安全・環境・危険物,2,厚労省 職業情報提供サイト（jobtag）を出所とする careers の正規化
o-0084,サッシ・建具取付工,建築・設備,2,厚労省 職業情報提供サイト（jobtag）を出所とする careers の正規化
o-0085,サーバー・ネットワーク管理者,IT・情報処理,2,厚労省 職業情報提供サイト（jobtag）を出所とする careers の正規化
o-0087,サービス提供責任者,福祉・介護・心理,2,厚労省 職業情報提供サイト（jobtag）を出所とする careers の正規化
o-0097,タイル工,建築・設備,2,厚労省 職業情報提供サイト（jobtag）を出所とする careers の正規化
o-0101,ダム水路主任技術者,土木・測量・建設,2,厚労省 職業情報提供サイト（jobtag）を出所とする careers の正規化
o-0110,データベースエンジニア,IT・情報処理,2,厚労省 職業情報提供サイト（jobtag）を出所とする careers の正規化
o-0121,ニット製品製造,機械・電気・ものづくり,2,厚労省 職業情報提供サイト（jobtag）を出所とする careers の正規化
o-0124,ネットワークエンジニア,IT・情報処理,2,厚労省 職業情報提供サイト（jobtag）を出所とする careers の正規化
o-0152,フラワー装飾,デザイン・美術・文化,2,厚労省 職業情報提供サイト（jobtag）を出所とする careers の正規化
o-0156,ブライダルコーディネーター,美容・サービス・スポーツ,2,厚労省 職業情報提供サイト（jobtag）を出所とする careers の正規化
o-0157,ブロック建築工,建築・設備,2,厚労省 職業情報提供サイト（jobtag）を出所とする careers の正規化
o-0170,ボイラー溶接士,機械・電気・ものづくり,2,厚労省 職業情報提供サイト（jobtag）を出所とする careers の正規化
o-0171,ボーリング調査スタッフ,安全・環境・危険物,2,厚労省 職業情報提供サイト（jobtag）を出所とする careers の正規化
o-0182,リラクゼーションスタッフ,美容・サービス・スポーツ,2,厚労省 職業情報提供サイト（jobtag）を出所とする careers の正規化
o-0190,ロープ加工,機械・電気・ものづくり,2,厚労省 職業情報提供サイト（jobtag）を出所とする careers の正規化
o-0209,中国関連ビジネス,語学・コミュニケーション,2,厚労省 職業情報提供サイト（jobtag）を出所とする careers の正規化
o-0220,交通誘導警備,安全・環境・危険物,2,厚労省 職業情報提供サイト（jobtag）を出所とする careers の正規化
o-0221,交通誘導警備員,安全・環境・危険物,2,厚労省 職業情報提供サイト（jobtag）を出所とする careers の正規化
o-0231,介護職員,福祉・介護・心理,2,厚労省 職業情報提供サイト（jobtag）を出所とする careers の正規化
o-0233,企業の健康管理担当,美容・サービス・スポーツ,2,厚労省 職業情報提供サイト（jobtag）を出所とする careers の正規化
o-0255,作業環境測定士,安全・環境・危険物,2,厚労省 職業情報提供サイト（jobtag）を出所とする careers の正規化
o-0260,保健指導スタッフ,美容・サービス・スポーツ,2,厚労省 職業情報提供サイト（jobtag）を出所とする careers の正規化
o-0263,健康相談員,美容・サービス・スポーツ,2,厚労省 職業情報提供サイト（jobtag）を出所とする careers の正規化
o-0264,健康管理士,美容・サービス・スポーツ,2,厚労省 職業情報提供サイト（jobtag）を出所とする careers の正規化
o-0282,冷凍空調設備の施工,建築・設備,2,厚労省 職業情報提供サイト（jobtag）を出所とする careers の正規化
o-0286,切削工具研削,機械・電気・ものづくり,2,厚労省 職業情報提供サイト（jobtag）を出所とする careers の正規化
o-0294,化学・製造業,機械・電気・ものづくり,2,厚労省 職業情報提供サイト（jobtag）を出所とする careers の正規化
o-0295,化学分析技術者,機械・電気・ものづくり,2,厚労省 職業情報提供サイト（jobtag）を出所とする careers の正規化
o-0304,医薬品・医療機器メーカーの製造管理,機械・電気・ものづくり,2,厚労省 職業情報提供サイト（jobtag）を出所とする careers の正規化
o-0306,印刷オペレーター,機械・電気・ものづくり,2,厚労省 職業情報提供サイト（jobtag）を出所とする careers の正規化
o-0307,印刷・製版オペレーター,IT・情報処理,2,厚労省 職業情報提供サイト（jobtag）を出所とする careers の正規化
o-0308,印章彫刻,機械・電気・ものづくり,2,厚労省 職業情報提供サイト（jobtag）を出所とする careers の正規化
o-0314,厨房設備施工,建築・設備,2,厚労省 職業情報提供サイト（jobtag）を出所とする careers の正規化
o-0318,各種ドライバー職,運輸・運転・航空,2,厚労省 職業情報提供サイト（jobtag）を出所とする careers の正規化
o-0321,品質管理担当,機械・電気・ものづくり,2,厚労省 職業情報提供サイト（jobtag）を出所とする careers の正規化
o-0326,営業,IT・情報処理,2,厚労省 職業情報提供サイト（jobtag）を出所とする careers の正規化
o-0348,地盤調査員,安全・環境・危険物,2,厚労省 職業情報提供サイト（jobtag）を出所とする careers の正規化
o-0350,地質調査技術者,安全・環境・危険物,2,厚労省 職業情報提供サイト（jobtag）を出所とする careers の正規化
o-0351,型枠大工,建築・設備,2,厚労省 職業情報提供サイト（jobtag）を出所とする careers の正規化
o-0355,塗装工,機械・電気・ものづくり,2,厚労省 職業情報提供サイト（jobtag）を出所とする careers の正規化
o-0359,外勤業務,運輸・運転・航空,2,厚労省 職業情報提供サイト（jobtag）を出所とする careers の正規化
o-0366,大工,建築・設備,2,厚労省 職業情報提供サイト（jobtag）を出所とする careers の正規化
o-0368,契約管理,法律・法務・知財,2,厚労省 職業情報提供サイト（jobtag）を出所とする careers の正規化
o-0375,家具職人,機械・電気・ものづくり,2,厚労省 職業情報提供サイト（jobtag）を出所とする careers の正規化
o-0382,寝具製作,機械・電気・ものづくり,2,厚労省 職業情報提供サイト（jobtag）を出所とする careers の正規化
o-0383,専修学校・専門学校教員,教育・保育・学術,2,厚労省 職業情報提供サイト（jobtag）を出所とする careers の正規化
o-0384,専門学校講師,教育・保育・学術,2,厚労省 職業情報提供サイト（jobtag）を出所とする careers の正規化
o-0393,屋根工事,建築・設備,2,厚労省 職業情報提供サイト（jobtag）を出所とする careers の正規化
o-0394,屋根職人,建築・設備,2,厚労省 職業情報提供サイト（jobtag）を出所とする careers の正規化
o-0403,工業包装,機械・電気・ものづくり,2,厚労省 職業情報提供サイト（jobtag）を出所とする careers の正規化
o-0404,左官,建築・設備,2,厚労省 職業情報提供サイト（jobtag）を出所とする careers の正規化
o-0405,帆布製品製造,機械・電気・ものづくり,2,厚労省 職業情報提供サイト（jobtag）を出所とする careers の正規化
o-0412,建具職人,機械・電気・ものづくり,2,厚労省 職業情報提供サイト（jobtag）を出所とする careers の正規化
o-0416,建築板金工,機械・電気・ものづくり,2,厚労省 職業情報提供サイト（jobtag）を出所とする careers の正規化
o-0434,建設業の経理事務,建築・設備,2,厚労省 職業情報提供サイト（jobtag）を出所とする careers の正規化
o-0438,建設機械施工管理技士,建築・設備,2,厚労省 職業情報提供サイト（jobtag）を出所とする careers の正規化
o-0456,放射線取扱作業員,安全・環境・危険物,2,厚労省 職業情報提供サイト（jobtag）を出所とする careers の正規化
o-0467,施設警備,安全・環境・危険物,2,厚労省 職業情報提供サイト（jobtag）を出所とする careers の正規化
o-0468,施設警備員,安全・環境・危険物,2,厚労省 職業情報提供サイト（jobtag）を出所とする careers の正規化
o-0469,旅客運送,運輸・運転・航空,2,厚労省 職業情報提供サイト（jobtag）を出所とする careers の正規化
o-0471,旅行会社,語学・コミュニケーション,2,厚労省 職業情報提供サイト（jobtag）を出所とする careers の正規化
o-0483,林業技術者,農林水産・動物,2,厚労省 職業情報提供サイト（jobtag）を出所とする careers の正規化
o-0485,染色工,機械・電気・ものづくり,2,厚労省 職業情報提供サイト（jobtag）を出所とする careers の正規化
o-0490,核燃料物質等危険物運搬警備員,安全・環境・危険物,2,厚労省 職業情報提供サイト（jobtag）を出所とする careers の正規化
o-0494,検査スタッフ,安全・環境・危険物,2,厚労省 職業情報提供サイト（jobtag）を出所とする careers の正規化
o-0504,機械木工,機械・電気・ものづくり,2,厚労省 職業情報提供サイト（jobtag）を出所とする careers の正規化
o-0506,機械製図・CADオペレーター,機械・電気・ものづくり,2,厚労省 職業情報提供サイト（jobtag）を出所とする careers の正規化
o-0516,水産練り製品製造,食品・調理・栄養,2,厚労省 職業情報提供サイト（jobtag）を出所とする careers の正規化
o-0534,消防設備士,安全・環境・危険物,2,厚労省 職業情報提供サイト（jobtag）を出所とする careers の正規化
o-0537,測量会社,土木・測量・建設,2,厚労省 職業情報提供サイト（jobtag）を出所とする careers の正規化
o-0545,火薬類取扱保安責任者,安全・環境・危険物,2,厚労省 職業情報提供サイト（jobtag）を出所とする careers の正規化
o-0547,無線技術者,電気・通信,2,厚労省 職業情報提供サイト（jobtag）を出所とする careers の正規化
o-0549,熱絶縁施工,建築・設備,2,厚労省 職業情報提供サイト（jobtag）を出所とする careers の正規化
o-0568,生活相談員,福祉・介護・心理,2,厚労省 職業情報提供サイト（jobtag）を出所とする careers の正規化
o-0571,産業カウンセラー,福祉・介護・心理,2,厚労省 職業情報提供サイト（jobtag）を出所とする careers の正規化
o-0574,産業車両整備士,機械・電気・ものづくり,2,厚労省 職業情報提供サイト（jobtag）を出所とする careers の正規化
o-0577,畳職人,機械・電気・ものづくり,2,厚労省 職業情報提供サイト（jobtag）を出所とする careers の正規化
o-0591,着付け師,美容・サービス・スポーツ,2,厚労省 職業情報提供サイト（jobtag）を出所とする careers の正規化
o-0594,石材施工,機械・電気・ものづくり,2,厚労省 職業情報提供サイト（jobtag）を出所とする careers の正規化
o-0614,空港・航空会社の通信担当,電気・通信,2,厚労省 職業情報提供サイト（jobtag）を出所とする careers の正規化
o-0615,空港保安警備員,安全・環境・危険物,2,厚労省 職業情報提供サイト（jobtag）を出所とする careers の正規化
o-0620,管工事施工管理,建築・設備,2,厚労省 職業情報提供サイト（jobtag）を出所とする careers の正規化
o-0625,築炉工,建築・設備,2,厚労省 職業情報提供サイト（jobtag）を出所とする careers の正規化
o-0627,粉末冶金,機械・電気・ものづくり,2,厚労省 職業情報提供サイト（jobtag）を出所とする careers の正規化
o-0629,紙器・段ボール箱製造,機械・電気・ものづくり,2,厚労省 職業情報提供サイト（jobtag）を出所とする careers の正規化
o-0638,経理,会計・金融・経営,2,厚労省 職業情報提供サイト（jobtag）を出所とする careers の正規化
o-0639,経理・会計事務,会計・金融・経営,2,厚労省 職業情報提供サイト（jobtag）を出所とする careers の正規化
o-0646,総務・庶務,語学・コミュニケーション,2,厚労省 職業情報提供サイト（jobtag）を出所とする careers の正規化
o-0649,編集・制作スタッフ,IT・情報処理,2,厚労省 職業情報提供サイト（jobtag）を出所とする careers の正規化
o-0651,縫製工,機械・電気・ものづくり,2,厚労省 職業情報提供サイト（jobtag）を出所とする careers の正規化
o-0652,縫製機械整備,機械・電気・ものづくり,2,厚労省 職業情報提供サイト（jobtag）を出所とする careers の正規化
o-0653,美容・健康関連スタッフ,美容・サービス・スポーツ,2,厚労省 職業情報提供サイト（jobtag）を出所とする careers の正規化
o-0657,義肢・装具製作,機械・電気・ものづくり,2,厚労省 職業情報提供サイト（jobtag）を出所とする careers の正規化
o-0659,職業教育インストラクター,教育・保育・学術,2,厚労省 職業情報提供サイト（jobtag）を出所とする careers の正規化
o-0665,自動ドア施工・保守,建築・設備,2,厚労省 職業情報提供サイト（jobtag）を出所とする careers の正規化
o-0676,航空通信士,電気・通信,2,厚労省 職業情報提供サイト（jobtag）を出所とする careers の正規化
o-0685,菓子製造,食品・調理・栄養,2,厚労省 職業情報提供サイト（jobtag）を出所とする careers の正規化
o-0693,衛生管理者,医療・看護・薬,2,厚労省 職業情報提供サイト（jobtag）を出所とする careers の正規化
o-0694,表具師,機械・電気・ものづくり,2,厚労省 職業情報提供サイト（jobtag）を出所とする careers の正規化
o-0698,製本,機械・電気・ものづくり,2,厚労省 職業情報提供サイト（jobtag）を出所とする careers の正規化
o-0700,製版・プリプレス,機械・電気・ものづくり,2,厚労省 職業情報提供サイト（jobtag）を出所とする careers の正規化
o-0706,製造管理責任者,機械・電気・ものづくり,2,厚労省 職業情報提供サイト（jobtag）を出所とする careers の正規化
o-0726,設計補助,機械・電気・ものづくり,2,厚労省 職業情報提供サイト（jobtag）を出所とする careers の正規化
o-0735,調理師,食品・調理・栄養,2,厚労省 職業情報提供サイト（jobtag）を出所とする careers の正規化
o-0736,警備員,安全・環境・危険物,2,厚労省 職業情報提供サイト（jobtag）を出所とする careers の正規化
o-0738,財務,会計・金融・経営,2,厚労省 職業情報提供サイト（jobtag）を出所とする careers の正規化
o-0739,財務担当,会計・金融・経営,2,厚労省 職業情報提供サイト（jobtag）を出所とする careers の正規化
o-0743,貴重品運搬警備員,安全・環境・危険物,2,厚労省 職業情報提供サイト（jobtag）を出所とする careers の正規化
o-0744,貴金属装身具製作,機械・電気・ものづくり,2,厚労省 職業情報提供サイト（jobtag）を出所とする careers の正規化
o-0751,資産運用相談,会計・金融・経営,2,厚労省 職業情報提供サイト（jobtag）を出所とする careers の正規化
o-0759,農業機械整備士,機械・電気・ものづくり,2,厚労省 職業情報提供サイト（jobtag）を出所とする careers の正規化
o-0779,造園施工管理,土木・測量・建設,2,厚労省 職業情報提供サイト（jobtag）を出所とする careers の正規化
o-0785,運航管理補助,電気・通信,2,厚労省 職業情報提供サイト（jobtag）を出所とする careers の正規化
o-0786,運行管理者,運輸・運転・航空,2,厚労省 職業情報提供サイト（jobtag）を出所とする careers の正規化
o-0792,配送・ルートドライバー,運輸・運転・航空,2,厚労省 職業情報提供サイト（jobtag）を出所とする careers の正規化
o-0796,酒造技能者,食品・調理・栄養,2,厚労省 職業情報提供サイト（jobtag）を出所とする careers の正規化
o-0800,金属ばね製造,機械・電気・ものづくり,2,厚労省 職業情報提供サイト（jobtag）を出所とする careers の正規化
o-0803,金属材料試験,機械・電気・ものづくり,2,厚労省 職業情報提供サイト（jobtag）を出所とする careers の正規化
o-0804,金属溶解工,機械・電気・ものづくり,2,厚労省 職業情報提供サイト（jobtag）を出所とする careers の正規化
o-0816,鉄工,機械・電気・ものづくり,2,厚労省 職業情報提供サイト（jobtag）を出所とする careers の正規化
o-0817,鉄筋工,建築・設備,2,厚労省 職業情報提供サイト（jobtag）を出所とする careers の正規化
o-0819,鉄道車両の製造・整備,機械・電気・ものづくり,2,厚労省 職業情報提供サイト（jobtag）を出所とする careers の正規化
o-0822,銀行・信用金庫の窓口業務,商業・販売・事務,2,厚労省 職業情報提供サイト（jobtag）を出所とする careers の正規化
o-0824,鍛造工,機械・電気・ものづくり,2,厚労省 職業情報提供サイト（jobtag）を出所とする careers の正規化
o-0827,防水工,建築・設備,2,厚労省 職業情報提供サイト（jobtag）を出所とする careers の正規化
o-0829,防災設備会社,安全・環境・危険物,2,厚労省 職業情報提供サイト（jobtag）を出所とする careers の正規化
o-0831,陶磁器製造,機械・電気・ものづくり,2,厚労省 職業情報提供サイト（jobtag）を出所とする careers の正規化
o-0833,雑踏警備,安全・環境・危険物,2,厚労省 職業情報提供サイト（jobtag）を出所とする careers の正規化
o-0834,雑踏警備員,安全・環境・危険物,2,厚労省 職業情報提供サイト（jobtag）を出所とする careers の正規化
o-0846,電気工事士,電気・通信,2,厚労省 職業情報提供サイト（jobtag）を出所とする careers の正規化
o-0850,電気設備工事,電気・通信,2,厚労省 職業情報提供サイト（jobtag）を出所とする careers の正規化
o-0859,非破壊検査技術者,安全・環境・危険物,2,厚労省 職業情報提供サイト（jobtag）を出所とする careers の正規化
o-0867,食肉加工,食品・調理・栄養,2,厚労省 職業情報提供サイト（jobtag）を出所とする careers の正規化
o-0001,2級電気工事施工管理技士,機械・電気・ものづくり,1,厚労省 職業情報提供サイト（jobtag）を出所とする careers の正規化
o-0003,ALCパネル施工,建築・設備,1,厚労省 職業情報提供サイト（jobtag）を出所とする careers の正規化
o-0005,CFO,会計・金融・経営,1,厚労省 職業情報提供サイト（jobtag）を出所とする careers の正規化
o-0007,CIO補佐,IT・情報処理,1,厚労省 職業情報提供サイト（jobtag）を出所とする careers の正規化
o-0009,DBA,IT・情報処理,1,厚労省 職業情報提供サイト（jobtag）を出所とする careers の正規化
o-0011,DX推進,IT・情報処理,1,厚労省 職業情報提供サイト（jobtag）を出所とする careers の正規化
o-0012,DX推進担当,IT・情報処理,1,厚労省 職業情報提供サイト（jobtag）を出所とする careers の正規化
o-0016,ITガバナンス・リスク管理,IT・情報処理,1,厚労省 職業情報提供サイト（jobtag）を出所とする careers の正規化
o-0018,ITコンサルタント補助,IT・情報処理,1,厚労省 職業情報提供サイト（jobtag）を出所とする careers の正規化
o-0019,ITコーディネータ,IT・情報処理,1,厚労省 職業情報提供サイト（jobtag）を出所とする careers の正規化
o-0021,ITサービス運用管理,IT・情報処理,1,厚労省 職業情報提供サイト（jobtag）を出所とする careers の正規化
o-0022,ITストラテジスト,IT・情報処理,1,厚労省 職業情報提供サイト（jobtag）を出所とする careers の正規化
o-0024,ITプロジェクトマネージャ,IT・情報処理,1,厚労省 職業情報提供サイト（jobtag）を出所とする careers の正規化
o-0025,IT企画,IT・情報処理,1,厚労省 職業情報提供サイト（jobtag）を出所とする careers の正規化
o-0026,IoT・制御系開発,IT・情報処理,1,厚労省 職業情報提供サイト（jobtag）を出所とする careers の正規化
o-0027,Javaプログラマ,IT・情報処理,1,厚労省 職業情報提供サイト（jobtag）を出所とする careers の正規化
o-0029,LPガス・高圧ガス販売店の保安業務,商業・販売・事務,1,厚労省 職業情報提供サイト（jobtag）を出所とする careers の正規化
o-0030,Linuxサーバエンジニア,IT・情報処理,1,厚労省 職業情報提供サイト（jobtag）を出所とする careers の正規化
o-0031,PMO,IT・情報処理,1,厚労省 職業情報提供サイト（jobtag）を出所とする careers の正規化
o-0033,SIerのプロジェクト管理,IT・情報処理,1,厚労省 職業情報提供サイト（jobtag）を出所とする careers の正規化
o-0034,SOC/CSIRT,IT・情報処理,1,厚労省 職業情報提供サイト（jobtag）を出所とする careers の正規化
o-0035,UIデザイン,IT・情報処理,1,厚労省 職業情報提供サイト（jobtag）を出所とする careers の正規化
o-0038,Web制作,IT・情報処理,1,厚労省 職業情報提供サイト（jobtag）を出所とする careers の正規化
o-0040,あん摩マッサージ指圧師,医療・看護・薬,1,厚労省 職業情報提供サイト（jobtag）を出所とする careers の正規化
o-0041,きゅう師,医療・看護・薬,1,厚労省 職業情報提供サイト（jobtag）を出所とする careers の正規化
o-0044,はり師,医療・看護・薬,1,厚労省 職業情報提供サイト（jobtag）を出所とする careers の正規化
o-0045,ふぐ調理,食品・調理・栄養,1,厚労省 職業情報提供サイト（jobtag）を出所とする careers の正規化
o-0048,アクチュアリー,会計・金融・経営,1,厚労省 職業情報提供サイト（jobtag）を出所とする careers の正規化
o-0053,インテリアコーディネーター,建築・設備,1,厚労省 職業情報提供サイト（jobtag）を出所とする careers の正規化
o-0054,インテリア設計,建築・設備,1,厚労省 職業情報提供サイト（jobtag）を出所とする careers の正規化
o-0055,インバウンド対応,語学・コミュニケーション,1,厚労省 職業情報提供サイト（jobtag）を出所とする careers の正規化
o-0057,インフラSE,IT・情報処理,1,厚労省 職業情報提供サイト（jobtag）を出所とする careers の正規化
o-0060,エグゼクティブアシスタント,語学・コミュニケーション,1,厚労省 職業情報提供サイト（jobtag）を出所とする careers の正規化
o-0061,エネルギー管理士,安全・環境・危険物,1,厚労省 職業情報提供サイト（jobtag）を出所とする careers の正規化
o-0064,オフィス系業種の労働衛生管理,医療・看護・薬,1,厚労省 職業情報提供サイト（jobtag）を出所とする careers の正規化
o-0065,オートバイ整備士,機械・電気・ものづくり,1,厚労省 職業情報提供サイト（jobtag）を出所とする careers の正規化
o-0069,キッチン・住宅設備の提案・プランニング,福祉・介護・心理,1,厚労省 職業情報提供サイト（jobtag）を出所とする careers の正規化
o-0071,クラーク,商業・販売・事務,1,厚労省 職業情報提供サイト（jobtag）を出所とする careers の正規化
o-0072,クリーニング所のクリーニング師,美容・サービス・スポーツ,1,厚労省 職業情報提供サイト（jobtag）を出所とする careers の正規化
o-0074,クレーン運転士,設備・プラント・機械運転,1,厚労省 職業情報提供サイト（jobtag）を出所とする careers の正規化
o-0076,ケアマネジャー,福祉・介護・心理,1,厚労省 職業情報提供サイト（jobtag）を出所とする careers の正規化
o-0080,コンサルティング,IT・情報処理,1,厚労省 職業情報提供サイト（jobtag）を出所とする careers の正規化
o-0081,コンプライアンス,法律・法務・知財,1,厚労省 職業情報提供サイト（jobtag）を出所とする careers の正規化
o-0082,コーダー,IT・情報処理,1,厚労省 職業情報提供サイト（jobtag）を出所とする careers の正規化
o-0086,サービスデスク管理,IT・情報処理,1,厚労省 職業情報提供サイト（jobtag）を出所とする careers の正規化
o-0088,システムアーキテクト,IT・情報処理,1,厚労省 職業情報提供サイト（jobtag）を出所とする careers の正規化
o-0090,システム監査人,IT・情報処理,1,厚労省 職業情報提供サイト（jobtag）を出所とする careers の正規化
o-0091,システム設計,IT・情報処理,1,厚労省 職業情報提供サイト（jobtag）を出所とする careers の正規化
o-0092,システム運用,IT・情報処理,1,厚労省 職業情報提供サイト（jobtag）を出所とする careers の正規化
o-0093,システム運用・サーバ管理,IT・情報処理,1,厚労省 職業情報提供サイト（jobtag）を出所とする careers の正規化
o-0094,システム開発,IT・情報処理,1,厚労省 職業情報提供サイト（jobtag）を出所とする careers の正規化
o-0095,セキュリティコンサルタント,IT・情報処理,1,厚労省 職業情報提供サイト（jobtag）を出所とする careers の正規化
o-0098,タクシー・ハイヤー運転手,運輸・運転・航空,1,厚労省 職業情報提供サイト（jobtag）を出所とする careers の正規化
o-0099,タンクローリー運転,機械・電気・ものづくり,1,厚労省 職業情報提供サイト（jobtag）を出所とする careers の正規化
o-0102,ダム管理主任技術者,土木・測量・建設,1,厚労省 職業情報提供サイト（jobtag）を出所とする careers の正規化
o-0103,ダンプ・タンクローリー,運輸・運転・航空,1,厚労省 職業情報提供サイト（jobtag）を出所とする careers の正規化
o-0104,ツアーコンダクター,美容・サービス・スポーツ,1,厚労省 職業情報提供サイト（jobtag）を出所とする careers の正規化
o-0105,ツアープランナー,美容・サービス・スポーツ,1,厚労省 職業情報提供サイト（jobtag）を出所とする careers の正規化
o-0106,ツアー企画,商業・販売・事務,1,厚労省 職業情報提供サイト（jobtag）を出所とする careers の正規化
o-0109,デザイン・アパレル・インテリア・広告・販売の配色実務,デザイン・美術・文化,1,厚労省 職業情報提供サイト（jobtag）を出所とする careers の正規化
o-0111,データベース管理,IT・情報処理,1,厚労省 職業情報提供サイト（jobtag）を出所とする careers の正規化
o-0114,データ分析,IT・情報処理,1,厚労省 職業情報提供サイト（jobtag）を出所とする careers の正規化
o-0115,データ基盤エンジニア,IT・情報処理,1,厚労省 職業情報提供サイト（jobtag）を出所とする careers の正規化
o-0116,データ管理,IT・情報処理,1,厚労省 職業情報提供サイト（jobtag）を出所とする careers の正規化
o-0118,トラック運転手,運輸・運転・航空,1,厚労省 職業情報提供サイト（jobtag）を出所とする careers の正規化
o-0119,トレーラー運転手,運輸・運転・航空,1,厚労省 職業情報提供サイト（jobtag）を出所とする careers の正規化
o-0125,ネットワーク保守,機械・電気・ものづくり,1,厚労省 職業情報提供サイト（jobtag）を出所とする careers の正規化
o-0126,ネットワーク配線,電気・通信,1,厚労省 職業情報提供サイト（jobtag）を出所とする careers の正規化
o-0127,ハウスクリーニング作業員,安全・環境・危険物,1,厚労省 職業情報提供サイト（jobtag）を出所とする careers の正規化
o-0128,ハローワーク,福祉・介護・心理,1,厚労省 職業情報提供サイト（jobtag）を出所とする careers の正規化
o-0129,バイオ技術者,機械・電気・ものづくり,1,厚労省 職業情報提供サイト（jobtag）を出所とする careers の正規化
o-0130,バイク便ライダー,運輸・運転・航空,1,厚労省 職業情報提供サイト（jobtag）を出所とする careers の正規化
o-0131,バイク販売店の整備スタッフ,機械・電気・ものづくり,1,厚労省 職業情報提供サイト（jobtag）を出所とする careers の正規化
o-0133,バス運転手,運輸・運転・航空,1,厚労省 職業情報提供サイト（jobtag）を出所とする careers の正規化
o-0134,バルコニー施工,建築・設備,1,厚労省 職業情報提供サイト（jobtag）を出所とする careers の正規化
o-0137,パティシエ,食品・調理・栄養,1,厚労省 職業情報提供サイト（jobtag）を出所とする careers の正規化
o-0140,ビルクリーニング作業員,安全・環境・危険物,1,厚労省 職業情報提供サイト（jobtag）を出所とする careers の正規化
o-0142,ビルメンテナンス・防災設備会社,安全・環境・危険物,1,厚労省 職業情報提供サイト（jobtag）を出所とする careers の正規化
o-0143,ビル・工場の電気設備の保安監督,機械・電気・ものづくり,1,厚労省 職業情報提供サイト（jobtag）を出所とする careers の正規化
o-0144,ビル管理技術者,建築・設備,1,厚労省 職業情報提供サイト（jobtag）を出所とする careers の正規化
o-0147,ファイナンシャルプランナー,会計・金融・経営,1,厚労省 職業情報提供サイト（jobtag）を出所とする careers の正規化
o-0148,ファイナンシャルプランニング,会計・金融・経営,1,厚労省 職業情報提供サイト（jobtag）を出所とする careers の正規化
o-0149,ファッション・インテリア・広告,デザイン・美術・文化,1,厚労省 職業情報提供サイト（jobtag）を出所とする careers の正規化
o-0150,ファンドマネージャ,会計・金融・経営,1,厚労省 職業情報提供サイト（jobtag）を出所とする careers の正規化
o-0153,フロントエンド,IT・情報処理,1,厚労省 職業情報提供サイト（jobtag）を出所とする careers の正規化
o-0155,ブライダル,美容・サービス・スポーツ,1,厚労省 職業情報提供サイト（jobtag）を出所とする careers の正規化
o-0161,プレゼン資料作成,IT・情報処理,1,厚労省 職業情報提供サイト（jobtag）を出所とする careers の正規化
o-0163,プロジェクトリーダー,IT・情報処理,1,厚労省 職業情報提供サイト（jobtag）を出所とする careers の正規化
o-0164,ヘアメイク,美容・サービス・スポーツ,1,厚労省 職業情報提供サイト（jobtag）を出所とする careers の正規化
o-0165,ベビーシッター,福祉・介護・心理,1,厚労省 職業情報提供サイト（jobtag）を出所とする careers の正規化
o-0166,ホームセンターの販売・アドバイザー,商業・販売・事務,1,厚労省 職業情報提供サイト（jobtag）を出所とする careers の正規化
o-0167,ボイラーの運転・管理,設備・プラント・機械運転,1,厚労省 職業情報提供サイト（jobtag）を出所とする careers の正規化
o-0169,ボイラー整備士,設備・プラント・機械運転,1,厚労省 職業情報提供サイト（jobtag）を出所とする careers の正規化
o-0172,マリンレジャー,運輸・運転・航空,1,厚労省 職業情報提供サイト（jobtag）を出所とする careers の正規化
o-0173,マンション改修・リフォームの提案・管理,不動産,1,厚労省 職業情報提供サイト（jobtag）を出所とする careers の正規化
o-0174,マンション管理コンサルタント,不動産,1,厚労省 職業情報提供サイト（jobtag）を出所とする careers の正規化
o-0175,マンション管理会社のフロント業務,不動産,1,厚労省 職業情報提供サイト（jobtag）を出所とする careers の正規化
o-0176,マンション管理士,不動産,1,厚労省 職業情報提供サイト（jobtag）を出所とする careers の正規化
o-0177,マーチャンダイジング,商業・販売・事務,1,厚労省 職業情報提供サイト（jobtag）を出所とする careers の正規化
o-0178,メール・スケジュール管理,IT・情報処理,1,厚労省 職業情報提供サイト（jobtag）を出所とする careers の正規化
o-0179,ライセンス交渉,法律・法務・知財,1,厚労省 職業情報提供サイト（jobtag）を出所とする careers の正規化
o-0181,リフォーム会社・マンション管理,不動産,1,厚労省 職業情報提供サイト（jobtag）を出所とする careers の正規化
o-0183,レクリエーション指導員,美容・サービス・スポーツ,1,厚労省 職業情報提供サイト（jobtag）を出所とする careers の正規化
o-0185,レストラン・ホテルの飲料サービス,食品・調理・栄養,1,厚労省 職業情報提供サイト（jobtag）を出所とする careers の正規化
o-0186,レセプト(診療報酬請求)業務,商業・販売・事務,1,厚労省 職業情報提供サイト（jobtag）を出所とする careers の正規化
o-0188,レセプト点検,商業・販売・事務,1,厚労省 職業情報提供サイト（jobtag）を出所とする careers の正規化
o-0189,ロジスティクス(物流・在庫管理)の実務担当,会計・金融・経営,1,厚労省 職業情報提供サイト（jobtag）を出所とする careers の正規化
o-0191,ワインの仕入れ・販売,食品・調理・栄養,1,厚労省 職業情報提供サイト（jobtag）を出所とする careers の正規化
o-0192,一級建築士,建築・設備,1,厚労省 職業情報提供サイト（jobtag）を出所とする careers の正規化
o-0194,一般廃棄物処理施設の技術管理者,安全・環境・危険物,1,厚労省 職業情報提供サイト（jobtag）を出所とする careers の正規化
o-0195,一般計量士,機械・電気・ものづくり,1,厚労省 職業情報提供サイト（jobtag）を出所とする careers の正規化
o-0196,上下水道技術者,土木・測量・建設,1,厚労省 職業情報提供サイト（jobtag）を出所とする careers の正規化
o-0197,上流工程SE,IT・情報処理,1,厚労省 職業情報提供サイト（jobtag）を出所とする careers の正規化
o-0198,下水道の施工管理・維持管理技術者,安全・環境・危険物,1,厚労省 職業情報提供サイト（jobtag）を出所とする careers の正規化
o-0199,下水道の管路施設の維持管理・施工管理技術者,安全・環境・危険物,1,厚労省 職業情報提供サイト（jobtag）を出所とする careers の正規化
o-0200,下水道の維持管理技術者,安全・環境・危険物,1,厚労省 職業情報提供サイト（jobtag）を出所とする careers の正規化
o-0201,下水道の計画設計・施工管理技術者,安全・環境・危険物,1,厚労省 職業情報提供サイト（jobtag）を出所とする careers の正規化
o-0202,不動産仲介営業,不動産,1,厚労省 職業情報提供サイト（jobtag）を出所とする careers の正規化
o-0203,不動産投資・開発の評価,不動産,1,厚労省 職業情報提供サイト（jobtag）を出所とする careers の正規化
o-0205,不動産表示に関する申請代理,不動産,1,厚労省 職業情報提供サイト（jobtag）を出所とする careers の正規化
o-0206,不動産鑑定士,不動産,1,厚労省 職業情報提供サイト（jobtag）を出所とする careers の正規化
o-0207,中国語を使う貿易事務・営業・観光対応,語学・コミュニケーション,1,厚労省 職業情報提供サイト（jobtag）を出所とする careers の正規化
o-0208,中国語通訳・翻訳,語学・コミュニケーション,1,厚労省 職業情報提供サイト（jobtag）を出所とする careers の正規化
o-0210,中型トラック運転手,運輸・運転・航空,1,厚労省 職業情報提供サイト（jobtag）を出所とする careers の正規化
o-0211,中学校教諭,教育・保育・学術,1,厚労省 職業情報提供サイト（jobtag）を出所とする careers の正規化
o-0212,中小企業診断士,会計・金融・経営,1,厚労省 職業情報提供サイト（jobtag）を出所とする careers の正規化
o-0214,事務職での国語力の証明,語学・コミュニケーション,1,厚労省 職業情報提供サイト（jobtag）を出所とする careers の正規化
o-0215,事務職のITリテラシー活用,IT・情報処理,1,厚労省 職業情報提供サイト（jobtag）を出所とする careers の正規化
o-0217,二級建築士,建築・設備,1,厚労省 職業情報提供サイト（jobtag）を出所とする careers の正規化
o-0218,二輪を使う外勤業務,運輸・運転・航空,1,厚労省 職業情報提供サイト（jobtag）を出所とする careers の正規化
o-0219,二輪整備工場スタッフ,機械・電気・ものづくり,1,厚労省 職業情報提供サイト（jobtag）を出所とする careers の正規化
o-0222,人事・人材開発・労務管理の実務担当,会計・金融・経営,1,厚労省 職業情報提供サイト（jobtag）を出所とする careers の正規化
o-0223,人事・労務,会計・金融・経営,1,厚労省 職業情報提供サイト（jobtag）を出所とする careers の正規化
o-0224,人事・総務,医療・看護・薬,1,厚労省 職業情報提供サイト（jobtag）を出所とする careers の正規化
o-0225,人事・総務の安全衛生担当,医療・看護・薬,1,厚労省 職業情報提供サイト（jobtag）を出所とする careers の正規化
o-0226,人材紹介,福祉・介護・心理,1,厚労省 職業情報提供サイト（jobtag）を出所とする careers の正規化
o-0227,介護事務,商業・販売・事務,1,厚労省 職業情報提供サイト（jobtag）を出所とする careers の正規化
o-0228,介護報酬請求,商業・販売・事務,1,厚労省 職業情報提供サイト（jobtag）を出所とする careers の正規化
o-0229,介護福祉士,福祉・介護・心理,1,厚労省 職業情報提供サイト（jobtag）を出所とする careers の正規化
o-0230,介護職,医療・看護・薬,1,厚労省 職業情報提供サイト（jobtag）を出所とする careers の正規化
o-0232,企業の人事・キャリア支援,福祉・介護・心理,1,厚労省 職業情報提供サイト（jobtag）を出所とする careers の正規化
o-0234,企業の労働衛生管理,医療・看護・薬,1,厚労省 職業情報提供サイト（jobtag）を出所とする careers の正規化
o-0235,企業の消費者対応,福祉・介護・心理,1,厚労省 職業情報提供サイト（jobtag）を出所とする careers の正規化
o-0236,企業の知的財産業務の基礎,法律・法務・知財,1,厚労省 職業情報提供サイト（jobtag）を出所とする careers の正規化
o-0237,企業の知的財産部,法律・法務・知財,1,厚労省 職業情報提供サイト（jobtag）を出所とする careers の正規化
o-0238,企業の知的財産部門,法律・法務・知財,1,厚労省 職業情報提供サイト（jobtag）を出所とする careers の正規化
o-0239,企業の知的財産部門の管理職,法律・法務・知財,1,厚労省 職業情報提供サイト（jobtag）を出所とする careers の正規化
o-0240,企業の税務・会計,会計・金融・経営,1,厚労省 職業情報提供サイト（jobtag）を出所とする careers の正規化
o-0242,企業の経理・財務,会計・金融・経営,1,厚労省 職業情報提供サイト（jobtag）を出所とする careers の正規化
o-0243,企業内診断士,会計・金融・経営,1,厚労省 職業情報提供サイト（jobtag）を出所とする careers の正規化
o-0244,企業法務の実務,法律・法務・知財,1,厚労省 職業情報提供サイト（jobtag）を出所とする careers の正規化
o-0245,企業法務・総務の実務担当,会計・金融・経営,1,厚労省 職業情報提供サイト（jobtag）を出所とする careers の正規化
o-0246,会計コンサルティング,会計・金融・経営,1,厚労省 職業情報提供サイト（jobtag）を出所とする careers の正規化
o-0249,会計補助,会計・金融・経営,1,厚労省 職業情報提供サイト（jobtag）を出所とする careers の正規化
o-0250,会議記録スタッフ,語学・コミュニケーション,1,厚労省 職業情報提供サイト（jobtag）を出所とする careers の正規化
o-0251,住宅メーカー・家具/インテリアショップ・リフォーム,建築・設備,1,厚労省 職業情報提供サイト（jobtag）を出所とする careers の正規化
o-0252,住宅ローン相談,会計・金融・経営,1,厚労省 職業情報提供サイト（jobtag）を出所とする careers の正規化
o-0253,住宅・小規模建築の設計・工事監理,建築・設備,1,厚労省 職業情報提供サイト（jobtag）を出所とする careers の正規化
o-0254,住宅改修提案,福祉・介護・心理,1,厚労省 職業情報提供サイト（jobtag）を出所とする careers の正規化
o-0256,作業療法士,医療・看護・薬,1,厚労省 職業情報提供サイト（jobtag）を出所とする careers の正規化
o-0258,保健師,医療・看護・薬,1,厚労省 職業情報提供サイト（jobtag）を出所とする careers の正規化
o-0259,保健師・助産師への進路,医療・看護・薬,1,厚労省 職業情報提供サイト（jobtag）を出所とする careers の正規化
o-0261,保育士,福祉・介護・心理,1,厚労省 職業情報提供サイト（jobtag）を出所とする careers の正規化
o-0262,倉庫・物流・製造現場のフォークリフト運転,運輸・運転・航空,1,厚労省 職業情報提供サイト（jobtag）を出所とする careers の正規化
o-0265,健康運動実践指導者,美容・サービス・スポーツ,1,厚労省 職業情報提供サイト（jobtag）を出所とする careers の正規化
o-0266,健康運動指導士,美容・サービス・スポーツ,1,厚労省 職業情報提供サイト（jobtag）を出所とする careers の正規化
o-0268,児童・高齢者支援スタッフ,美容・サービス・スポーツ,1,厚労省 職業情報提供サイト（jobtag）を出所とする careers の正規化
o-0269,公園・庭園,土木・測量・建設,1,厚労省 職業情報提供サイト（jobtag）を出所とする careers の正規化
o-0270,公園・庭園の整備,土木・測量・建設,1,厚労省 職業情報提供サイト（jobtag）を出所とする careers の正規化
o-0271,公害防止管理者,安全・環境・危険物,1,厚労省 職業情報提供サイト（jobtag）を出所とする careers の正規化
o-0272,公的評価,不動産,1,厚労省 職業情報提供サイト（jobtag）を出所とする careers の正規化
o-0273,公認会計士,会計・金融・経営,1,厚労省 職業情報提供サイト（jobtag）を出所とする careers の正規化
o-0274,公認心理師,医療・看護・薬,1,厚労省 職業情報提供サイト（jobtag）を出所とする careers の正規化
o-0275,内装・住宅・商業空間の企画設計,建築・設備,1,厚労省 職業情報提供サイト（jobtag）を出所とする careers の正規化
o-0277,内部監査,IT・情報処理,1,厚労省 職業情報提供サイト（jobtag）を出所とする careers の正規化
o-0279,冷凍・冷蔵施設の管理,機械・電気・ものづくり,1,厚労省 職業情報提供サイト（jobtag）を出所とする careers の正規化
o-0280,冷凍空調設備の保守技術者,建築・設備,1,厚労省 職業情報提供サイト（jobtag）を出所とする careers の正規化
o-0281,冷凍空調設備の保安,機械・電気・ものづくり,1,厚労省 職業情報提供サイト（jobtag）を出所とする careers の正規化
o-0283,冷凍空調設備の施工・保守技術者,建築・設備,1,厚労省 職業情報提供サイト（jobtag）を出所とする careers の正規化
o-0284,准看護師,医療・看護・薬,1,厚労省 職業情報提供サイト（jobtag）を出所とする careers の正規化
o-0285,分譲・売買仲介,不動産,1,厚労省 職業情報提供サイト（jobtag）を出所とする careers の正規化
o-0287,初生雛鑑別師,農林水産・動物,1,厚労省 職業情報提供サイト（jobtag）を出所とする careers の正規化
o-0289,助産師,医療・看護・薬,1,厚労省 職業情報提供サイト（jobtag）を出所とする careers の正規化
o-0290,労働安全コンサルタント,安全・環境・危険物,1,厚労省 職業情報提供サイト（jobtag）を出所とする careers の正規化
o-0291,労働衛生コンサルタント,医療・看護・薬,1,厚労省 職業情報提供サイト（jobtag）を出所とする careers の正規化
o-0292,化学プラント・製造業の高圧ガス製造設備の保安統括,機械・電気・ものづくり,1,厚労省 職業情報提供サイト（jobtag）を出所とする careers の正規化
o-0293,化学・製造・販売業の毒物劇物の管理,安全・環境・危険物,1,厚労省 職業情報提供サイト（jobtag）を出所とする careers の正規化
o-0297,化学技術者,機械・電気・ものづくり,1,厚労省 職業情報提供サイト（jobtag）を出所とする careers の正規化
o-0298,医事コンピュータ操作,商業・販売・事務,1,厚労省 職業情報提供サイト（jobtag）を出所とする careers の正規化
o-0299,医師(病院・診療所での診療,医療・看護・薬,1,厚労省 職業情報提供サイト（jobtag）を出所とする careers の正規化
o-0300,医療ソーシャルワーカー,福祉・介護・心理,1,厚労省 職業情報提供サイト（jobtag）を出所とする careers の正規化
o-0302,医療機関の事務,商業・販売・事務,1,厚労省 職業情報提供サイト（jobtag）を出所とする careers の正規化
o-0309,危険物(ガソリン・灯油・軽油等)の取扱い,機械・電気・ものづくり,1,厚労省 職業情報提供サイト（jobtag）を出所とする careers の正規化
o-0310,危険物の取扱い・運搬,機械・電気・ものづくり,1,厚労省 職業情報提供サイト（jobtag）を出所とする careers の正規化
o-0311,危険物施設の保安監督,機械・電気・ものづくり,1,厚労省 職業情報提供サイト（jobtag）を出所とする careers の正規化
o-0312,原価計算,会計・金融・経営,1,厚労省 職業情報提供サイト（jobtag）を出所とする careers の正規化
o-0313,原子炉主任技術者,機械・電気・ものづくり,1,厚労省 職業情報提供サイト（jobtag）を出所とする careers の正規化
o-0317,司法書士,法律・法務・知財,1,厚労省 職業情報提供サイト（jobtag）を出所とする careers の正規化
o-0319,各種法務書類作成,法律・法務・知財,1,厚労省 職業情報提供サイト（jobtag）を出所とする careers の正規化
o-0322,商品先物取引の外務員,商業・販売・事務,1,厚労省 職業情報提供サイト（jobtag）を出所とする careers の正規化
o-0324,商業施設の企画・設計・ディスプレイデザイン,建築・設備,1,厚労省 職業情報提供サイト（jobtag）を出所とする careers の正規化
o-0325,商業簿記の基礎活用,会計・金融・経営,1,厚労省 職業情報提供サイト（jobtag）を出所とする careers の正規化
o-0327,営業・マーケティングの実務担当,会計・金融・経営,1,厚労省 職業情報提供サイト（jobtag）を出所とする careers の正規化
o-0330,図書館の司書補,教育・保育・学術,1,厚労省 職業情報提供サイト（jobtag）を出所とする careers の正規化
o-0331,図書館司書,教育・保育・学術,1,厚労省 職業情報提供サイト（jobtag）を出所とする careers の正規化
o-0332,国語教育,語学・コミュニケーション,1,厚労省 職業情報提供サイト（jobtag）を出所とする careers の正規化
o-0333,国際業務スタッフ,語学・コミュニケーション,1,厚労省 職業情報提供サイト（jobtag）を出所とする careers の正規化
o-0335,土地区画整理士,不動産,1,厚労省 職業情報提供サイト（jobtag）を出所とする careers の正規化
o-0336,土地家屋調査士,不動産,1,厚労省 職業情報提供サイト（jobtag）を出所とする careers の正規化
o-0337,土地家屋調査士事務所スタッフ,土木・測量・建設,1,厚労省 職業情報提供サイト（jobtag）を出所とする careers の正規化
o-0338,土地家屋調査士補助,土木・測量・建設,1,厚労省 職業情報提供サイト（jobtag）を出所とする careers の正規化
o-0339,土地改良換地士,不動産,1,厚労省 職業情報提供サイト（jobtag）を出所とする careers の正規化
o-0341,土木工事の施工管理,土木・測量・建設,1,厚労省 職業情報提供サイト（jobtag）を出所とする careers の正規化
o-0342,土木施工管理,土木・測量・建設,1,厚労省 職業情報提供サイト（jobtag）を出所とする careers の正規化
o-0343,土木施工管理技士,土木・測量・建設,1,厚労省 職業情報提供サイト（jobtag）を出所とする careers の正規化
o-0344,土木設計技術者,建築・設備,1,厚労省 職業情報提供サイト（jobtag）を出所とする careers の正規化
o-0345,地図・GIS技術者,土木・測量・建設,1,厚労省 職業情報提供サイト（jobtag）を出所とする careers の正規化
o-0346,地域包括支援センター,福祉・介護・心理,1,厚労省 職業情報提供サイト（jobtag）を出所とする careers の正規化
o-0347,地域包括支援センター職員,福祉・介護・心理,1,厚労省 職業情報提供サイト（jobtag）を出所とする careers の正規化
o-0349,地質・物理探査等の技術者,安全・環境・危険物,1,厚労省 職業情報提供サイト（jobtag）を出所とする careers の正規化
o-0352,基地局・無線設備の管理,電気・通信,1,厚労省 職業情報提供サイト（jobtag）を出所とする careers の正規化
o-0353,塗料調色,機械・電気・ものづくり,1,厚労省 職業情報提供サイト（jobtag）を出所とする careers の正規化
o-0356,境界確定,不動産,1,厚労省 職業情報提供サイト（jobtag）を出所とする careers の正規化
o-0357,売場づくり,商業・販売・事務,1,厚労省 職業情報提供サイト（jobtag）を出所とする careers の正規化
o-0358,売場管理,商業・販売・事務,1,厚労省 職業情報提供サイト（jobtag）を出所とする careers の正規化
o-0360,外資系・インバウンド対応,語学・コミュニケーション,1,厚労省 職業情報提供サイト（jobtag）を出所とする careers の正規化
o-0361,外資系・海外営業,語学・コミュニケーション,1,厚労省 職業情報提供サイト（jobtag）を出所とする careers の正規化
o-0362,外資系・海外営業・貿易事務・通訳補助など英語を使う業務,語学・コミュニケーション,1,厚労省 職業情報提供サイト（jobtag）を出所とする careers の正規化
o-0363,外資系企業のアシスタント,語学・コミュニケーション,1,厚労省 職業情報提供サイト（jobtag）を出所とする careers の正規化
o-0365,大型トラックドライバー,運輸・運転・航空,1,厚労省 職業情報提供サイト（jobtag）を出所とする careers の正規化
o-0367,大規模電気設備の管理,機械・電気・ものづくり,1,厚労省 職業情報提供サイト（jobtag）を出所とする careers の正規化
o-0370,字幕制作,語学・コミュニケーション,1,厚労省 職業情報提供サイト（jobtag）を出所とする careers の正規化
o-0371,学芸員,教育・保育・学術,1,厚労省 職業情報提供サイト（jobtag）を出所とする careers の正規化
o-0372,学芸員補,教育・保育・学術,1,厚労省 職業情報提供サイト（jobtag）を出所とする careers の正規化
o-0376,家具製造,機械・電気・ものづくり,1,厚労省 職業情報提供サイト（jobtag）を出所とする careers の正規化
o-0377,家畜人工授精師,農林水産・動物,1,厚労省 職業情報提供サイト（jobtag）を出所とする careers の正規化
o-0378,家計・保険の相談,会計・金融・経営,1,厚労省 職業情報提供サイト（jobtag）を出所とする careers の正規化
o-0379,家計相談,会計・金融・経営,1,厚労省 職業情報提供サイト（jobtag）を出所とする careers の正規化
o-0380,家電販売,商業・販売・事務,1,厚労省 職業情報提供サイト（jobtag）を出所とする careers の正規化
o-0381,家電量販店の販売員,商業・販売・事務,1,厚労省 職業情報提供サイト（jobtag）を出所とする careers の正規化
o-0385,専門調理師,食品・調理・栄養,1,厚労省 職業情報提供サイト（jobtag）を出所とする careers の正規化
o-0386,小売・サービス業の基礎,商業・販売・事務,1,厚労省 職業情報提供サイト（jobtag）を出所とする careers の正規化
o-0387,小売・流通の販売・店舗運営,商業・販売・事務,1,厚労省 職業情報提供サイト（jobtag）を出所とする careers の正規化
o-0388,小売・流通の販売職,商業・販売・事務,1,厚労省 職業情報提供サイト（jobtag）を出所とする careers の正規化
o-0390,小学校教諭,教育・保育・学術,1,厚労省 職業情報提供サイト（jobtag）を出所とする careers の正規化
o-0391,就職・転職支援,福祉・介護・心理,1,厚労省 職業情報提供サイト（jobtag）を出所とする careers の正規化
o-0392,居宅介護支援,福祉・介護・心理,1,厚労省 職業情報提供サイト（jobtag）を出所とする careers の正規化
o-0396,工事監理,建築・設備,1,厚労省 職業情報提供サイト（jobtag）を出所とする careers の正規化
o-0397,工務店・建設会社の工事管理,建築・設備,1,厚労省 職業情報提供サイト（jobtag）を出所とする careers の正規化
o-0399,工場・ビルの省エネ・エネルギー管理,安全・環境・危険物,1,厚労省 職業情報提供サイト（jobtag）を出所とする careers の正規化
o-0400,工場・プラント,設備・プラント・機械運転,1,厚労省 職業情報提供サイト（jobtag）を出所とする careers の正規化
o-0402,工場・施設のボイラー運転,設備・プラント・機械運転,1,厚労省 職業情報提供サイト（jobtag）を出所とする careers の正規化
o-0406,年金相談,会計・金融・経営,1,厚労省 職業情報提供サイト（jobtag）を出所とする careers の正規化
o-0407,幼稚園教諭,教育・保育・学術,1,厚労省 職業情報提供サイト（jobtag）を出所とする careers の正規化
o-0409,店舗の衛生管理,食品・調理・栄養,1,厚労省 職業情報提供サイト（jobtag）を出所とする careers の正規化
o-0410,店長・売場責任者,商業・販売・事務,1,厚労省 職業情報提供サイト（jobtag）を出所とする careers の正規化
o-0413,建築・介護分野,福祉・介護・心理,1,厚労省 職業情報提供サイト（jobtag）を出所とする careers の正規化
o-0414,建築施工管理,建築・設備,1,厚労省 職業情報提供サイト（jobtag）を出所とする careers の正規化
o-0415,建築施工管理技士,建築・設備,1,厚労省 職業情報提供サイト（jobtag）を出所とする careers の正規化
o-0417,建築物の環境衛生管理,建築・設備,1,厚労省 職業情報提供サイト（jobtag）を出所とする careers の正規化
o-0419,建築積算士,建築・設備,1,厚労省 職業情報提供サイト（jobtag）を出所とする careers の正規化
o-0420,建築設備の設計・工事監理,建築・設備,1,厚労省 職業情報提供サイト（jobtag）を出所とする careers の正規化
o-0421,建築設備検査員,建築・設備,1,厚労省 職業情報提供サイト（jobtag）を出所とする careers の正規化
o-0422,建築設計,建築・設備,1,厚労省 職業情報提供サイト（jobtag）を出所とする careers の正規化
o-0426,建設・港湾・製造現場のクレーン操作,設備・プラント・機械運転,1,厚労省 職業情報提供サイト（jobtag）を出所とする careers の正規化
o-0428,建設会社の土木工事管理,土木・測量・建設,1,厚労省 職業情報提供サイト（jobtag）を出所とする careers の正規化
o-0429,建設会社の工事管理,建築・設備,1,厚労省 職業情報提供サイト（jobtag）を出所とする careers の正規化
o-0430,建設会社・建設コンサルタント,土木・測量・建設,1,厚労省 職業情報提供サイト（jobtag）を出所とする careers の正規化
o-0431,建設会社・設計事務所,建築・設備,1,厚労省 職業情報提供サイト（jobtag）を出所とする careers の正規化
o-0433,建設業の経理・財務,建築・設備,1,厚労省 職業情報提供サイト（jobtag）を出所とする careers の正規化
o-0435,建設業の経理補助,建築・設備,1,厚労省 職業情報提供サイト（jobtag）を出所とする careers の正規化
o-0439,建設現場の施工管理,建築・設備,1,厚労省 職業情報提供サイト（jobtag）を出所とする careers の正規化
o-0440,建設現場の施工管理・主任技術者,建築・設備,1,厚労省 職業情報提供サイト（jobtag）を出所とする careers の正規化
o-0441,弁理士,法律・法務・知財,1,厚労省 職業情報提供サイト（jobtag）を出所とする careers の正規化
o-0442,弁護士,法律・法務・知財,1,厚労省 職業情報提供サイト（jobtag）を出所とする careers の正規化
o-0443,役員アシスタント,語学・コミュニケーション,1,厚労省 職業情報提供サイト（jobtag）を出所とする careers の正規化
o-0444,情報セキュリティエンジニア,IT・情報処理,1,厚労省 職業情報提供サイト（jobtag）を出所とする careers の正規化
o-0446,手話通訳士,福祉・介護・心理,1,厚労省 職業情報提供サイト（jobtag）を出所とする careers の正規化
o-0451,接客・ビジネスマナーを活かす職種,語学・コミュニケーション,1,厚労省 職業情報提供サイト（jobtag）を出所とする careers の正規化
o-0452,接客・販売,語学・コミュニケーション,1,厚労省 職業情報提供サイト（jobtag）を出所とする careers の正規化
o-0453,接客・販売リーダー,商業・販売・事務,1,厚労省 職業情報提供サイト（jobtag）を出所とする careers の正規化
o-0454,揚貨装置運転士,設備・プラント・機械運転,1,厚労省 職業情報提供サイト（jobtag）を出所とする careers の正規化
o-0455,放射線取扱主任者,機械・電気・ものづくり,1,厚労省 職業情報提供サイト（jobtag）を出所とする careers の正規化
o-0457,放射線取扱施設の管理・保安監督,機械・電気・ものづくり,1,厚労省 職業情報提供サイト（jobtag）を出所とする careers の正規化
o-0458,放送・通信事業者,電気・通信,1,厚労省 職業情報提供サイト（jobtag）を出所とする careers の正規化
o-0460,救急救命士,医療・看護・薬,1,厚労省 職業情報提供サイト（jobtag）を出所とする careers の正規化
o-0461,教育,語学・コミュニケーション,1,厚労省 職業情報提供サイト（jobtag）を出所とする careers の正規化
o-0462,文書作成,IT・情報処理,1,厚労省 職業情報提供サイト（jobtag）を出所とする careers の正規化
o-0463,文章を扱う専門職,語学・コミュニケーション,1,厚労省 職業情報提供サイト（jobtag）を出所とする careers の正規化
o-0464,施工管理,建築・設備,1,厚労省 職業情報提供サイト（jobtag）を出所とする careers の正規化
o-0466,施設のケアプラン作成,福祉・介護・心理,1,厚労省 職業情報提供サイト（jobtag）を出所とする careers の正規化
o-0472,旅行会社スタッフ,美容・サービス・スポーツ,1,厚労省 職業情報提供サイト（jobtag）を出所とする careers の正規化
o-0473,旅行手配・カウンター業務,商業・販売・事務,1,厚労省 職業情報提供サイト（jobtag）を出所とする careers の正規化
o-0474,旅行業務取扱管理者,商業・販売・事務,1,厚労省 職業情報提供サイト（jobtag）を出所とする careers の正規化
o-0476,昇降機等検査員,建築・設備,1,厚労省 職業情報提供サイト（jobtag）を出所とする careers の正規化
o-0480,木材加工作業員,機械・電気・ものづくり,1,厚労省 職業情報提供サイト（jobtag）を出所とする careers の正規化
o-0481,木造建築士,建築・設備,1,厚労省 職業情報提供サイト（jobtag）を出所とする careers の正規化
o-0484,枠組壁工法の大工,建築・設備,1,厚労省 職業情報提供サイト（jobtag）を出所とする careers の正規化
o-0486,柔道整復師,医療・看護・薬,1,厚労省 職業情報提供サイト（jobtag）を出所とする careers の正規化
o-0487,栄養士,食品・調理・栄養,1,厚労省 職業情報提供サイト（jobtag）を出所とする careers の正規化
o-0488,校正・校閲,語学・コミュニケーション,1,厚労省 職業情報提供サイト（jobtag）を出所とする careers の正規化
o-0489,核燃料取扱主任者,機械・電気・ものづくり,1,厚労省 職業情報提供サイト（jobtag）を出所とする careers の正規化
o-0491,森林コンサルタント,農林水産・動物,1,厚労省 職業情報提供サイト（jobtag）を出所とする careers の正規化
o-0492,森林施業の計画・管理,農林水産・動物,1,厚労省 職業情報提供サイト（jobtag）を出所とする careers の正規化
o-0493,検察官,法律・法務・知財,1,厚労省 職業情報提供サイト（jobtag）を出所とする careers の正規化
o-0495,検査技師,医療・看護・薬,1,厚労省 職業情報提供サイト（jobtag）を出所とする careers の正規化
o-0496,構内運搬,運輸・運転・航空,1,厚労省 職業情報提供サイト（jobtag）を出所とする careers の正規化
o-0497,構造設計,建築・設備,1,厚労省 職業情報提供サイト（jobtag）を出所とする careers の正規化
o-0498,樹脂接着剤注入施工,建築・設備,1,厚労省 職業情報提供サイト（jobtag）を出所とする careers の正規化
o-0499,機器メーカーの開発職,IT・情報処理,1,厚労省 職業情報提供サイト（jobtag）を出所とする careers の正規化
o-0500,機械・製造業の高圧ガス製造設備の保安統括,機械・電気・ものづくり,1,厚労省 職業情報提供サイト（jobtag）を出所とする careers の正規化
o-0507,機械設計技術者,機械・電気・ものづくり,1,厚労省 職業情報提供サイト（jobtag）を出所とする careers の正規化
o-0508,歯科医師,医療・看護・薬,1,厚労省 職業情報提供サイト（jobtag）を出所とする careers の正規化
o-0509,歯科技工士,医療・看護・薬,1,厚労省 職業情報提供サイト（jobtag）を出所とする careers の正規化
o-0510,歯科衛生士,医療・看護・薬,1,厚労省 職業情報提供サイト（jobtag）を出所とする careers の正規化
o-0511,毒物劇物取扱責任者,安全・環境・危険物,1,厚労省 職業情報提供サイト（jobtag）を出所とする careers の正規化
o-0512,気象予報士,安全・環境・危険物,1,厚労省 職業情報提供サイト（jobtag）を出所とする careers の正規化
o-0513,水上バイク,運輸・運転・航空,1,厚労省 職業情報提供サイト（jobtag）を出所とする careers の正規化
o-0514,水産コンサルタント,農林水産・動物,1,厚労省 職業情報提供サイト（jobtag）を出所とする careers の正規化
o-0515,水産技術者,農林水産・動物,1,厚労省 職業情報提供サイト（jobtag）を出所とする careers の正規化
o-0517,決算業務,建築・設備,1,厚労省 職業情報提供サイト（jobtag）を出所とする careers の正規化
o-0519,法務部,法律・法務・知財,1,厚労省 職業情報提供サイト（jobtag）を出所とする careers の正規化
o-0520,洋菓子・和菓子店,食品・調理・栄養,1,厚労省 職業情報提供サイト（jobtag）を出所とする careers の正規化
o-0521,浄化槽の技術管理者,安全・環境・危険物,1,厚労省 職業情報提供サイト（jobtag）を出所とする careers の正規化
o-0522,浄化槽清掃技術者,安全・環境・危険物,1,厚労省 職業情報提供サイト（jobtag）を出所とする careers の正規化
o-0523,浄化槽管理士,安全・環境・危険物,1,厚労省 職業情報提供サイト（jobtag）を出所とする careers の正規化
o-0524,浄化槽設備士,建築・設備,1,厚労省 職業情報提供サイト（jobtag）を出所とする careers の正規化
o-0525,海事代理士,法律・法務・知財,1,厚労省 職業情報提供サイト（jobtag）を出所とする careers の正規化
o-0526,海外取引対応スタッフ,語学・コミュニケーション,1,厚労省 職業情報提供サイト（jobtag）を出所とする careers の正規化
o-0530,海外旅行・貿易関連の補助業務,語学・コミュニケーション,1,厚労省 職業情報提供サイト（jobtag）を出所とする careers の正規化
o-0531,海外関連業務,語学・コミュニケーション,1,厚労省 職業情報提供サイト（jobtag）を出所とする careers の正規化
o-0532,消費生活相談員,福祉・介護・心理,1,厚労省 職業情報提供サイト（jobtag）を出所とする careers の正規化
o-0533,消防用設備の点検,安全・環境・危険物,1,厚労省 職業情報提供サイト（jobtag）を出所とする careers の正規化
o-0535,消防設備点検,安全・環境・危険物,1,厚労省 職業情報提供サイト（jobtag）を出所とする careers の正規化
o-0536,液化石油ガス(LPガス)設備の工事,建築・設備,1,厚労省 職業情報提供サイト（jobtag）を出所とする careers の正規化
o-0538,測量技術者,土木・測量・建設,1,厚労省 職業情報提供サイト（jobtag）を出所とする careers の正規化
o-0539,測量補助技術者,土木・測量・建設,1,厚労省 職業情報提供サイト（jobtag）を出所とする careers の正規化
o-0541,溶射工,機械・電気・ものづくり,1,厚労省 職業情報提供サイト（jobtag）を出所とする careers の正規化
o-0542,溶接工,機械・電気・ものづくり,1,厚労省 職業情報提供サイト（jobtag）を出所とする careers の正規化
o-0543,漁業,運輸・運転・航空,1,厚労省 職業情報提供サイト（jobtag）を出所とする careers の正規化
o-0544,潜水士,建築・設備,1,厚労省 職業情報提供サイト（jobtag）を出所とする careers の正規化
o-0550,特別支援学校教諭,教育・保育・学術,1,厚労省 職業情報提供サイト（jobtag）を出所とする careers の正規化
o-0551,特定建築物調査員,建築・設備,1,厚労省 職業情報提供サイト（jobtag）を出所とする careers の正規化
o-0552,特殊車両運転手,運輸・運転・航空,1,厚労省 職業情報提供サイト（jobtag）を出所とする careers の正規化
o-0553,特許・商標出願,法律・法務・知財,1,厚労省 職業情報提供サイト（jobtag）を出所とする careers の正規化
o-0554,特許・商標出願管理,法律・法務・知財,1,厚労省 職業情報提供サイト（jobtag）を出所とする careers の正規化
o-0555,特許・商標管理,法律・法務・知財,1,厚労省 職業情報提供サイト（jobtag）を出所とする careers の正規化
o-0556,特許事務所,法律・法務・知財,1,厚労省 職業情報提供サイト（jobtag）を出所とする careers の正規化
o-0557,獣医師,医療・看護・薬,1,厚労省 職業情報提供サイト（jobtag）を出所とする careers の正規化
o-0559,玉掛作業者,設備・プラント・機械運転,1,厚労省 職業情報提供サイト（jobtag）を出所とする careers の正規化
o-0562,理学療法士,医療・看護・薬,1,厚労省 職業情報提供サイト（jobtag）を出所とする careers の正規化
o-0563,理容師,美容・サービス・スポーツ,1,厚労省 職業情報提供サイト（jobtag）を出所とする careers の正規化
o-0564,理容店の管理理容師,美容・サービス・スポーツ,1,厚労省 職業情報提供サイト（jobtag）を出所とする careers の正規化
o-0565,環境コンサルタント,安全・環境・危険物,1,厚労省 職業情報提供サイト（jobtag）を出所とする careers の正規化
o-0566,環境技術者,安全・環境・危険物,1,厚労省 職業情報提供サイト（jobtag）を出所とする careers の正規化
o-0567,環境計量士,機械・電気・ものづくり,1,厚労省 職業情報提供サイト（jobtag）を出所とする careers の正規化
o-0569,生産管理の実務担当,会計・金融・経営,1,厚労省 職業情報提供サイト（jobtag）を出所とする careers の正規化
o-0570,生産管理・経営工学技術者,安全・環境・危険物,1,厚労省 職業情報提供サイト（jobtag）を出所とする careers の正規化
o-0572,産業廃棄物処理施設の技術管理者,安全・環境・危険物,1,厚労省 職業情報提供サイト（jobtag）を出所とする careers の正規化
o-0573,産業洗浄,安全・環境・危険物,1,厚労省 職業情報提供サイト（jobtag）を出所とする careers の正規化
o-0575,畜産コンサルタント,農林水産・動物,1,厚労省 職業情報提供サイト（jobtag）を出所とする careers の正規化
o-0576,畜産技術者,農林水産・動物,1,厚労省 職業情報提供サイト（jobtag）を出所とする careers の正規化
o-0578,病院の受付・クラーク,語学・コミュニケーション,1,厚労省 職業情報提供サイト（jobtag）を出所とする careers の正規化
o-0579,病院・クリニックの事務,商業・販売・事務,1,厚労省 職業情報提供サイト（jobtag）を出所とする careers の正規化
o-0580,病院・クリニックの受付・事務,語学・コミュニケーション,1,厚労省 職業情報提供サイト（jobtag）を出所とする careers の正規化
o-0581,病院・検査機関の検査担当,医療・看護・薬,1,厚労省 職業情報提供サイト（jobtag）を出所とする careers の正規化
o-0582,発破技士,機械・電気・ものづくり,1,厚労省 職業情報提供サイト（jobtag）を出所とする careers の正規化
o-0583,発電・送変電・大規模需要設備の保安監督,機械・電気・ものづくり,1,厚労省 職業情報提供サイト（jobtag）を出所とする careers の正規化
o-0584,発電・送変電設備の保安監督,機械・電気・ものづくり,1,厚労省 職業情報提供サイト（jobtag）を出所とする careers の正規化
o-0585,発電所のボイラー・タービン設備の保安監督,機械・電気・ものづくり,1,厚労省 職業情報提供サイト（jobtag）を出所とする careers の正規化
o-0586,登記申請,法律・法務・知財,1,厚労省 職業情報提供サイト（jobtag）を出所とする careers の正規化
o-0587,登録販売者,商業・販売・事務,1,厚労省 職業情報提供サイト（jobtag）を出所とする careers の正規化
o-0588,監査法人,会計・金融・経営,1,厚労省 職業情報提供サイト（jobtag）を出所とする careers の正規化
o-0589,相続・成年後見,法律・法務・知財,1,厚労省 職業情報提供サイト（jobtag）を出所とする careers の正規化
o-0590,看護師,医療・看護・薬,1,厚労省 職業情報提供サイト（jobtag）を出所とする careers の正規化
o-0592,知財戦略,法律・法務・知財,1,厚労省 職業情報提供サイト（jobtag）を出所とする careers の正規化
o-0593,知財調査,法律・法務・知財,1,厚労省 職業情報提供サイト（jobtag）を出所とする careers の正規化
o-0595,研究開発・製造・販売部門での知財管理,法律・法務・知財,1,厚労省 職業情報提供サイト（jobtag）を出所とする careers の正規化
o-0596,社会保険労務士,会計・金融・経営,1,厚労省 職業情報提供サイト（jobtag）を出所とする careers の正規化
o-0597,社会教育主事,教育・保育・学術,1,厚労省 職業情報提供サイト（jobtag）を出所とする careers の正規化
o-0598,社会福祉士,福祉・介護・心理,1,厚労省 職業情報提供サイト（jobtag）を出所とする careers の正規化
o-0600,社内セキュリティ担当,IT・情報処理,1,厚労省 職業情報提供サイト（jobtag）を出所とする careers の正規化
o-0601,福祉住環境コーディネーター,福祉・介護・心理,1,厚労省 職業情報提供サイト（jobtag）を出所とする careers の正規化
o-0602,福祉施設のレク担当,美容・サービス・スポーツ,1,厚労省 職業情報提供サイト（jobtag）を出所とする careers の正規化
o-0603,福祉用具専門相談員,福祉・介護・心理,1,厚労省 職業情報提供サイト（jobtag）を出所とする careers の正規化
o-0604,福祉用具相談,福祉・介護・心理,1,厚労省 職業情報提供サイト（jobtag）を出所とする careers の正規化
o-0606,移動式クレーン運転士,設備・プラント・機械運転,1,厚労省 職業情報提供サイト（jobtag）を出所とする careers の正規化
o-0607,税理士,会計・金融・経営,1,厚労省 職業情報提供サイト（jobtag）を出所とする careers の正規化
o-0608,税理士・会計士補助,会計・金融・経営,1,厚労省 職業情報提供サイト（jobtag）を出所とする careers の正規化
o-0609,税理士法人,会計・金融・経営,1,厚労省 職業情報提供サイト（jobtag）を出所とする careers の正規化
o-0611,税理士試験等の基礎,会計・金融・経営,1,厚労省 職業情報提供サイト（jobtag）を出所とする careers の正規化
o-0613,空気調和・衛生設備の設計・施工管理,建築・設備,1,厚労省 職業情報提供サイト（jobtag）を出所とする careers の正規化
o-0616,空調・給排水・衛生設備工事の現場監督,建築・設備,1,厚労省 職業情報提供サイト（jobtag）を出所とする careers の正規化
o-0617,空調・電気・給排水設備の設計,建築・設備,1,厚労省 職業情報提供サイト（jobtag）を出所とする careers の正規化
o-0618,空調設備工,建築・設備,1,厚労省 職業情報提供サイト（jobtag）を出所とする careers の正規化
o-0621,管理栄養士,食品・調理・栄養,1,厚労省 職業情報提供サイト（jobtag）を出所とする careers の正規化
o-0622,管理業務主任者,不動産,1,厚労省 職業情報提供サイト（jobtag）を出所とする careers の正規化
o-0623,管理組合の運営支援,不動産,1,厚労省 職業情報提供サイト（jobtag）を出所とする careers の正規化
o-0624,管理組合対応,不動産,1,厚労省 職業情報提供サイト（jobtag）を出所とする careers の正規化
o-0626,簡裁訴訟代理,法律・法務・知財,1,厚労省 職業情報提供サイト（jobtag）を出所とする careers の正規化
o-0628,精神保健福祉士,福祉・介護・心理,1,厚労省 職業情報提供サイト（jobtag）を出所とする careers の正規化
o-0631,組込みソフトウェアエンジニア,IT・情報処理,1,厚労省 職業情報提供サイト（jobtag）を出所とする careers の正規化
o-0634,経営コンサルタント,会計・金融・経営,1,厚労省 職業情報提供サイト（jobtag）を出所とする careers の正規化
o-0635,経営情報システムの実務担当,会計・金融・経営,1,厚労省 職業情報提供サイト（jobtag）を出所とする careers の正規化
o-0636,経営戦略・経営企画の実務担当,会計・金融・経営,1,厚労省 職業情報提供サイト（jobtag）を出所とする careers の正規化
o-0637,経営管理,会計・金融・経営,1,厚労省 職業情報提供サイト（jobtag）を出所とする careers の正規化
o-0641,経理・財務管理の実務担当,会計・金融・経営,1,厚労省 職業情報提供サイト（jobtag）を出所とする careers の正規化
o-0643,経理補助,会計・金融・経営,1,厚労省 職業情報提供サイト（jobtag）を出所とする careers の正規化
o-0644,給与計算,会計・金融・経営,1,厚労省 職業情報提供サイト（jobtag）を出所とする careers の正規化
o-0647,編集・出版,語学・コミュニケーション,1,厚労省 職業情報提供サイト（jobtag）を出所とする careers の正規化
o-0648,編集・出版・校正,語学・コミュニケーション,1,厚労省 職業情報提供サイト（jobtag）を出所とする careers の正規化
o-0654,美容室の管理美容師,美容・サービス・スポーツ,1,厚労省 職業情報提供サイト（jobtag）を出所とする careers の正規化
o-0655,美容師,美容・サービス・スポーツ,1,厚労省 職業情報提供サイト（jobtag）を出所とする careers の正規化
o-0660,職業訓練指導員,教育・保育・学術,1,厚労省 職業情報提供サイト（jobtag）を出所とする careers の正規化
o-0661,臨床工学技士,医療・看護・薬,1,厚労省 職業情報提供サイト（jobtag）を出所とする careers の正規化
o-0662,臨床心理士,医療・看護・薬,1,厚労省 職業情報提供サイト（jobtag）を出所とする careers の正規化
o-0663,臨床検査技師,医療・看護・薬,1,厚労省 職業情報提供サイト（jobtag）を出所とする careers の正規化
o-0664,臨床研究,医療・看護・薬,1,厚労省 職業情報提供サイト（jobtag）を出所とする careers の正規化
o-0668,臭気判定士,安全・環境・危険物,1,厚労省 職業情報提供サイト（jobtag）を出所とする careers の正規化
o-0673,航空機の検査員,機械・電気・ものづくり,1,厚労省 職業情報提供サイト（jobtag）を出所とする careers の正規化
o-0675,航空機製造の品質管理,機械・電気・ものづくり,1,厚労省 職業情報提供サイト（jobtag）を出所とする careers の正規化
o-0677,色彩を扱うデザイン・商品企画・販売,デザイン・美術・文化,1,厚労省 職業情報提供サイト（jobtag）を出所とする careers の正規化
o-0679,英語を使う一般事務・接客・販売,語学・コミュニケーション,1,厚労省 職業情報提供サイト（jobtag）を出所とする careers の正規化
o-0680,英語を使う事務・営業・教育,語学・コミュニケーション,1,厚労省 職業情報提供サイト（jobtag）を出所とする careers の正規化
o-0681,英語を使う営業事務・貿易事務・接客,語学・コミュニケーション,1,厚労省 職業情報提供サイト（jobtag）を出所とする careers の正規化
o-0682,英語を使う通訳・翻訳補助,語学・コミュニケーション,1,厚労省 職業情報提供サイト（jobtag）を出所とする careers の正規化
o-0683,英語を活かす一般事務,語学・コミュニケーション,1,厚労省 職業情報提供サイト（jobtag）を出所とする careers の正規化
o-0684,英語教育,語学・コミュニケーション,1,厚労省 職業情報提供サイト（jobtag）を出所とする careers の正規化
o-0686,薬剤師,医療・看護・薬,1,厚労省 職業情報提供サイト（jobtag）を出所とする careers の正規化
o-0687,行政の福祉職,福祉・介護・心理,1,厚労省 職業情報提供サイト（jobtag）を出所とする careers の正規化
o-0688,行政・産業医),医療・看護・薬,1,厚労省 職業情報提供サイト（jobtag）を出所とする careers の正規化
o-0689,行政書士,法律・法務・知財,1,厚労省 職業情報提供サイト（jobtag）を出所とする careers の正規化
o-0690,衛生工学技術者,安全・環境・危険物,1,厚労省 職業情報提供サイト（jobtag）を出所とする careers の正規化
o-0691,衛生工学衛生管理者,医療・看護・薬,1,厚労省 職業情報提供サイト（jobtag）を出所とする careers の正規化
o-0692,衛生検査スタッフ,医療・看護・薬,1,厚労省 職業情報提供サイト（jobtag）を出所とする careers の正規化
o-0695,表示登記の調査・測量,不動産,1,厚労省 職業情報提供サイト（jobtag）を出所とする careers の正規化
o-0696,裁判官,法律・法務・知財,1,厚労省 職業情報提供サイト（jobtag）を出所とする careers の正規化
o-0699,製材・木工スタッフ,機械・電気・ものづくり,1,厚労省 職業情報提供サイト（jobtag）を出所とする careers の正規化
o-0701,製菓・製パン,食品・調理・栄養,1,厚労省 職業情報提供サイト（jobtag）を出所とする careers の正規化
o-0702,製菓衛生師,食品・調理・栄養,1,厚労省 職業情報提供サイト（jobtag）を出所とする careers の正規化
o-0703,製造・建設作業員,機械・電気・ものづくり,1,厚労省 職業情報提供サイト（jobtag）を出所とする careers の正規化
o-0704,製造品質検査スタッフ,機械・電気・ものづくり,1,厚労省 職業情報提供サイト（jobtag）を出所とする careers の正規化
o-0708,製麺,食品・調理・栄養,1,厚労省 職業情報提供サイト（jobtag）を出所とする careers の正規化
o-0709,視能訓練士,医療・看護・薬,1,厚労省 職業情報提供サイト（jobtag）を出所とする careers の正規化
o-0710,観光・インバウンド,語学・コミュニケーション,1,厚労省 職業情報提供サイト（jobtag）を出所とする careers の正規化
o-0712,言語聴覚士,医療・看護・薬,1,厚労省 職業情報提供サイト（jobtag）を出所とする careers の正規化
o-0713,計装の施工・保守,機械・電気・ものづくり,1,厚労省 職業情報提供サイト（jobtag）を出所とする careers の正規化
o-0714,計装の施工管理・計装エンジニア,機械・電気・ものづくり,1,厚労省 職業情報提供サイト（jobtag）を出所とする careers の正規化
o-0715,訪問介護員,福祉・介護・心理,1,厚労省 職業情報提供サイト（jobtag）を出所とする careers の正規化
o-0716,訪日観光ガイド,語学・コミュニケーション,1,厚労省 職業情報提供サイト（jobtag）を出所とする careers の正規化
o-0717,設備会社,建築・設備,1,厚労省 職業情報提供サイト（jobtag）を出所とする careers の正規化
o-0719,設備工事の現場監督,建築・設備,1,厚労省 職業情報提供サイト（jobtag）を出所とする careers の正規化
o-0720,設備工事スタッフ,運輸・運転・航空,1,厚労省 職業情報提供サイト（jobtag）を出所とする careers の正規化
o-0722,設備設計,建築・設備,1,厚労省 職業情報提供サイト（jobtag）を出所とする careers の正規化
o-0725,設計事務所・工務店,建築・設備,1,厚労省 職業情報提供サイト（jobtag）を出所とする careers の正規化
o-0727,許認可申請,法律・法務・知財,1,厚労省 職業情報提供サイト（jobtag）を出所とする careers の正規化
o-0728,診療報酬請求事務,商業・販売・事務,1,厚労省 職業情報提供サイト（jobtag）を出所とする careers の正規化
o-0729,診療放射線技師,医療・看護・薬,1,厚労省 職業情報提供サイト（jobtag）を出所とする careers の正規化
o-0730,証券アナリスト,会計・金融・経営,1,厚労省 職業情報提供サイト（jobtag）を出所とする careers の正規化
o-0731,証券外務員,商業・販売・事務,1,厚労省 職業情報提供サイト（jobtag）を出所とする careers の正規化
o-0732,認知症ケア専門士,医療・看護・薬,1,厚労省 職業情報提供サイト（jobtag）を出所とする careers の正規化
o-0734,調剤薬局事務,商業・販売・事務,1,厚労省 職業情報提供サイト（jobtag）を出所とする careers の正規化
o-0737,議事録作成スタッフ,語学・コミュニケーション,1,厚労省 職業情報提供サイト（jobtag）を出所とする careers の正規化
o-0740,販売・接客スタッフ,商業・販売・事務,1,厚労省 職業情報提供サイト（jobtag）を出所とする careers の正規化
o-0745,貸金業務取扱主任者,商業・販売・事務,1,厚労省 職業情報提供サイト（jobtag）を出所とする careers の正規化
o-0747,賃貸仲介,不動産,1,厚労省 職業情報提供サイト（jobtag）を出所とする careers の正規化
o-0748,資源・素材技術者,機械・電気・ものづくり,1,厚労省 職業情報提供サイト（jobtag）を出所とする careers の正規化
o-0749,資産形成の基礎知識活用,会計・金融・経営,1,厚労省 職業情報提供サイト（jobtag）を出所とする careers の正規化
o-0750,資産税コンサルティング,会計・金融・経営,1,厚労省 職業情報提供サイト（jobtag）を出所とする careers の正規化
o-0753,路面標示施工,土木・測量・建設,1,厚労省 職業情報提供サイト（jobtag）を出所とする careers の正規化
o-0754,輸出入業務,商業・販売・事務,1,厚労省 職業情報提供サイト（jobtag）を出所とする careers の正規化
o-0755,農業コンサルタント,農林水産・動物,1,厚労省 職業情報提供サイト（jobtag）を出所とする careers の正規化
o-0756,農業・作業現場スタッフ,運輸・運転・航空,1,厚労省 職業情報提供サイト（jobtag）を出所とする careers の正規化
o-0757,農業・畜産アドバイザー,農林水産・動物,1,厚労省 職業情報提供サイト（jobtag）を出所とする careers の正規化
o-0758,農業土木技術者,農林水産・動物,1,厚労省 職業情報提供サイト（jobtag）を出所とする careers の正規化
o-0760,農耕車・小型特殊車両の運転,運輸・運転・航空,1,厚労省 職業情報提供サイト（jobtag）を出所とする careers の正規化
o-0761,近距離移動を伴う業務,運輸・運転・航空,1,厚労省 職業情報提供サイト（jobtag）を出所とする careers の正規化
o-0763,通信インフラ),機械・電気・ものづくり,1,厚労省 職業情報提供サイト（jobtag）を出所とする careers の正規化
o-0764,通信インフラの保守),機械・電気・ものづくり,1,厚労省 職業情報提供サイト（jobtag）を出所とする careers の正規化
o-0765,通信インフラ・ネットワーク工事の現場監督,機械・電気・ものづくり,1,厚労省 職業情報提供サイト（jobtag）を出所とする careers の正規化
o-0766,通信インフラ工事の現場管理,機械・電気・ものづくり,1,厚労省 職業情報提供サイト（jobtag）を出所とする careers の正規化
o-0767,通信インフラ構築・運用,IT・情報処理,1,厚労省 職業情報提供サイト（jobtag）を出所とする careers の正規化
o-0768,通信設備の工事・保守,電気・通信,1,厚労省 職業情報提供サイト（jobtag）を出所とする careers の正規化
o-0769,通信設備の操作・保守,電気・通信,1,厚労省 職業情報提供サイト（jobtag）を出所とする careers の正規化
o-0771,通訳案内士,語学・コミュニケーション,1,厚労省 職業情報提供サイト（jobtag）を出所とする careers の正規化
o-0772,通関士,法律・法務・知財,1,厚労省 職業情報提供サイト（jobtag）を出所とする careers の正規化
o-0773,通関補助,商業・販売・事務,1,厚労省 職業情報提供サイト（jobtag）を出所とする careers の正規化
o-0774,速記者,語学・コミュニケーション,1,厚労省 職業情報提供サイト（jobtag）を出所とする careers の正規化
o-0775,造園・緑化会社,土木・測量・建設,1,厚労省 職業情報提供サイト（jobtag）を出所とする careers の正規化
o-0776,造園・緑化工事の現場管理,土木・測量・建設,1,厚労省 職業情報提供サイト（jobtag）を出所とする careers の正規化
o-0778,造園工事の現場監督,土木・測量・建設,1,厚労省 職業情報提供サイト（jobtag）を出所とする careers の正規化
o-0780,遊漁船・プレジャーボート,運輸・運転・航空,1,厚労省 職業情報提供サイト（jobtag）を出所とする careers の正規化
o-0781,運搬作業スタッフ,運輸・運転・航空,1,厚労省 職業情報提供サイト（jobtag）を出所とする careers の正規化
o-0782,運用・保守エンジニア,IT・情報処理,1,厚労省 職業情報提供サイト（jobtag）を出所とする careers の正規化
o-0783,運用会社・証券会社の調査・運用,会計・金融・経営,1,厚労省 職業情報提供サイト（jobtag）を出所とする careers の正規化
o-0784,運用設計,IT・情報処理,1,厚労省 職業情報提供サイト（jobtag）を出所とする careers の正規化
o-0787,運転代行,運輸・運転・航空,1,厚労省 職業情報提供サイト（jobtag）を出所とする careers の正規化
o-0788,運送・物流ドライバー,運輸・運転・航空,1,厚労省 職業情報提供サイト（jobtag）を出所とする careers の正規化
o-0793,配送・物流ドライバー,運輸・運転・航空,1,厚労省 職業情報提供サイト（jobtag）を出所とする careers の正規化
o-0794,配達・デリバリースタッフ,運輸・運転・航空,1,厚労省 職業情報提供サイト（jobtag）を出所とする careers の正規化
o-0795,配達員,運輸・運転・航空,1,厚労省 職業情報提供サイト（jobtag）を出所とする careers の正規化
o-0798,重量物輸送,運輸・運転・航空,1,厚労省 職業情報提供サイト（jobtag）を出所とする careers の正規化
o-0801,金属・材料技術者,機械・電気・ものづくり,1,厚労省 職業情報提供サイト（jobtag）を出所とする careers の正規化
o-0802,金属加工作業員,機械・電気・ものづくり,1,厚労省 職業情報提供サイト（jobtag）を出所とする careers の正規化
o-0806,金融・保険・不動産の窓口業務,会計・金融・経営,1,厚労省 職業情報提供サイト（jobtag）を出所とする careers の正規化
o-0808,金融商品提案,商業・販売・事務,1,厚労省 職業情報提供サイト（jobtag）を出所とする careers の正規化
o-0809,金融機関の不動産担保評価,不動産,1,厚労省 職業情報提供サイト（jobtag）を出所とする careers の正規化
o-0810,金融機関の審査,会計・金融・経営,1,厚労省 職業情報提供サイト（jobtag）を出所とする careers の正規化
o-0811,金融機関の担保評価,不動産,1,厚労省 職業情報提供サイト（jobtag）を出所とする careers の正規化
o-0812,金融機関の窓口・テラー業務,商業・販売・事務,1,厚労省 職業情報提供サイト（jobtag）を出所とする careers の正規化
o-0813,金融機関の融資・経営支援,会計・金融・経営,1,厚労省 職業情報提供サイト（jobtag）を出所とする careers の正規化
o-0814,金融機関・保険・不動産の営業,会計・金融・経営,1,厚労省 職業情報提供サイト（jobtag）を出所とする careers の正規化
o-0815,金融機関・保険・証券の営業,会計・金融・経営,1,厚労省 職業情報提供サイト（jobtag）を出所とする careers の正規化
o-0818,鉄道会社の運輸スタッフ,運輸・運転・航空,1,厚労省 職業情報提供サイト（jobtag）を出所とする careers の正規化
o-0820,鉄道運転士,運輸・運転・航空,1,厚労省 職業情報提供サイト（jobtag）を出所とする careers の正規化
o-0821,鉄骨製作の品質・製作管理,建築・設備,1,厚労省 職業情報提供サイト（jobtag）を出所とする careers の正規化
o-0825,鑑定事務所,不動産,1,厚労省 職業情報提供サイト（jobtag）を出所とする careers の正規化
o-0826,開発リーダー,IT・情報処理,1,厚労省 職業情報提供サイト（jobtag）を出所とする careers の正規化
o-0828,防火管理者,安全・環境・危険物,1,厚労省 職業情報提供サイト（jobtag）を出所とする careers の正規化
o-0830,除雪車運転,運輸・運転・航空,1,厚労省 職業情報提供サイト（jobtag）を出所とする careers の正規化
o-0835,電力・プラントの設備管理,機械・電気・ものづくり,1,厚労省 職業情報提供サイト（jobtag）を出所とする careers の正規化
o-0836,電子回路接続,機械・電気・ものづくり,1,厚労省 職業情報提供サイト（jobtag）を出所とする careers の正規化
o-0839,電気・通信工事作業員,運輸・運転・航空,1,厚労省 職業情報提供サイト（jobtag）を出所とする careers の正規化
o-0840,電気・電子技術者,機械・電気・ものづくり,1,厚労省 職業情報提供サイト（jobtag）を出所とする careers の正規化
o-0843,電気保安,電気・通信,1,厚労省 職業情報提供サイト（jobtag）を出所とする careers の正規化
o-0844,電気工事の施工管理・現場監督,機械・電気・ものづくり,1,厚労省 職業情報提供サイト（jobtag）を出所とする careers の正規化
o-0845,電気工事会社,機械・電気・ものづくり,1,厚労省 職業情報提供サイト（jobtag）を出所とする careers の正規化
o-0847,電気工事施工管理,機械・電気・ものづくり,1,厚労省 職業情報提供サイト（jobtag）を出所とする careers の正規化
o-0851,電気設備工事の現場監督,機械・電気・ものづくり,1,厚労省 職業情報提供サイト（jobtag）を出所とする careers の正規化
o-0852,電気通信主任技術者(線路設備の管理・監督,機械・電気・ものづくり,1,厚労省 職業情報提供サイト（jobtag）を出所とする careers の正規化
o-0853,電気通信主任技術者(通信事業者の設備管理・監督,機械・電気・ものづくり,1,厚労省 職業情報提供サイト（jobtag）を出所とする careers の正規化
o-0854,電気通信工事,電気・通信,1,厚労省 職業情報提供サイト（jobtag）を出所とする careers の正規化
o-0855,電気通信工事の施工管理,機械・電気・ものづくり,1,厚労省 職業情報提供サイト（jobtag）を出所とする careers の正規化
o-0856,電気通信工事施工管理,機械・電気・ものづくり,1,厚労省 職業情報提供サイト（jobtag）を出所とする careers の正規化
o-0857,電車運転士,運輸・運転・航空,1,厚労省 職業情報提供サイト（jobtag）を出所とする careers の正規化
o-0858,青果バイヤー,食品・調理・栄養,1,厚労省 職業情報提供サイト（jobtag）を出所とする careers の正規化
o-0862,預金・為替・税金の相談対応,商業・販売・事務,1,厚労省 職業情報提供サイト（jobtag）を出所とする careers の正規化
o-0863,食品の商品開発・販売,食品・調理・栄養,1,厚労省 職業情報提供サイト（jobtag）を出所とする careers の正規化
o-0864,食品工場の品質・衛生管理者,食品・調理・栄養,1,厚労省 職業情報提供サイト（jobtag）を出所とする careers の正規化
o-0865,食品製造(冷凍食品)の技術・品質管理,食品・調理・栄養,1,厚労省 職業情報提供サイト（jobtag）を出所とする careers の正規化
o-0866,食品製造業の衛生管理,食品・調理・栄養,1,厚労省 職業情報提供サイト（jobtag）を出所とする careers の正規化
o-0868,食育インストラクター,食品・調理・栄養,1,厚労省 職業情報提供サイト（jobtag）を出所とする careers の正規化
o-0869,飲食店スタッフ,食品・調理・栄養,1,厚労省 職業情報提供サイト（jobtag）を出所とする careers の正規化
o-0870,飲食店・食品事業者の食品衛生責任者,食品・調理・栄養,1,厚労省 職業情報提供サイト（jobtag）を出所とする careers の正規化
o-0871,養護教諭,教育・保育・学術,1,厚労省 職業情報提供サイト（jobtag）を出所とする careers の正規化
o-0872,高圧ガス(LNG)の移動監視者,機械・電気・ものづくり,1,厚労省 職業情報提供サイト（jobtag）を出所とする careers の正規化
o-0873,高圧ガスの移動監視者,機械・電気・ものづくり,1,厚労省 職業情報提供サイト（jobtag）を出所とする careers の正規化
o-0874,高圧ガス販売店・LPガス販売事業者の保安管理,商業・販売・事務,1,厚労省 職業情報提供サイト（jobtag）を出所とする careers の正規化
o-0875,高所作業車オペレーター,運輸・運転・航空,1,厚労省 職業情報提供サイト（jobtag）を出所とする careers の正規化
o-0876,高等学校教諭,教育・保育・学術,1,厚労省 職業情報提供サイト（jobtag）を出所とする careers の正規化
