slug,authority,official_url,fee,exam_format,eligibility,frequency,pass_rate,source_checked_at,name,major_category,type,search_query
c-3901,,,,,,,,,CS試験(ワープロ部門)1級,IT・情報処理,要確認,CS試験(ワープロ部門)1級 受験料 受験資格 公式
c-3902,,,,,,,,,CS試験(ワープロ部門)2級,IT・情報処理,要確認,CS試験(ワープロ部門)2級 受験料 受験資格 公式
c-3903,,,,,,,,,CS試験(ワープロ部門)3級,IT・情報処理,要確認,CS試験(ワープロ部門)3級 受験料 受験資格 公式
c-3922,,,,,,,,,CS試験(情報セキュリティ部門),IT・情報処理,要確認,CS試験(情報セキュリティ部門) 受験料 受験資格 公式
c-3904,,,,,,,,,CS試験(表計算部門)1級,IT・情報処理,要確認,CS試験(表計算部門)1級 受験料 受験資格 公式
c-3905,,,,,,,,,CS試験(表計算部門)2級,IT・情報処理,要確認,CS試験(表計算部門)2級 受験料 受験資格 公式
c-3906,,,,,,,,,CS試験(表計算部門)3級,IT・情報処理,要確認,CS試験(表計算部門)3級 受験料 受験資格 公式
c-3849,,,,,,,,,Excel表計算処理技能認定試験1級,IT・情報処理,要確認,Excel表計算処理技能認定試験1級 受験料 受験資格 公式
c-3850,,,,,,,,,Excel表計算処理技能認定試験2級,IT・情報処理,要確認,Excel表計算処理技能認定試験2級 受験料 受験資格 公式
c-3851,,,,,,,,,Excel表計算処理技能認定試験3級,IT・情報処理,要確認,Excel表計算処理技能認定試験3級 受験料 受験資格 公式
c-3847,,,,,,,,,PowerPointプレゼン技能認定試験,IT・情報処理,要確認,PowerPointプレゼン技能認定試験 受験料 受験資格 公式
c-3852,,,,,,,,,Word文書処理技能認定試験1級,IT・情報処理,要確認,Word文書処理技能認定試験1級 受験料 受験資格 公式
c-3853,,,,,,,,,Word文書処理技能認定試験2級,IT・情報処理,要確認,Word文書処理技能認定試験2級 受験料 受験資格 公式
c-3854,,,,,,,,,Word文書処理技能認定試験3級,IT・情報処理,要確認,Word文書処理技能認定試験3級 受験料 受験資格 公式
c-3837,,,,,,,,,パソコン[ワープロ]可,IT・情報処理,要確認,パソコン[ワープロ]可 受験料 受験資格 公式
c-3836,,,,,,,,,パソコン[ワープロ・表計算]可,IT・情報処理,要確認,パソコン[ワープロ・表計算]可 受験料 受験資格 公式
c-3873,,,,,,,,,情報処理検定1級,IT・情報処理,要確認,情報処理検定1級 受験料 受験資格 公式
c-3874,,,,,,,,,情報処理検定2級,IT・情報処理,要確認,情報処理検定2級 受験料 受験資格 公式
c-3875,,,,,,,,,情報処理検定3級,IT・情報処理,要確認,情報処理検定3級 受験料 受験資格 公式
c-3801,,,,,,,,,日本語ワープロ検定1級,IT・情報処理,要確認,日本語ワープロ検定1級 受験料 受験資格 公式
c-3802,,,,,,,,,日本語ワープロ検定2級,IT・情報処理,要確認,日本語ワープロ検定2級 受験料 受験資格 公式
c-3803,,,,,,,,,日本語ワープロ検定3級,IT・情報処理,要確認,日本語ワープロ検定3級 受験料 受験資格 公式
c-3804,,,,,,,,,日本語ワープロ検定4級,IT・情報処理,要確認,日本語ワープロ検定4級 受験料 受験資格 公式
c-3882,,,,,,,,,検索技術者検定1級,IT・情報処理,要確認,検索技術者検定1級 受験料 受験資格 公式
c-3883,,,,,,,,,検索技術者検定2級,IT・情報処理,要確認,検索技術者検定2級 受験料 受験資格 公式
c-3884,,,,,,,,,検索技術者検定3級,IT・情報処理,要確認,検索技術者検定3級 受験料 受験資格 公式
c-3202,,,,,,,,,不動産鑑定士補,不動産,国家,不動産鑑定士補 受験料 受験資格 公式
c-3206,,,,,,,,,不動産コンサルティング技能登録,不動産,要確認,不動産コンサルティング技能登録 受験料 受験資格 公式
c-2505,,,,,,,,,ファイナンシャルプランナー(CFP/AFP),会計・金融・経営,要確認,ファイナンシャルプランナー(CFP/AFP) 受験料 受験資格 公式
c-3630,,,,,,,,,簿記実務検定1級,会計・金融・経営,要確認,簿記実務検定1級 受験料 受験資格 公式
c-3631,,,,,,,,,簿記実務検定2級,会計・金融・経営,要確認,簿記実務検定2級 受験料 受験資格 公式
c-3632,,,,,,,,,簿記実務検定3級,会計・金融・経営,要確認,簿記実務検定3級 受験料 受験資格 公式
c-2514,,,,,,,,,経営コンサルタント(日本生産性本部認定),会計・金融・経営,要確認,経営コンサルタント(日本生産性本部認定) 受験料 受験資格 公式
c-2513,,,,,,,,,経営労務コンサルタント,会計・金融・経営,要確認,経営労務コンサルタント 受験料 受験資格 公式
c-2108,,,,,,,,,カイロプラクティック資格,医療・看護・薬,民間,カイロプラクティック資格 受験料 受験資格 公式
c-2107,,,,,,,,,リフレクソロジスト資格,医療・看護・薬,民間,リフレクソロジスト資格 受験料 受験資格 公式
c-2105,,,,,,,,,整体師,医療・看護・薬,民間,整体師 受験料 受験資格 公式
c-3723,,,,,,,,,ケアクラーク技能認定,商業・販売・事務,要確認,ケアクラーク技能認定 受験料 受験資格 公式
c-3719,,,,,,,,,ドクターズクラーク(医師事務作業補助技能認定),商業・販売・事務,要確認,ドクターズクラーク(医師事務作業補助技能認定) 受験料 受験資格 公式
c-4109,,,,,,,,,中古自動車査定士,商業・販売・事務,要確認,中古自動車査定士 受験料 受験資格 公式
c-3725,,,,,,,,,介護保険事務管理士,商業・販売・事務,要確認,介護保険事務管理士 受験料 受験資格 公式
c-3716,,,,,,,,,医事管理士,商業・販売・事務,要確認,医事管理士 受験料 受験資格 公式
c-3708,,,,,,,,,医療事務実務士1級,商業・販売・事務,要確認,医療事務実務士1級 受験料 受験資格 公式
c-3709,,,,,,,,,医療事務実務士2級,商業・販売・事務,要確認,医療事務実務士2級 受験料 受験資格 公式
c-3713,,,,,,,,,医療事務検定試験,商業・販売・事務,要確認,医療事務検定試験 受験料 受験資格 公式
c-3715,,,,,,,,,医療事務資格,商業・販売・事務,要確認,医療事務資格 受験料 受験資格 公式
c-3707,,,,,,,,,医療保険請求事務者(医科・歯科),商業・販売・事務,要確認,医療保険請求事務者(医科・歯科) 受験料 受験資格 公式
c-3717,,,,,,,,,医療秘書士,商業・販売・事務,要確認,医療秘書士 受験料 受験資格 公式
c-3718,,,,,,,,,医療管理秘書士,商業・販売・事務,要確認,医療管理秘書士 受験料 受験資格 公式
c-4106,,,,,,,,,印刷営業士,商業・販売・事務,要確認,印刷営業士 受験料 受験資格 公式
c-4206,,,,,,,,,生命保険業界共通教育制度一般課程試験,商業・販売・事務,要確認,生命保険業界共通教育制度一般課程試験 受験料 受験資格 公式
c-4107,,,,,,,,,管理印刷営業士,商業・販売・事務,要確認,管理印刷営業士 受験料 受験資格 公式
c-4110,,,,,,,,,衣料管理士1~2級,商業・販売・事務,要確認,衣料管理士1~2級 受験料 受験資格 公式
c-3714,,,,,,,,,診療情報管理士,商業・販売・事務,要確認,診療情報管理士 受験料 受験資格 公式
c-7309,,,,,,,,,コンクリート技士・コンクリート主任技士,土木・測量・建設,要確認,コンクリート技士・コンクリート主任技士 受験料 受験資格 公式
c-6902,,,,,,,,,採石業務管理者,土木・測量・建設,要確認,採石業務管理者 受験料 受験資格 公式
c-6903,,,,,,,,,砂利採取業務主任者,土木・測量・建設,要確認,砂利採取業務主任者 受験料 受験資格 公式
c-1612,,,,,,,,,下水道管理技術認定(処理施設),安全・環境・危険物,国家,下水道管理技術認定(処理施設) 受験料 受験資格 公式
c-7033,,,,,,,,,圧入施工技士(1~2級),建築・設備,要確認,圧入施工技士(1~2級) 受験料 受験資格 公式
c-7032,,,,,,,,,基礎施工士,建築・設備,要確認,基礎施工士 受験料 受験資格 公式
c-7034,,,,,,,,,解体工事施工技士,建築・設備,要確認,解体工事施工技士 受験料 受験資格 公式
c-1314,,,,,,,,,設備管理士,建築・設備,要確認,設備管理士 受験料 受験資格 公式
c-2803,,,,,,,,,指定自動車教習所指導員,教育・保育・学術,要確認,指定自動車教習所指導員 受験料 受験資格 公式
c-2811,,,,,,,,,日本語教師養成講座修了(420時間),教育・保育・学術,要確認,日本語教師養成講座修了(420時間) 受験料 受験資格 公式
c-2801,,,,,,,,,看護教員,教育・保育・学術,要確認,看護教員 受験料 受験資格 公式
c-5823,,,,,,,,,整備管理者,機械・電気・ものづくり,国家,整備管理者 受験料 受験資格 公式
c-5822,,,,,,,,,自動車検査員,機械・電気・ものづくり,国家,自動車検査員 受験料 受験資格 公式
c-5728,,,,,,,,,家電製品エンジニア(AV情報家電),機械・電気・ものづくり,民間,家電製品エンジニア(AV情報家電) 受験料 受験資格 公式
c-5727,,,,,,,,,家電製品エンジニア(生活家電),機械・電気・ものづくり,民間,家電製品エンジニア(生活家電) 受験料 受験資格 公式
c-5520,,,,,,,,,アルミニウム溶接技能者(基本級),機械・電気・ものづくり,要確認,アルミニウム溶接技能者(基本級) 受験料 受験資格 公式
c-5519,,,,,,,,,アルミニウム溶接技能者(専門級),機械・電気・ものづくり,要確認,アルミニウム溶接技能者(専門級) 受験料 受験資格 公式
c-5516,,,,,,,,,アーク溶接技能者(基本級),機械・電気・ものづくり,要確認,アーク溶接技能者(基本級) 受験料 受験資格 公式
c-5515,,,,,,,,,アーク溶接技能者(専門級),機械・電気・ものづくり,要確認,アーク溶接技能者(専門級) 受験料 受験資格 公式
c-5510,,,,,,,,,ガス圧接技量検定1種,機械・電気・ものづくり,要確認,ガス圧接技量検定1種 受験料 受験資格 公式
c-5511,,,,,,,,,ガス圧接技量検定2種,機械・電気・ものづくり,要確認,ガス圧接技量検定2種 受験料 受験資格 公式
c-5512,,,,,,,,,ガス圧接技量検定3種,機械・電気・ものづくり,要確認,ガス圧接技量検定3種 受験料 受験資格 公式
c-5513,,,,,,,,,ガス圧接技量検定4種,機械・電気・ものづくり,要確認,ガス圧接技量検定4種 受験料 受験資格 公式
c-5514,,,,,,,,,ガス溶接技能者,機械・電気・ものづくり,要確認,ガス溶接技能者 受験料 受験資格 公式
c-5518,,,,,,,,,ステンレス鋼溶接技能者(基本級),機械・電気・ものづくり,要確認,ステンレス鋼溶接技能者(基本級) 受験料 受験資格 公式
c-5517,,,,,,,,,ステンレス鋼溶接技能者(専門級),機械・電気・ものづくり,要確認,ステンレス鋼溶接技能者(専門級) 受験料 受験資格 公式
c-6617,,,,,,,,,トレース技能検定1級,機械・電気・ものづくり,要確認,トレース技能検定1級 受験料 受験資格 公式
c-6618,,,,,,,,,トレース技能検定2級,機械・電気・ものづくり,要確認,トレース技能検定2級 受験料 受験資格 公式
c-6619,,,,,,,,,トレース技能検定3級,機械・電気・ものづくり,要確認,トレース技能検定3級 受験料 受験資格 公式
c-6620,,,,,,,,,トレース技能検定4級,機械・電気・ものづくり,要確認,トレース技能検定4級 受験料 受験資格 公式
c-6120,,,,,,,,,パターンメーキング技術検定,機械・電気・ものづくり,要確認,パターンメーキング技術検定 受験料 受験資格 公式
c-6621,,,,,,,,,レタリング技能検定1級,機械・電気・ものづくり,要確認,レタリング技能検定1級 受験料 受験資格 公式
c-6622,,,,,,,,,レタリング技能検定2級,機械・電気・ものづくり,要確認,レタリング技能検定2級 受験料 受験資格 公式
c-6623,,,,,,,,,レタリング技能検定3級,機械・電気・ものづくり,要確認,レタリング技能検定3級 受験料 受験資格 公式
c-6624,,,,,,,,,レタリング技能検定4級,機械・電気・ものづくり,要確認,レタリング技能検定4級 受験料 受験資格 公式
c-6511,,,,,,,,,伝統工芸士,機械・電気・ものづくり,要確認,伝統工芸士 受験料 受験資格 公式
c-5506,,,,,,,,,溶接作業指導者,機械・電気・ものづくり,要確認,溶接作業指導者 受験料 受験資格 公式
c-5507,,,,,,,,,溶接技能者,機械・電気・ものづくり,要確認,溶接技能者 受験料 受験資格 公式
c-5504,,,,,,,,,溶接管理技術者1級,機械・電気・ものづくり,要確認,溶接管理技術者1級 受験料 受験資格 公式
c-5505,,,,,,,,,溶接管理技術者2級,機械・電気・ものづくり,要確認,溶接管理技術者2級 受験料 受験資格 公式
c-5812,,,,,,,,,自転車安全整備士,機械・電気・ものづくり,要確認,自転車安全整備士 受験料 受験資格 公式
c-5821,,,,,,,,,自転車技士(旧自転車組立整備士),機械・電気・ものづくり,要確認,自転車技士(旧自転車組立整備士) 受験料 受験資格 公式
c-6637,,,,,,,,,防錆管理士,機械・電気・ものづくり,要確認,防錆管理士 受験料 受験資格 公式
c-5118,,,,,,,,,非破壊検査総合管理技術者,機械・電気・ものづくり,要確認,非破壊検査総合管理技術者 受験料 受験資格 公式
c-5119,,,,,,,,,非破壊試験技術者レベル1,機械・電気・ものづくり,要確認,非破壊試験技術者レベル1 受験料 受験資格 公式
c-5120,,,,,,,,,非破壊試験技術者レベル2,機械・電気・ものづくり,要確認,非破壊試験技術者レベル2 受験料 受験資格 公式
c-5121,,,,,,,,,非破壊試験技術者レベル3,機械・電気・ものづくり,要確認,非破壊試験技術者レベル3 受験料 受験資格 公式
c-3109,,,,,,,,,心理カウンセラー,福祉・介護・心理,民間,心理カウンセラー 受験料 受験資格 公式
c-3104,,,,,,,,,キャリアカウンセラー/アドバイザー,福祉・介護・心理,要確認,キャリアカウンセラー/アドバイザー 受験料 受験資格 公式
c-2304,,,,,,,,,ホームヘルパー1級,福祉・介護・心理,要確認,ホームヘルパー1級 受験料 受験資格 公式
c-2305,,,,,,,,,ホームヘルパー2級,福祉・介護・心理,要確認,ホームヘルパー2級 受験料 受験資格 公式
c-2306,,,,,,,,,ホームヘルパー3級,福祉・介護・心理,要確認,ホームヘルパー3級 受験料 受験資格 公式
c-2311,,,,,,,,,介護職員基礎研修修了者,福祉・介護・心理,要確認,介護職員基礎研修修了者 受験料 受験資格 公式
c-4338,,,,,,,,,3級ブライダルコーディネート技能士,美容・サービス・スポーツ,国家,3級ブライダルコーディネート技能士 受験料 受験資格 公式
c-4312,,,,,,,,,きものコンサルタント,美容・サービス・スポーツ,要確認,きものコンサルタント 受験料 受験資格 公式
c-2915,,,,,,,,,エアロビエクササイズインストラクター,美容・サービス・スポーツ,要確認,エアロビエクササイズインストラクター 受験料 受験資格 公式
c-2910,,,,,,,,,スポーツプログラマー,美容・サービス・スポーツ,要確認,スポーツプログラマー 受験料 受験資格 公式
c-4316,,,,,,,,,トリマー,美容・サービス・スポーツ,要確認,トリマー 受験料 受験資格 公式
c-2911,,,,,,,,,フィットネストレーナー,美容・サービス・スポーツ,要確認,フィットネストレーナー 受験料 受験資格 公式
c-4327,,,,,,,,,フードコーディネーター,美容・サービス・スポーツ,要確認,フードコーディネーター 受験料 受験資格 公式
c-4323,,,,,,,,,ブライダルプランナー検定1級,美容・サービス・スポーツ,要確認,ブライダルプランナー検定1級 受験料 受験資格 公式
c-4324,,,,,,,,,ブライダルプランナー検定2級,美容・サービス・スポーツ,要確認,ブライダルプランナー検定2級 受験料 受験資格 公式
c-4322,,,,,,,,,旧ブライダルコーディネーター検定,美容・サービス・スポーツ,要確認,旧ブライダルコーディネーター検定 受験料 受験資格 公式
c-2909,,,,,,,,,社会体育指導者(商業スポーツ指導)(上級),美容・サービス・スポーツ,要確認,社会体育指導者(商業スポーツ指導)(上級) 受験料 受験資格 公式
c-2908,,,,,,,,,社会体育指導者(商業スポーツ指導)(中級),美容・サービス・スポーツ,要確認,社会体育指導者(商業スポーツ指導)(中級) 受験料 受験資格 公式
c-2907,,,,,,,,,社会体育指導者(商業スポーツ指導)(初級),美容・サービス・スポーツ,要確認,社会体育指導者(商業スポーツ指導)(初級) 受験料 受験資格 公式
c-2903,,,,,,,,,社会体育指導者(地域スポーツ指導者)(上級),美容・サービス・スポーツ,要確認,社会体育指導者(地域スポーツ指導者)(上級) 受験料 受験資格 公式
c-2902,,,,,,,,,社会体育指導者(地域スポーツ指導者)(中級),美容・サービス・スポーツ,要確認,社会体育指導者(地域スポーツ指導者)(中級) 受験料 受験資格 公式
c-2901,,,,,,,,,社会体育指導者(地域スポーツ指導者)(初級),美容・サービス・スポーツ,要確認,社会体育指導者(地域スポーツ指導者)(初級) 受験料 受験資格 公式
c-2906,,,,,,,,,社会体育指導者(競争力向上指導者)(上級),美容・サービス・スポーツ,要確認,社会体育指導者(競争力向上指導者)(上級) 受験料 受験資格 公式
c-2905,,,,,,,,,社会体育指導者(競争力向上指導者)(中級),美容・サービス・スポーツ,要確認,社会体育指導者(競争力向上指導者)(中級) 受験料 受験資格 公式
c-2904,,,,,,,,,社会体育指導者(競争力向上指導者)(初級),美容・サービス・スポーツ,要確認,社会体育指導者(競争力向上指導者)(初級) 受験料 受験資格 公式
c-4314,,,,,,,,,総合旅程管理主任者,美容・サービス・スポーツ,要確認,総合旅程管理主任者 受験料 受験資格 公式
c-4325,,,,,,,,,葬祭ディレクター1級,美容・サービス・スポーツ,要確認,葬祭ディレクター1級 受験料 受験資格 公式
c-4326,,,,,,,,,葬祭ディレクター2級,美容・サービス・スポーツ,要確認,葬祭ディレクター2級 受験料 受験資格 公式
c-4313,,,,,,,,,認定エステティシャン,美容・サービス・スポーツ,要確認,認定エステティシャン 受験料 受験資格 公式
c-6705,,,,,,,,,ボイラー取扱作業主任者,設備・プラント・機械運転,国家,ボイラー取扱作業主任者 受験料 受験資格 公式
c-3534,,,,,,,,,日本語検定6級,語学・コミュニケーション,要確認,日本語検定6級 受験料 受験資格 公式
c-3536,,,,,,,,,日本語検定7級,語学・コミュニケーション,要確認,日本語検定7級 受験料 受験資格 公式
c-3533,,,,,,,,,日本語検定準5級,語学・コミュニケーション,要確認,日本語検定準5級 受験料 受験資格 公式
c-3535,,,,,,,,,日本語検定準6級,語学・コミュニケーション,要確認,日本語検定準6級 受験料 受験資格 公式
c-3537,,,,,,,,,日本語検定準7級,語学・コミュニケーション,要確認,日本語検定準7級 受験料 受験資格 公式
c-6802,,,,,,,,,工事担任者AI第2種,電気・通信,国家,工事担任者AI第2種 受験料 受験資格 公式
c-6805,,,,,,,,,工事担任者DD第2種,電気・通信,国家,工事担任者DD第2種 受験料 受験資格 公式
c-6810,,,,,,,,,CATV技術者,電気・通信,要確認,CATV技術者 受験料 受験資格 公式
c-6811,,,,,,,,,配電制御システム検査技士(1~2級),電気・通信,要確認,配電制御システム検査技士(1~2級) 受験料 受験資格 公式
c-4410,,,,,,,,,一級惣菜管理士,食品・調理・栄養,要確認,一級惣菜管理士 受験料 受験資格 公式
c-4412,,,,,,,,,三級惣菜管理士,食品・調理・栄養,要確認,三級惣菜管理士 受験料 受験資格 公式
c-4411,,,,,,,,,二級惣菜管理士,食品・調理・栄養,要確認,二級惣菜管理士 受験料 受験資格 公式
c-4404,,,,,,,,,鮮魚士(1級),食品・調理・栄養,要確認,鮮魚士(1級) 受験料 受験資格 公式
c-4405,,,,,,,,,鮮魚士(2級),食品・調理・栄養,要確認,鮮魚士(2級) 受験料 受験資格 公式
c-4406,,,,,,,,,鮮魚士(3級),食品・調理・栄養,要確認,鮮魚士(3級) 受験料 受験資格 公式
