slug,study_hours,source
c-3207,約300〜400時間,編集部まとめ（各種学習機関の一般的な目安）
c-3701,約600〜1000時間,編集部まとめ（各種学習機関の一般的な目安）
c-2510,約800〜1000時間,編集部まとめ（各種学習機関の一般的な目安）
c-2402,約3000時間,編集部まとめ（各種学習機関の一般的な目安）
c-2503,約2500〜3000時間,編集部まとめ（各種学習機関の一般的な目安）
c-2501,約3000〜5000時間,編集部まとめ（各種学習機関の一般的な目安）
c-2511,約1000時間,編集部まとめ（各種学習機関の一般的な目安）
c-3625,約50〜100時間,編集部まとめ（各種学習機関の一般的な目安）
c-3624,約200〜350時間,編集部まとめ（各種学習機関の一般的な目安）
c-3623,約500〜1000時間,編集部まとめ（各種学習機関の一般的な目安）
c-2517,約30〜80時間,編集部まとめ（各種学習機関の一般的な目安）
c-2516,約150〜300時間,編集部まとめ（各種学習機関の一般的な目安）
c-1505,約150〜200時間,編集部まとめ（各種学習機関の一般的な目安）
c-1504,約500時間,編集部まとめ（各種学習機関の一般的な目安）
c-1538,約100〜180時間,編集部まとめ（各種学習機関の一般的な目安）
c-1565,約500時間,編集部まとめ（各種学習機関の一般的な目安）
c-1502,約200時間,編集部まとめ（各種学習機関の一般的な目安）
c-6809,約100〜150時間,編集部まとめ（各種学習機関の一般的な目安）
c-6808,約150〜300時間,編集部まとめ（各種学習機関の一般的な目安）
c-1205,約1000時間,編集部まとめ（各種学習機関の一般的な目安）
c-3209,約500時間,編集部まとめ（各種学習機関の一般的な目安）
c-3210,約300時間,編集部まとめ（各種学習機関の一般的な目安）
c-1409,約200時間,編集部まとめ（各種学習機関の一般的な目安）
c-5207,約40〜60時間,編集部まとめ（各種学習機関の一般的な目安）
c-4115,約250〜400時間,編集部まとめ（各種学習機関の一般的な目安）
c-2302,約250時間,編集部まとめ（各種学習機関の一般的な目安）
c-2308,約100〜200時間,編集部まとめ（各種学習機関の一般的な目安）
c-2303,約100〜150時間,編集部まとめ（各種学習機関の一般的な目安）
c-2405,約400〜500時間,編集部まとめ（各種学習機関の一般的な目安）
c-1622,約1000時間,編集部まとめ（各種学習機関の一般的な目安）
c-2403,約3000時間,編集部まとめ（各種学習機関の一般的な目安）
c-3201,約2000〜3700時間,編集部まとめ（各種学習機関の一般的な目安）
c-2202,約60〜100時間,編集部まとめ（各種学習機関の一般的な目安）
c-4203,約150〜250時間,編集部まとめ（各種学習機関の一般的な目安）
c-2406,約60〜100時間,編集部まとめ（各種学習機関の一般的な目安）
c-1315,約400時間,編集部まとめ（各種学習機関の一般的な目安）
c-1404,約400時間,編集部まとめ（各種学習機関の一般的な目安）
c-1301,約1000〜1500時間,編集部まとめ（各種学習機関の一般的な目安）
c-1302,約500〜700時間,編集部まとめ（各種学習機関の一般的な目安）
c-1408,約300時間,編集部まとめ（各種学習機関の一般的な目安）
c-3203,約1000〜1500時間,編集部まとめ（各種学習機関の一般的な目安）
c-2301,約300時間,編集部まとめ（各種学習機関の一般的な目安）
c-2307,約300時間,編集部まとめ（各種学習機関の一般的な目安）
c-2001,約300時間,編集部まとめ（各種学習機関の一般的な目安）
c-2104,約2500時間,編集部まとめ（各種学習機関の一般的な目安）
c-3205,約100時間,編集部まとめ（各種学習機関の一般的な目安）
c-5206,約60時間,編集部まとめ（各種学習機関の一般的な目安）
c-4501,約30〜60時間,編集部まとめ（各種学習機関の一般的な目安）
c-4502,約30〜60時間,編集部まとめ（各種学習機関の一般的な目安）
c-6703,約25〜50時間,編集部まとめ（各種学習機関の一般的な目安）
c-6702,約60時間,編集部まとめ（各種学習機関の一般的な目安）
c-1603,約150〜200時間,編集部まとめ（各種学習機関の一般的な目安）
c-1313,約100〜200時間,編集部まとめ（各種学習機関の一般的な目安）
c-2504,約200時間,編集部まとめ（各種学習機関の一般的な目安）
c-3815,約30〜50時間,編集部まとめ（各種学習機関の一般的な目安）
c-3816,約20〜40時間,編集部まとめ（各種学習機関の一般的な目安）
c-3322,約200〜300時間,編集部まとめ（各種学習機関の一般的な目安）
c-1606,約100時間,編集部まとめ（各種学習機関の一般的な目安）
c-2203,約30〜60時間,編集部まとめ（各種学習機関の一般的な目安）
c-4205,約100〜150時間,編集部まとめ（各種学習機関の一般的な目安）
c-3728,約100時間,編集部まとめ（各種学習機関の一般的な目安）
c-3112,約100〜150時間,編集部まとめ（各種学習機関の一般的な目安）
c-1316,約300時間,編集部まとめ（各種学習機関の一般的な目安）
c-1405,約300時間,編集部まとめ（各種学習機関の一般的な目安）
c-7110,約400時間,編集部まとめ（各種学習機関の一般的な目安）
c-3706,約100時間,編集部まとめ（各種学習機関の一般的な目安）
c-3705,約100時間,編集部まとめ（各種学習機関の一般的な目安）
