priority,gsc_impressions,slug,name,category,official_url,current_pass_rate,pass_rate,source_url,checked_at
★GSC上位,288,c-3859,情報処理技能検定試験(データベース)1級,OA機器操作,https://www.goukaku.ne.jp/test_db.html,,,,
★GSC上位,164,c-5111,1級金属熱処理技能士,金属材料製造,https://www.javada.or.jp/jigyou/gino/giken.html,,,,
★GSC上位,107,c-3813,ICTプロフィシエンシー検定(P検)2級,OA機器操作,https://www.pken.com/,,,,
★GSC上位,82,c-6621,レタリング技能検定1級,その他の製造・制作,https://lettering-kentei.com/,,,,
★GSC上位,71,c-6903,砂利採取業務主任者,採鉱・採掘,https://www.meti.go.jp/information/license/c_text19.html,,,,
★GSC上位,70,c-7115,1級内装仕上げ施工技能士,設備・内装工事,https://www.javada.or.jp/jigyou/gino/giken.html,,,,
★GSC上位,66,c-1557,CGクリエイター検定,情報処理技術,https://www.cgarts.or.jp/kentei/cg/,,,,
★GSC上位,57,c-5603,2級機械保全技能士,一般機械器具組立・修理,https://www.kikaihozenshi.jp/,,,,
★GSC上位,57,c-5809,2級産業車両整備技能士,輸送用機械組立・修理・検査,https://www.javada.or.jp/jigyou/gino/giken.html,,,,
★GSC上位,55,c-5605,1級機械検査技能士,一般機械器具組立・修理,https://www.javada.or.jp/jigyou/gino/giken.html,,,,
★GSC上位,55,c-5211,高圧ガス移動監視者(液化天然ガス),化学製品製造,https://www.khk.or.jp/qualification/examination_course/course_b/course_trs_safetychf.html,,,,
★GSC上位,49,c-7407,浄化槽清掃技術者,運搬・労務・その他,https://www.jeces.or.jp/pages/35/,,,,
★GSC上位,48,c-4106,印刷営業士,商品販売,https://www.aj-pia.or.jp/edu/,,,,
★GSC上位,46,c-1902,衛生検査技師,医療技術職,https://www.mhlw.go.jp/,,,,
★GSC上位,44,c-3884,検索技術者検定3級,OA機器操作,https://www.infosta.or.jp/examination/kensaku-kentei-3/,,,,
★GSC上位,44,c-1312,特定建築物調査員,建築技術,https://www.mlit.go.jp/jutakukentiku/build/jutakukentiku_house_tk_000060.html,,,,
★GSC上位,35,c-3710,メディカルクラーク(医療事務技能審査),専門的事務,https://www.jme.or.jp/,,,,
★GSC上位,34,c-5720,1級プリント配線板製造技能士,電気・電子機器組立,https://www.javada.or.jp/jigyou/gino/giken.html,,,,
★GSC上位,30,c-2505,ファイナンシャルプランナー(CFP/AFP),経営,https://www.jafp.or.jp/aim/fpshikaku/kind/,,,,
★GSC上位,29,c-4809,小型特殊自動車免許,自動車等車両運転・船舶運転,https://www.keishicho.metro.tokyo.lg.jp/menkyo/menkyo/torikata/index.html,,,,
★GSC上位,26,c-6636,2級工業包装技能士,その他の製造・制作,https://www.javada.or.jp/jigyou/gino/giken.html,,,,
★GSC上位,24,c-1401,第1種ダム水路主任技術者,土木・測量技術,https://www.meti.go.jp/information/license/c_text22.html,,,,
★GSC上位,23,c-6617,トレース技能検定1級,その他の製造・制作,https://chuoko-center.or.jp/trace.html,,,,
★GSC上位,21,c-7121,2級カーテンウォール施工技能士,設備・内装工事,https://www.javada.or.jp/jigyou/gino/giken.html,,,,
★GSC上位,20,c-5417,1級めっき技能士,金属加工,https://www.javada.or.jp/jigyou/gino/giken.html,,,,
★GSC上位,20,c-4331,1級ピアノ調律技能士,サービス(調理除く),https://www.jpta.org/kentei/guideline.shtml,,,,
★GSC上位,20,c-3840,MOS Outlook,OA機器操作,https://mos.odyssey-com.co.jp/outline/mos365.html,,,,
★GSC上位,19,c-3842,日商PC検定試験(文書作成)2級,OA機器操作,https://www.kentei.ne.jp/documentation,,,,
★GSC上位,19,c-4519,核燃料物質等危険物運搬警備業務検定2級,保安,https://www.csst.jp/,,,,
★GSC上位,17,c-6405,1級強化プラスチック成形技能士,プラスチック製品製造,https://www.javada.or.jp/jigyou/gino/giken.html,,,,
★GSC上位,17,c-3724,介護事務管理士,専門的事務,https://www.ginou.co.jp/,,,,
★GSC上位,14,c-3718,医療管理秘書士,専門的事務,https://www.iryo-k.org/hisyo.html,,,,
★GSC上位,14,c-3610,珠算能力検定初段,会計事務,https://www.shuzan.jp/kentei/dani/,,,,
★GSC上位,13,c-2702,司書補,博物館・図書館専門職,https://www.mext.go.jp/a_menu/shougai/gakugei/shisho/index.html,,,,
★GSC上位,10,c-6601,1級表装技能士,その他の製造・制作,https://www.javada.or.jp/jigyou/gino/giken.html,,,,
★GSC上位,10,c-3208,マンションリフォームマネジャー,不動産関連,https://www.chord.or.jp/course/reform_manager/,,,,
★GSC上位,8,c-7123,2級サッシ施工技能士,設備・内装工事,https://www.javada.or.jp/jigyou/gino/giken.html,,,,
★GSC上位,7,c-4113,3級商品装飾展示技能士,商品販売,https://www.javada.or.jp/jigyou/gino/giken.html,,,,
★GSC上位,7,c-3862,情報処理技能検定試験(データベース)4級,OA機器操作,https://www.goukaku.ne.jp/test_db.html,,,,
★GSC上位,6,c-7018,1級タイル張り技能士,建築工事,https://www.javada.or.jp/jigyou/gino/giken.html,,,,
★GSC上位,6,c-6810,CATV技術者,電気工事,http://www.shikaku.catv.or.jp/overview/,,,,
★GSC上位,6,c-3015,MIDI検定1級,美術・音楽等,https://www.midilicense.com/,,,,
★GSC上位,5,c-1616,地質調査技士(区分なし又は旧「土質」),その他の技術,https://www.zenchiren.or.jp/geo_comp/,,,,
★GSC上位,5,c-2804,専修学校教員認定,専修・各種学校教員,https://www.mext.go.jp/a_menu/shougai/senshuu/1380250.htm,,,,
★GSC上位,4,c-7114,2級厨房設備施工技能士,設備・内装工事,https://www.javada.or.jp/jigyou/gino/giken.html,,,,
★GSC上位,3,c-6613,CAD利用技術者2級,その他の製造・制作,https://www.acsp.jp/cad/2d.html,,,,
★GSC上位,3,c-3865,ディジタル技術検定3級,OA機器操作,https://digital-kentei.com/,,,,
★GSC上位,3,c-4323,ブライダルプランナー検定1級,サービス(調理除く),https://www.bridalplanner.jp/,,,,
★GSC上位,3,c-2916,健康管理士一般指導員,スポーツ等指導,https://www.healthcare.or.jp/test/,,,,
★GSC上位,3,c-2610,社会教育主事,幼稚園・学校教諭免許,https://www.mext.go.jp/a_menu/01_l/08052911/1346119.htm,,,,
★GSC上位,3,c-4414,野菜ソムリエ,調理等,https://www.vege-fru.com/,,,,
★GSC上位,2,c-4111,1級商品装飾展示技能士,商品販売,https://www.javada.or.jp/jigyou/gino/giken.html,,,,
★GSC上位,2,c-5411,1級工場板金技能士,金属加工,https://www.javada.or.jp/jigyou/gino/giken.html,,,,
★GSC上位,2,c-4310,2級舞台機構調整技能士,サービス(調理除く),https://www.javada.or.jp/jigyou/gino/giken.html,,,,
★GSC上位,2,c-3521,ビジネス能力検定ジョブパス1級,筆記技能,https://bken.sgec.or.jp/,,,,
★GSC上位,2,c-6624,レタリング技能検定4級,その他の製造・制作,https://lettering-kentei.com/,,,,
★GSC上位,2,c-3720,医事コンピュータ技能検定準1級,専門的事務,https://www.medical-secretary.jp/iji/,,,,
★GSC上位,2,c-3204,土地改良換地士,不動産関連,https://www.maff.go.jp/j/nousin/kikaku/kantisi/index.html,,,,
★GSC上位,1,c-7016,2級ブロック建築技能士,建築工事,https://www.javada.or.jp/jigyou/gino/giken.html,,,,
★GSC上位,1,c-3839,MOS Access,OA機器操作,https://mos.odyssey-com.co.jp/outline/mos365.html,,,,
★GSC上位,1,c-3333,ビジネス中国語検定(A・B),翻訳・語学,https://www.bct-jp.com/,,,,
★GSC上位,1,c-5615,特級油圧装置調整技能士,一般機械器具組立・修理,https://www.javada.or.jp/jigyou/gino/giken.html,,,,
★GSC上位,1,c-5001,第1級総合無線通信士,通信,https://www.nichimu.or.jp/kshiken/,,,,
,,c-7005,1級かわらぶき技能士,建築工事,https://www.javada.or.jp/jigyou/gino/giken.html,,,,
,,c-6908,1級さく井技能士,採鉱・採掘,https://www.javada.or.jp/jigyou/gino/giken.html,,,,
,,c-7007,1級とび技能士,建築工事,https://www.javada.or.jp/jigyou/gino/giken.html,,,,
,,c-6012,1級みそ製造技能士,飲食料品製造,https://www.javada.or.jp/jigyou/gino/giken.html,,,,
,,c-5420,1級アルミニウム陽極酸化処理技能士,金属加工,https://www.javada.or.jp/jigyou/gino/giken.html,,,,
,,c-7305,1級ウェルポイント施工技能士,土木・舗装・線路工事,https://www.javada.or.jp/jigyou/gino/giken.html,,,,
,,c-7120,1級カーテンウォール施工技能士,設備・内装工事,https://www.javada.or.jp/jigyou/gino/giken.html,,,,
,,c-7127,1級ガラス用フィルム施工技能士,設備・内装工事,https://www.javada.or.jp/jigyou/gino/giken.html,,,,
,,c-3107,1級キャリアコンサルティング技能士,カウンセリング,https://www.career-kentei.org/about/,,,,
,,c-7302,1級コンクリート圧送施工技能士,土木・舗装・線路工事,https://www.javada.or.jp/jigyou/gino/giken.html,,,,
,,c-7122,1級サッシ施工技能士,設備・内装工事,https://www.javada.or.jp/jigyou/gino/giken.html,,,,
,,c-5444,1級ダイカスト技能士,金属加工,https://www.javada.or.jp/jigyou/gino/giken.html,,,,
,,c-6625,1級テクニカルイラストレーション技能士,その他の製造・制作,https://www.javada.or.jp/jigyou/gino/giken.html,,,,
,,c-6103,1級ニット製品製造技能士,紡織・染色・縫製,https://www.javada.or.jp/jigyou/gino/giken.html,,,,
,,c-6008,1級ハム・ソーセージ・ベーコン製造技能士,飲食料品製造,https://www.javada.or.jp/jigyou/gino/giken.html,,,,
,,c-6002,1級パン製造技能士,飲食料品製造,https://www.javada.or.jp/jigyou/gino/giken.html,,,,
,,c-4507,1級ビル設備管理技能士,保安,https://www.javada.or.jp/jigyou/gino/giken.html,,,,
,,c-2515,1級ファイナンシャル・プランニング技能士,経営,https://www.kinzai.or.jp/ginou/fp/1kyu/index.html,,,,
,,c-3001,1級フラワー装飾技能士,美術・音楽等,https://www.javada.or.jp/jigyou/gino/giken.html,,,,
,,c-4336,1級ブライダルコーディネート技能士,サービス(調理除く),https://www.bia.or.jp/kentei2019-3/,,,,
,,c-7015,1級ブロック建築技能士,建築工事,https://www.javada.or.jp/jigyou/gino/giken.html,,,,
,,c-6402,1級プラスチック成形技能士,プラスチック製品製造,https://www.javada.or.jp/jigyou/gino/giken.html,,,,
,,c-6301,1級プリプレス技能士(旧:製版技能士),印刷・製本,https://www.javada.or.jp/jigyou/gino/giken.html,,,,
,,c-4328,1級レストランサービス技能士,サービス(調理除く),https://hrs.or.jp/restaurant/certificate/index.html,,,,
,,c-5428,1級ロープ加工技能士,金属加工,https://www.javada.or.jp/jigyou/gino/giken.html,,,,
,,c-5432,1級仕上げ技能士,金属加工,https://www.javada.or.jp/jigyou/gino/giken.html,,,,
,,c-5907,1級光学機器製造技能士,計器・光学機器組立・修理・検査,https://www.javada.or.jp/jigyou/gino/giken.html,,,,
,,c-5609,1級内燃機関組立て技能士,一般機械器具組立・修理,https://www.javada.or.jp/jigyou/gino/giken.html,,,,
,,c-6609,1級写真技能士,その他の製造・制作,https://www.javada.or.jp/jigyou/gino/giken.html,,,,
,,c-7103,1級冷凍空気調和機器施工技能士,設備・内装工事,https://www.javada.or.jp/jigyou/gino/giken.html,,,,
,,c-5441,1級切削工具研削技能士,金属加工,https://www.javada.or.jp/jigyou/gino/giken.html,,,,
,,c-5204,1級化学分析技能士,化学製品製造,https://www.javada.or.jp/jigyou/gino/giken.html,,,,
,,c-5716,1級半導体製品製造技能士,電気・電子機器組立,https://www.javada.or.jp/jigyou/gino/giken.html,,,,
,,c-6303,1級印刷技能士,印刷・製本,https://www.javada.or.jp/jigyou/gino/giken.html,,,,
,,c-6507,1級印章彫刻技能士,装身具等身の回り品製造,https://www.javada.or.jp/jigyou/gino/giken.html,,,,
,,c-7113,1級厨房設備施工技能士,設備・内装工事,https://www.javada.or.jp/jigyou/gino/giken.html,,,,
,,c-6111,1級和裁技能士,紡織・染色・縫製,https://www.javada.or.jp/jigyou/gino/giken.html,,,,
,,c-3012,1級園芸装飾技能士,美術・音楽等,https://www.javada.or.jp/jigyou/gino/giken.html,,,,
,,c-7020,1級型枠施工技能士,建築工事,https://www.javada.or.jp/jigyou/gino/giken.html,,,,
,,c-6603,1級塗装技能士,その他の製造・制作,https://www.javada.or.jp/jigyou/gino/giken.html,,,,
,,c-6106,1級婦人子供服製造技能士,紡織・染色・縫製,https://www.javada.or.jp/jigyou/gino/giken.html,,,,
,,c-6206,1級家具製作技能士,木・紙製品製造,https://www.javada.or.jp/jigyou/gino/giken.html,,,,
,,c-6116,1級寝具製作技能士,紡織・染色・縫製,https://www.javada.or.jp/jigyou/gino/giken.html,,,,
,,c-6635,1級工業包装技能士,その他の製造・制作,https://www.javada.or.jp/jigyou/gino/giken.html,,,,
,,c-7010,1級左官技能士,建築工事,https://www.javada.or.jp/jigyou/gino/giken.html,,,,
,,c-6114,1級布はく縫製技能士,紡織・染色・縫製,https://www.javada.or.jp/jigyou/gino/giken.html,,,,
,,c-6118,1級帆布製品製造技能士,紡織・染色・縫製,https://www.javada.or.jp/jigyou/gino/giken.html,,,,
,,c-6606,1級広告美術仕上げ技能士,その他の製造・制作,https://www.javada.or.jp/jigyou/gino/giken.html,,,,
,,c-6208,1級建具製作技能士,木・紙製品製造,https://www.javada.or.jp/jigyou/gino/giken.html,,,,
,,c-7001,1級建築大工技能士,建築工事,https://www.javada.or.jp/jigyou/gino/giken.html,,,,
,,c-5413,1級建築板金技能士,金属加工,https://www.javada.or.jp/jigyou/gino/giken.html,,,,
,,c-5621,1級建設機械整備技能士,一般機械器具組立・修理,https://www.javada.or.jp/jigyou/gino/giken.html,,,,
,,c-6812,1級情報配線施工技能士,電気工事,https://www.javada.or.jp/jigyou/gino/giken.html,,,,
,,c-5406,1級放電加工技能士,金属加工,https://www.javada.or.jp/jigyou/gino/giken.html,,,,
,,c-5901,1級時計修理技能士,計器・光学機器組立・修理・検査,https://www.javada.or.jp/jigyou/gino/giken.html,,,,
,,c-6101,1級染色技能士,紡織・染色・縫製,https://www.javada.or.jp/jigyou/gino/giken.html,,,,
,,c-6630,1級機械・プラント製図技能士,その他の製造・制作,https://www.javada.or.jp/jigyou/gino/giken.html,,,,
,,c-5602,1級機械保全技能士,一般機械器具組立・修理,https://www.kikaihozenshi.jp/,,,,
,,c-5402,1級機械加工技能士,金属加工,https://www.javada.or.jp/jigyou/gino/giken.html,,,,
,,c-6202,1級機械木工技能士,木・紙製品製造,https://www.javada.or.jp/jigyou/gino/giken.html,,,,
,,c-6010,1級水産練り製品製造技能士,飲食料品製造,https://www.javada.or.jp/jigyou/gino/giken.html,,,,
,,c-5616,1級油圧装置調整技能士,一般機械器具組立・修理,https://www.javada.or.jp/jigyou/gino/giken.html,,,,
,,c-7118,1級熱絶縁施工技能士,設備・内装工事,https://www.javada.or.jp/jigyou/gino/giken.html,,,,
,,c-5808,1級産業車両整備技能士,輸送用機械組立・修理・検査,https://www.javada.or.jp/jigyou/gino/giken.html,,,,
,,c-6214,1級畳製作技能士,木・紙製品製造,https://www.javada.or.jp/jigyou/gino/giken.html,,,,
,,c-4334,1級着付け技能士,サービス(調理除く),https://www.kitsuke.or.jp/,,,,
,,c-5307,1級石材施工技能士,窯業・土石製品製造,https://www.javada.or.jp/jigyou/gino/giken.html,,,,
,,c-5613,1級空気圧装置組立て技能士,一般機械器具組立・修理,https://www.javada.or.jp/jigyou/gino/giken.html,,,,
,,c-7013,1級築炉技能士,建築工事,https://www.javada.or.jp/jigyou/gino/giken.html,,,,
,,c-5114,1級粉末冶金技能士,金属材料製造,https://www.javada.or.jp/jigyou/gino/giken.html,,,,
,,c-6212,1級紙器・段ボール箱製造技能士,木・紙製品製造,https://www.javada.or.jp/jigyou/gino/giken.html,,,,
,,c-6109,1級紳士服製造技能士,紡織・染色・縫製,https://www.javada.or.jp/jigyou/gino/giken.html,,,,
,,c-5618,1級縫製機械整備技能士,一般機械器具組立・修理,https://www.javada.or.jp/jigyou/gino/giken.html,,,,
,,c-6509,1級義肢・装具製作技能士,装身具等身の回り品製造,https://www.javada.or.jp/jigyou/gino/giken.html,,,,
,,c-7124,1級自動ドア施工技能士,設備・内装工事,https://www.javada.or.jp/jigyou/gino/giken.html,,,,
,,c-5713,1級自動販売機調整技能士,電気・電子機器組立,https://www.javada.or.jp/jigyou/gino/giken.html,,,,
,,c-4309,1級舞台機構調整技能士,サービス(調理除く),https://www.javada.or.jp/jigyou/gino/giken.html,,,,
,,c-6005,1級菓子製造技能士,飲食料品製造,https://www.javada.or.jp/jigyou/gino/giken.html,,,,
,,c-6305,1級製本技能士,印刷・製本,https://www.javada.or.jp/jigyou/gino/giken.html,,,,
,,c-6503,1級貴金属装身具製作技能士,装身具等身の回り品製造,https://www.javada.or.jp/jigyou/gino/giken.html,,,,
,,c-5623,1級農業機械整備技能士,一般機械器具組立・修理,https://www.javada.or.jp/jigyou/gino/giken.html,,,,
,,c-4601,1級造園技能士,農業,https://www.javada.or.jp/jigyou/gino/giken.html,,,,
,,c-7107,1級配管技能士,設備・内装工事,https://www.javada.or.jp/jigyou/gino/giken.html,,,,
,,c-6014,1級酒造技能士,飲食料品製造,https://www.javada.or.jp/jigyou/gino/giken.html,,,,
,,c-5439,1級金型製作技能士,金属加工,https://www.javada.or.jp/jigyou/gino/giken.html,,,,
,,c-5426,1級金属ばね製造技能士,金属加工,https://www.javada.or.jp/jigyou/gino/giken.html,,,,
,,c-5424,1級金属プレス加工技能士,金属加工,https://www.javada.or.jp/jigyou/gino/giken.html,,,,
,,c-5116,1級金属材料試験技能士,金属材料製造,https://www.javada.or.jp/jigyou/gino/giken.html,,,,
,,c-5103,1級金属溶解技能士,金属材料製造,https://www.javada.or.jp/jigyou/gino/giken.html,,,,
,,c-5408,1級鉄工技能士,金属加工,https://www.javada.or.jp/jigyou/gino/giken.html,,,,
,,c-7023,1級鉄筋施工技能士,建築工事,https://www.javada.or.jp/jigyou/gino/giken.html,,,,
,,c-5810,1級鉄道車両製造・整備技能士,輸送用機械組立・修理・検査,https://www.javada.or.jp/jigyou/gino/giken.html,,,,
,,c-5106,1級鋳造技能士,金属材料製造,https://www.javada.or.jp/jigyou/gino/giken.html,,,,
,,c-5108,1級鍛造技能士,金属材料製造,https://www.javada.or.jp/jigyou/gino/giken.html,,,,
,,c-7201,1級防水施工技能士,その他の建築工事,https://www.javada.or.jp/jigyou/gino/giken.html,,,,
,,c-5303,1級陶磁器製造技能士,窯業・土石製品製造,https://www.javada.or.jp/jigyou/gino/giken.html,,,,
,,c-5705,1級電子機器組立て技能士,電気・電子機器組立,https://www.javada.or.jp/jigyou/gino/giken.html,,,,
,,c-5702,1級電気機器組立て技能士,電気・電子機器組立,https://www.javada.or.jp/jigyou/gino/giken.html,,,,
,,c-6632,1級電気製図技能士,その他の製造・制作,https://www.javada.or.jp/jigyou/gino/giken.html,,,,
,,c-7006,2級かわらぶき技能士,建築工事,https://www.javada.or.jp/jigyou/gino/giken.html,,,,
,,c-6909,2級さく井技能士,採鉱・採掘,https://www.javada.or.jp/jigyou/gino/giken.html,,,,
,,c-7008,2級とび技能士,建築工事,https://www.javada.or.jp/jigyou/gino/giken.html,,,,
,,c-6013,2級みそ製造技能士,飲食料品製造,https://www.javada.or.jp/jigyou/gino/giken.html,,,,
,,c-5418,2級めっき技能士,金属加工,https://www.javada.or.jp/jigyou/gino/giken.html,,,,
,,c-5421,2級アルミニウム陽極酸化処理技能士,金属加工,https://www.javada.or.jp/jigyou/gino/giken.html,,,,
,,c-7306,2級ウェルポイント施工技能士,土木・舗装・線路工事,https://www.javada.or.jp/jigyou/gino/giken.html,,,,
,,c-7128,2級ガラス用フィルム施工技能士,設備・内装工事,https://www.javada.or.jp/jigyou/gino/giken.html,,,,
,,c-3108,2級キャリアコンサルティング技能士,カウンセリング,https://www.career-kentei.org/about/,,,,
,,c-7303,2級コンクリート圧送施工技能士,土木・舗装・線路工事,https://www.javada.or.jp/jigyou/gino/giken.html,,,,
,,c-7019,2級タイル張り技能士,建築工事,https://www.javada.or.jp/jigyou/gino/giken.html,,,,
,,c-5445,2級ダイカスト技能士,金属加工,https://www.javada.or.jp/jigyou/gino/giken.html,,,,
,,c-6626,2級テクニカルイラストレーション技能士,その他の製造・制作,https://www.javada.or.jp/jigyou/gino/giken.html,,,,
,,c-6104,2級ニット製品製造技能士,紡織・染色・縫製,https://www.javada.or.jp/jigyou/gino/giken.html,,,,
,,c-6009,2級ハム・ソーセージ・ベーコン製造技能士,飲食料品製造,https://www.javada.or.jp/jigyou/gino/giken.html,,,,
,,c-6003,2級パン製造技能士,飲食料品製造,https://www.javada.or.jp/jigyou/gino/giken.html,,,,
,,c-4508,2級ビル設備管理技能士,保安,https://www.javada.or.jp/jigyou/gino/giken.html,,,,
,,c-4332,2級ピアノ調律技能士,サービス(調理除く),https://www.jpta.org/kentei/guideline.shtml,,,,
,,c-3002,2級フラワー装飾技能士,美術・音楽等,https://www.javada.or.jp/jigyou/gino/giken.html,,,,
,,c-4337,2級ブライダルコーディネート技能士,サービス(調理除く),https://www.bia.or.jp/kentei2019-3/,,,,
,,c-6403,2級プラスチック成形技能士,プラスチック製品製造,https://www.javada.or.jp/jigyou/gino/giken.html,,,,
,,c-6302,2級プリプレス技能士(旧:製版技能士),印刷・製本,https://www.javada.or.jp/jigyou/gino/giken.html,,,,
,,c-5721,2級プリント配線板製造技能士,電気・電子機器組立,https://www.javada.or.jp/jigyou/gino/giken.html,,,,
,,c-4329,2級レストランサービス技能士,サービス(調理除く),https://hrs.or.jp/restaurant/certificate/index.html,,,,
,,c-5429,2級ロープ加工技能士,金属加工,https://www.javada.or.jp/jigyou/gino/giken.html,,,,
,,c-5433,2級仕上げ技能士,金属加工,https://www.javada.or.jp/jigyou/gino/giken.html,,,,
,,c-5908,2級光学機器製造技能士,計器・光学機器組立・修理・検査,https://www.javada.or.jp/jigyou/gino/giken.html,,,,
,,c-5610,2級内燃機関組立て技能士,一般機械器具組立・修理,https://www.javada.or.jp/jigyou/gino/giken.html,,,,
,,c-7116,2級内装仕上げ施工技能士,設備・内装工事,https://www.javada.or.jp/jigyou/gino/giken.html,,,,
,,c-6610,2級写真技能士,その他の製造・制作,https://www.javada.or.jp/jigyou/gino/giken.html,,,,
,,c-7104,2級冷凍空気調和機器施工技能士,設備・内装工事,https://www.javada.or.jp/jigyou/gino/giken.html,,,,
,,c-5442,2級切削工具研削技能士,金属加工,https://www.javada.or.jp/jigyou/gino/giken.html,,,,
,,c-5205,2級化学分析技能士,化学製品製造,https://www.javada.or.jp/jigyou/gino/giken.html,,,,
,,c-5717,2級半導体製品製造技能士,電気・電子機器組立,https://www.javada.or.jp/jigyou/gino/giken.html,,,,
,,c-6304,2級印刷技能士,印刷・製本,https://www.javada.or.jp/jigyou/gino/giken.html,,,,
,,c-6508,2級印章彫刻技能士,装身具等身の回り品製造,https://www.javada.or.jp/jigyou/gino/giken.html,,,,
,,c-6112,2級和裁技能士,紡織・染色・縫製,https://www.javada.or.jp/jigyou/gino/giken.html,,,,
,,c-4112,2級商品装飾展示技能士,商品販売,https://www.javada.or.jp/jigyou/gino/giken.html,,,,
,,c-3013,2級園芸装飾技能士,美術・音楽等,https://www.javada.or.jp/jigyou/gino/giken.html,,,,
,,c-7021,2級型枠施工技能士,建築工事,https://www.javada.or.jp/jigyou/gino/giken.html,,,,
,,c-6604,2級塗装技能士,その他の製造・制作,https://www.javada.or.jp/jigyou/gino/giken.html,,,,
,,c-6107,2級婦人子供服製造技能士,紡織・染色・縫製,https://www.javada.or.jp/jigyou/gino/giken.html,,,,
,,c-6207,2級家具製作技能士,木・紙製品製造,https://www.javada.or.jp/jigyou/gino/giken.html,,,,
,,c-6117,2級寝具製作技能士,紡織・染色・縫製,https://www.javada.or.jp/jigyou/gino/giken.html,,,,
,,c-5412,2級工場板金技能士,金属加工,https://www.javada.or.jp/jigyou/gino/giken.html,,,,
,,c-7011,2級左官技能士,建築工事,https://www.javada.or.jp/jigyou/gino/giken.html,,,,
,,c-6115,2級布はく縫製技能士,紡織・染色・縫製,https://www.javada.or.jp/jigyou/gino/giken.html,,,,
,,c-6119,2級帆布製品製造技能士,紡織・染色・縫製,https://www.javada.or.jp/jigyou/gino/giken.html,,,,
,,c-6607,2級広告美術仕上げ技能士,その他の製造・制作,https://www.javada.or.jp/jigyou/gino/giken.html,,,,
,,c-6209,2級建具製作技能士,木・紙製品製造,https://www.javada.or.jp/jigyou/gino/giken.html,,,,
,,c-7002,2級建築大工技能士,建築工事,https://www.javada.or.jp/jigyou/gino/giken.html,,,,
,,c-5414,2級建築板金技能士,金属加工,https://www.javada.or.jp/jigyou/gino/giken.html,,,,
,,c-5622,2級建設機械整備技能士,一般機械器具組立・修理,https://www.javada.or.jp/jigyou/gino/giken.html,,,,
,,c-1306,2級建設機械施工技士,建築技術,https://jcmanet-shiken.jp/,,,,
,,c-6406,2級強化プラスチック成形技能士,プラスチック製品製造,https://www.javada.or.jp/jigyou/gino/giken.html,,,,
,,c-6813,2級情報配線施工技能士,電気工事,https://www.javada.or.jp/jigyou/gino/giken.html,,,,
,,c-5407,2級放電加工技能士,金属加工,https://www.javada.or.jp/jigyou/gino/giken.html,,,,
,,c-5902,2級時計修理技能士,計器・光学機器組立・修理・検査,https://www.javada.or.jp/jigyou/gino/giken.html,,,,
,,c-6102,2級染色技能士,紡織・染色・縫製,https://www.javada.or.jp/jigyou/gino/giken.html,,,,
,,c-6631,2級機械・プラント製図技能士,その他の製造・制作,https://www.javada.or.jp/jigyou/gino/giken.html,,,,
,,c-5403,2級機械加工技能士,金属加工,https://www.javada.or.jp/jigyou/gino/giken.html,,,,
,,c-6203,2級機械木工技能士,木・紙製品製造,https://www.javada.or.jp/jigyou/gino/giken.html,,,,
,,c-5606,2級機械検査技能士,一般機械器具組立・修理,https://www.javada.or.jp/jigyou/gino/giken.html,,,,
,,c-6011,2級水産練り製品製造技能士,飲食料品製造,https://www.javada.or.jp/jigyou/gino/giken.html,,,,
,,c-5617,2級油圧装置調整技能士,一般機械器具組立・修理,https://www.javada.or.jp/jigyou/gino/giken.html,,,,
,,c-7119,2級熱絶縁施工技能士,設備・内装工事,https://www.javada.or.jp/jigyou/gino/giken.html,,,,
,,c-6215,2級畳製作技能士,木・紙製品製造,https://www.javada.or.jp/jigyou/gino/giken.html,,,,
,,c-4335,2級着付け技能士,サービス(調理除く),https://www.kitsuke.or.jp/,,,,
,,c-5308,2級石材施工技能士,窯業・土石製品製造,https://www.javada.or.jp/jigyou/gino/giken.html,,,,
,,c-5614,2級空気圧装置組立て技能士,一般機械器具組立・修理,https://www.javada.or.jp/jigyou/gino/giken.html,,,,
,,c-7014,2級築炉技能士,建築工事,https://www.javada.or.jp/jigyou/gino/giken.html,,,,
,,c-5115,2級粉末冶金技能士,金属材料製造,https://www.javada.or.jp/jigyou/gino/giken.html,,,,
,,c-6213,2級紙器・段ボール箱製造技能士,木・紙製品製造,https://www.javada.or.jp/jigyou/gino/giken.html,,,,
,,c-6110,2級紳士服製造技能士,紡織・染色・縫製,https://www.javada.or.jp/jigyou/gino/giken.html,,,,
,,c-5619,2級縫製機械整備技能士,一般機械器具組立・修理,https://www.javada.or.jp/jigyou/gino/giken.html,,,,
,,c-6510,2級義肢・装具製作技能士,装身具等身の回り品製造,https://www.javada.or.jp/jigyou/gino/giken.html,,,,
,,c-7125,2級自動ドア施工技能士,設備・内装工事,https://www.javada.or.jp/jigyou/gino/giken.html,,,,
,,c-5714,2級自動販売機調整技能士,電気・電子機器組立,https://www.javada.or.jp/jigyou/gino/giken.html,,,,
,,c-6006,2級菓子製造技能士,飲食料品製造,https://www.javada.or.jp/jigyou/gino/giken.html,,,,
,,c-6602,2級表装技能士,その他の製造・制作,https://www.javada.or.jp/jigyou/gino/giken.html,,,,
,,c-6306,2級製本技能士,印刷・製本,https://www.javada.or.jp/jigyou/gino/giken.html,,,,
,,c-1212,2級計装士,鉱工業技術,https://www.keiso.or.jp/sikenn/,,,,
,,c-6504,2級貴金属装身具製作技能士,装身具等身の回り品製造,https://www.javada.or.jp/jigyou/gino/giken.html,,,,
,,c-5624,2級農業機械整備技能士,一般機械器具組立・修理,https://www.javada.or.jp/jigyou/gino/giken.html,,,,
,,c-4602,2級造園技能士,農業,https://www.javada.or.jp/jigyou/gino/giken.html,,,,
,,c-7108,2級配管技能士,設備・内装工事,https://www.javada.or.jp/jigyou/gino/giken.html,,,,
,,c-6015,2級酒造技能士,飲食料品製造,https://www.javada.or.jp/jigyou/gino/giken.html,,,,
,,c-5440,2級金型製作技能士,金属加工,https://www.javada.or.jp/jigyou/gino/giken.html,,,,
,,c-5427,2級金属ばね製造技能士,金属加工,https://www.javada.or.jp/jigyou/gino/giken.html,,,,
,,c-5425,2級金属プレス加工技能士,金属加工,https://www.javada.or.jp/jigyou/gino/giken.html,,,,
,,c-5117,2級金属材料試験技能士,金属材料製造,https://www.javada.or.jp/jigyou/gino/giken.html,,,,
,,c-5104,2級金属溶解技能士,金属材料製造,https://www.javada.or.jp/jigyou/gino/giken.html,,,,
,,c-5112,2級金属熱処理技能士,金属材料製造,https://www.javada.or.jp/jigyou/gino/giken.html,,,,
,,c-3729,2級金融窓口サービス技能士,専門的事務,https://www.kinzai.or.jp/ginou/teller/index.html,,,,
,,c-5409,2級鉄工技能士,金属加工,https://www.javada.or.jp/jigyou/gino/giken.html,,,,
,,c-7024,2級鉄筋施工技能士,建築工事,https://www.javada.or.jp/jigyou/gino/giken.html,,,,
,,c-5811,2級鉄道車両製造・整備技能士,輸送用機械組立・修理・検査,https://www.javada.or.jp/jigyou/gino/giken.html,,,,
,,c-5107,2級鋳造技能士,金属材料製造,https://www.javada.or.jp/jigyou/gino/giken.html,,,,
,,c-5109,2級鍛造技能士,金属材料製造,https://www.javada.or.jp/jigyou/gino/giken.html,,,,
,,c-7202,2級防水施工技能士,その他の建築工事,https://www.javada.or.jp/jigyou/gino/giken.html,,,,
,,c-5304,2級陶磁器製造技能士,窯業・土石製品製造,https://www.javada.or.jp/jigyou/gino/giken.html,,,,
,,c-5706,2級電子機器組立て技能士,電気・電子機器組立,https://www.javada.or.jp/jigyou/gino/giken.html,,,,
,,c-5703,2級電気機器組立て技能士,電気・電子機器組立,https://www.javada.or.jp/jigyou/gino/giken.html,,,,
,,c-6633,2級電気製図技能士,その他の製造・制作,https://www.javada.or.jp/jigyou/gino/giken.html,,,,
,,c-7009,3級とび技能士,建築工事,https://www.javada.or.jp/jigyou/gino/giken.html,,,,
,,c-5419,3級めっき技能士,金属加工,https://www.javada.or.jp/jigyou/gino/giken.html,,,,
,,c-6627,3級テクニカルイラストレーション技能士,その他の製造・制作,https://www.javada.or.jp/jigyou/gino/giken.html,,,,
,,c-4333,3級ピアノ調律技能士,サービス(調理除く),https://www.jpta.org/kentei/guideline.shtml,,,,
,,c-4338,3級ブライダルコーディネート技能士,サービス(調理除く),https://www.bia.or.jp/kentei2019-3/,,,,
,,c-6404,3級プラスチック成形技能士,プラスチック製品製造,https://www.javada.or.jp/jigyou/gino/giken.html,,,,
,,c-5722,3級プリント配線板製造技能士,電気・電子機器組立,https://www.javada.or.jp/jigyou/gino/giken.html,,,,
,,c-4330,3級レストランサービス技能士,サービス(調理除く),https://hrs.or.jp/restaurant/certificate/index.html,,,,
,,c-5611,3級内燃機関組立て技能士,一般機械器具組立・修理,https://www.javada.or.jp/jigyou/gino/giken.html,,,,
,,c-7117,3級内装仕上げ施工技能士,設備・内装工事,https://www.javada.or.jp/jigyou/gino/giken.html,,,,
,,c-6611,3級写真技能士,その他の製造・制作,https://www.javada.or.jp/jigyou/gino/giken.html,,,,
,,c-6113,3級和裁技能士,紡織・染色・縫製,https://www.javada.or.jp/jigyou/gino/giken.html,,,,
,,c-3014,3級園芸装飾技能士,美術・音楽等,https://www.javada.or.jp/jigyou/gino/giken.html,,,,
,,c-6608,3級広告美術仕上げ技能士,その他の製造・制作,https://www.javada.or.jp/jigyou/gino/giken.html,,,,
,,c-6814,3級情報配線施工技能士,電気工事,https://www.javada.or.jp/jigyou/gino/giken.html,,,,
,,c-5903,3級時計修理技能士,計器・光学機器組立・修理・検査,https://www.javada.or.jp/jigyou/gino/giken.html,,,,
,,c-5404,3級機械加工技能士,金属加工,https://www.javada.or.jp/jigyou/gino/giken.html,,,,
,,c-5607,3級機械検査技能士,一般機械器具組立・修理,https://www.javada.or.jp/jigyou/gino/giken.html,,,,
,,c-4311,3級舞台機構調整技能士,サービス(調理除く),https://www.javada.or.jp/jigyou/gino/giken.html,,,,
,,c-4603,3級造園技能士,農業,https://www.javada.or.jp/jigyou/gino/giken.html,,,,
,,c-7109,3級配管技能士,設備・内装工事,https://www.javada.or.jp/jigyou/gino/giken.html,,,,
,,c-5113,3級金属熱処理技能士,金属材料製造,https://www.javada.or.jp/jigyou/gino/giken.html,,,,
,,c-5707,3級電子機器組立て技能士,電気・電子機器組立,https://www.javada.or.jp/jigyou/gino/giken.html,,,,
,,c-6634,3級電気製図技能士,その他の製造・制作,https://www.javada.or.jp/jigyou/gino/giken.html,,,,
,,c-4821,5トン限定中型自動車第二種免許,自動車等車両運転・船舶運転,https://www.keishicho.metro.tokyo.lg.jp/menkyo/menkyo/torikata/index.html,,,,
,,c-4823,5トン限定準中型自動車免許,自動車等車両運転・船舶運転,https://www.keishicho.metro.tokyo.lg.jp/menkyo/menkyo/torikata/index.html,,,,
,,c-4819,8トン限定中型自動車免許,自動車等車両運転・船舶運転,https://www.keishicho.metro.tokyo.lg.jp/menkyo/menkyo/torikata/index.html,,,,
,,c-4820,8トン限定中型自動車第二種免許,自動車等車両運転・船舶運転,https://www.keishicho.metro.tokyo.lg.jp/menkyo/menkyo/torikata/index.html,,,,
,,c-9009,AI実装検定,AI・データ活用,https://kentei.ai/,,,,
,,c-9033,AWS認定 クラウドプラクティショナー,情報処理技術,https://aws.amazon.com/jp/certification/certified-cloud-practitioner/,,,,
,,c-3848,Accessビジネスデータベース技能認定試験,OA機器操作,https://www.sikaku.gr.jp/ns/ad/,,,,
,,c-9045,BJTビジネス日本語能力テスト,語学検定,https://www.kanken.or.jp/bjt/,,,,
,,c-6612,CAD利用技術者1級,その他の製造・制作,https://www.acsp.jp/cad/2d.html,,,,
,,c-3404,CBS(国際秘書)検定,秘書技能,https://www.hishokyokai.or.jp/cbs/,,,,
,,c-3009,CGクリエイター検定エキスパート,美術・音楽等,https://www.cgarts.or.jp/kentei/cg/,,,,
,,c-3010,CGクリエイター検定ベーシック,美術・音楽等,https://www.cgarts.or.jp/kentei/cg/,,,,
,,c-3901,CS試験(ワープロ部門)1級,コンピュータサービス技能評価試験(CS試験),https://www.javada.or.jp/jigyou/gino/sinsa_comp/comp.html,,,,
,,c-3902,CS試験(ワープロ部門)2級,コンピュータサービス技能評価試験(CS試験),https://www.javada.or.jp/jigyou/gino/sinsa_comp/comp.html,,,,
,,c-3903,CS試験(ワープロ部門)3級,コンピュータサービス技能評価試験(CS試験),https://www.javada.or.jp/jigyou/gino/sinsa_comp/comp.html,,,,
,,c-3922,CS試験(情報セキュリティ部門),コンピュータサービス技能評価試験(CS試験),https://www.javada.or.jp/jigyou/gino/sinsa_comp/comp.html,,,,
,,c-3904,CS試験(表計算部門)1級,コンピュータサービス技能評価試験(CS試験),https://www.javada.or.jp/jigyou/gino/sinsa_comp/comp.html,,,,
,,c-3905,CS試験(表計算部門)2級,コンピュータサービス技能評価試験(CS試験),https://www.javada.or.jp/jigyou/gino/sinsa_comp/comp.html,,,,
,,c-3906,CS試験(表計算部門)3級,コンピュータサービス技能評価試験(CS試験),https://www.javada.or.jp/jigyou/gino/sinsa_comp/comp.html,,,,
,,c-4117,DIYアドバイザー,商品販売,https://www.diy.or.jp/,,,,
,,c-6307,DTPエキスパート,印刷・製本,https://www.jagat.or.jp/cat5/dtp,,,,
,,c-1558,DTP検定,情報処理技術,https://dtpkentei.jp/,,,,
,,c-3849,Excel表計算処理技能認定試験1級,OA機器操作,https://www.sikaku.gr.jp/ns/el/,,,,
,,c-3850,Excel表計算処理技能認定試験2級,OA機器操作,https://www.sikaku.gr.jp/ns/el/,,,,
,,c-3851,Excel表計算処理技能認定試験3級,OA機器操作,https://www.sikaku.gr.jp/ns/el/,,,,
,,c-3334,HSK漢語水平考試,翻訳・語学,https://www.hskj.jp/,,,,
,,c-3812,ICTプロフィシエンシー検定(P検)1級,OA機器操作,https://www.pken.com/,,,,
,,c-3814,ICTプロフィシエンシー検定(P検)3級,OA機器操作,https://www.pken.com/,,,,
,,c-9044,IELTS,語学検定,https://www.ielts.org/,,,,
,,c-1527,ITコーディネータ,情報処理技術,https://www.itc.or.jp/,,,,
,,c-9036,IoT検定,情報処理技術,http://www.iotcert.org/,,,,
,,c-1545,JavaTMプログラミング能力認定1級,情報処理技術,https://www.sikaku.gr.jp/js/cpjv/jv/,,,,
,,c-1546,JavaTMプログラミング能力認定2級,情報処理技術,https://www.sikaku.gr.jp/js/cpjv/jv/,,,,
,,c-1547,JavaTMプログラミング能力認定3級,情報処理技術,https://www.sikaku.gr.jp/js/cpjv/jv/,,,,
,,c-1520,Java認定資格,情報処理技術,https://www.oracle.com/jp/education/certification/,,,,
,,c-9032,LPIC(Linux技術者認定),情報処理技術,https://www.lpi.org/ja/,,,,
,,c-1541,Linux技術者認定資格,情報処理技術,https://linuc.org/,,,,
,,c-3016,MIDI検定2級,美術・音楽等,https://www.midilicense.com/,,,,
,,c-3017,MIDI検定3級,美術・音楽等,https://www.midilicense.com/,,,,
,,c-3815,MOS Excelエキスパート,OA機器操作,https://mos.odyssey-com.co.jp/outline/mos365.html,,,,
,,c-3816,MOS Excelスペシャリスト,OA機器操作,https://mos.odyssey-com.co.jp/outline/mos365.html,,,,
,,c-3838,MOS PowerPoint,OA機器操作,https://mos.odyssey-com.co.jp/outline/mos365.html,,,,
,,c-3817,MOS Wordエキスパート,OA機器操作,https://mos.odyssey-com.co.jp/outline/mos365.html,,,,
,,c-3818,MOS Wordスペシャリスト,OA機器操作,https://mos.odyssey-com.co.jp/outline/mos365.html,,,,
,,c-3005,POP検定(等級なし又は旧1級),美術・音楽等,https://www.jcinet.or.jp/examination/pop/,,,,
,,c-3006,POP検定(等級なし又は旧2級),美術・音楽等,https://www.jcinet.or.jp/examination/pop/,,,,
,,c-3007,POP検定(等級なし又は旧3級),美術・音楽等,https://www.jcinet.or.jp/examination/pop/,,,,
,,c-3847,PowerPointプレゼン技能認定試験,OA機器操作,https://www.sikaku.gr.jp/ns/pp/,,,,
,,c-9007,Python3エンジニア認定基礎試験,プログラミング,https://www.pythonic-exam.com/exam/basic,,,,
,,c-9008,Python3エンジニア認定実践試験,プログラミング,https://www.pythonic-exam.com/exam/jissen,,,,
,,c-9043,TOEFL iBT,語学検定,https://www.toefl-ibt.jp/,,,,
,,c-1544,VBAエキスパート,情報処理技術,https://vbae.odyssey-com.co.jp/,,,,
,,c-1553,Webクリエイター能力認定試験(上級),情報処理技術,https://www.sikaku.gr.jp/web/wc/,,,,
,,c-1554,Webクリエイター能力認定試験(初級),情報処理技術,https://www.sikaku.gr.jp/web/wc/,,,,
,,c-3852,Word文書処理技能認定試験1級,OA機器操作,https://www.sikaku.gr.jp/ns/wd/,,,,
,,c-3853,Word文書処理技能認定試験2級,OA機器操作,https://www.sikaku.gr.jp/ns/wd/,,,,
,,c-3854,Word文書処理技能認定試験3級,OA機器操作,https://www.sikaku.gr.jp/ns/wd/,,,,
,,c-9024,eco検定(環境社会検定試験),環境,https://kentei.tokyo-cci.or.jp/eco/,,,,
,,c-4312,きものコンサルタント,サービス(調理除く),http://kimono-consul.com/,,,,
,,c-6906,ずい道等の掘削等作業主任者,採鉱・採掘,https://www.jisha.or.jp/,,,,
,,c-6907,ずい道等の覆工作業主任者,採鉱・採掘,https://www.jisha.or.jp/,,,,
,,c-7401,はい作業主任者,運搬・労務・その他,https://www.jisha.or.jp/,,,,
,,c-4403,ふぐ調理師,調理等,https://www.hokeniryo.metro.tokyo.lg.jp/anzen/shikaku/csh_menkyo/hugu/index.html,,,,
,,c-2512,アクチュアリー,経営,https://www.actuaries.jp/,,,,
,,c-5520,アルミニウム溶接技能者(基本級),金属溶接・溶断,https://www.jwes.or.jp/qualifications/wo/,,,,
,,c-5519,アルミニウム溶接技能者(専門級),金属溶接・溶断,https://www.jwes.or.jp/qualifications/wo/,,,,
,,c-5516,アーク溶接技能者(基本級),金属溶接・溶断,https://www.jwes.or.jp/qualifications/wo/manualwelder/,,,,
,,c-5515,アーク溶接技能者(専門級),金属溶接・溶断,https://www.jwes.or.jp/qualifications/wo/manualwelder/,,,,
,,c-1555,ウェブデザイン技能士,情報処理技術,https://www.webdesign.gr.jp/,,,,
,,c-9034,ウェブ解析士,情報処理技術,https://www.waca.or.jp/course/wac/,,,,
,,c-2915,エアロビエクササイズインストラクター,スポーツ等指導,https://www.jafanet.jp/license/,,,,
,,c-1512,エンベデッドシステムスペシャリスト,情報処理技術,https://www.ipa.go.jp/shiken/kubun/es.html,,,,
,,c-7017,エーエルシーパネル施工技能士,建築工事,https://www.javada.or.jp/jigyou/gino/giken.html,,,,
,,c-1519,オラクルマスター,情報処理技術,https://www.oracle.com/jp/education/certification/,,,,
,,c-9065,ガス主任技術者,危険物・環境・エネルギー,https://www.jia-page.or.jp/exam/,,,,
,,c-5510,ガス圧接技量検定1種,金属溶接・溶断,https://jrji.jp/schedule/gp-agp-ht-pgp-hgp.php,,,,
,,c-5511,ガス圧接技量検定2種,金属溶接・溶断,https://jrji.jp/schedule/gp-agp-ht-pgp-hgp.php,,,,
,,c-5512,ガス圧接技量検定3種,金属溶接・溶断,https://jrji.jp/schedule/gp-agp-ht-pgp-hgp.php,,,,
,,c-5513,ガス圧接技量検定4種,金属溶接・溶断,https://jrji.jp/schedule/gp-agp-ht-pgp-hgp.php,,,,
,,c-5514,ガス溶接技能者,金属溶接・溶断,https://kensetsu-welcome.mhlw.go.jp/license/detail010/,,,,
,,c-3723,ケアクラーク技能認定,専門的事務,https://www.jme.or.jp/exam/cc/index.html,,,,
,,c-7309,コンクリート技士・コンクリート主任技士,土木・舗装・線路工事,https://www.jci-net.or.jp/j/exam/gishi/index.html,,,,
,,c-7030,コンクリート橋架設等作業主任者,建築工事,https://www.jisha.or.jp/,,,,
,,c-7304,コンクリート破砕機作業主任者,土木・舗装・線路工事,https://www.jisha.or.jp/,,,,
,,c-7029,コンクリート造の工作物の解体等作業主任者,建築工事,https://www.jisha.or.jp/,,,,
,,c-9064,コーヒーインストラクター,調理等,https://kentei.jcqa.org/,,,,
,,c-9053,サービス介助士,福祉・介護,https://www.carefit.org/carefit/,,,,
,,c-9066,サービス接遇検定,接客・サービス,https://jitsumu-ginou-kentei.jp/SV/,,,,
,,c-1518,シスコ技術者認定,情報処理技術,https://www.cisco.com/c/ja_jp/training-events/training-certifications/exams.html,,,,
,,c-3111,シニア産業カウンセラー,カウンセリング,https://www.counselor.or.jp/,,,,
,,c-6717,ショベルローダー等運転技能者,定置・建設機械の運転,https://www.jisha.or.jp/,,,,
,,c-5518,ステンレス鋼溶接技能者(基本級),金属溶接・溶断,https://www.jwes.or.jp/qualifications/wo/,,,,
,,c-5517,ステンレス鋼溶接技能者(専門級),金属溶接・溶断,https://www.jwes.or.jp/qualifications/wo/,,,,
,,c-2910,スポーツプログラマー,スポーツ等指導,https://www.japan-sports.or.jp/coach/tabid215.html,,,,
,,c-1403,ダム管理主任技術者,土木・測量技術,https://www.meti.go.jp/information/license/c_text22.html,,,,
,,c-3863,ディジタル技術検定1級,OA機器操作,https://digital-kentei.com/,,,,
,,c-3864,ディジタル技術検定2級,OA機器操作,https://digital-kentei.com/,,,,
,,c-3866,ディジタル技術検定4級,OA機器操作,https://digital-kentei.com/,,,,
,,c-9006,データサイエンティスト検定(リテラシーレベル),AI・データ活用,https://www.datascientist.or.jp/dscertification/,,,,
,,c-4316,トリマー,サービス(調理除く),https://www.jkc.or.jp/qualifications/trimmer/,,,,
,,c-6618,トレース技能検定2級,その他の製造・制作,https://chuoko-center.or.jp/trace.html,,,,
,,c-6619,トレース技能検定3級,その他の製造・制作,https://chuoko-center.or.jp/trace.html,,,,
,,c-6620,トレース技能検定4級,その他の製造・制作,https://chuoko-center.or.jp/trace.html,,,,
,,c-9042,ドイツ語技能検定,語学検定,https://www.dokken.or.jp/,,,,
,,c-3719,ドクターズクラーク(医師事務作業補助技能認定),専門的事務,https://www.jme.or.jp/exam/dc/index.html,,,,
,,c-9029,ニュース時事能力検定,教養検定,https://www.newskentei.jp/,,,,
,,c-9035,ネットマーケティング検定,情報処理技術,https://www.sikaku.gr.jp/nm/,,,,
,,c-7408,ハウスクリーニング技能士,運搬・労務・その他,https://www.javada.or.jp/jigyou/gino/giken.html,,,,
,,c-9039,ハングル能力検定,語学検定,https://hangul.or.jp/,,,,
,,c-3331,ハングル能力検定1級,翻訳・語学,https://www.hangul.or.jp/,,,,
,,c-3332,ハングル能力検定2級,翻訳・語学,https://www.hangul.or.jp/,,,,
,,c-7126,バルコニー施工技能士,設備・内装工事,https://www.javada.or.jp/jigyou/gino/giken.html,,,,
,,c-6120,パターンメーキング技術検定,紡織・染色・縫製,https://www.fashion-edu.jp/pm/,,,,
,,c-9062,パーソナルカラリスト検定,デザイン,https://colorist.or.jp/personal-colorist/,,,,
,,c-4001,ビジキャリ(人事・人材開発・労務管理),ビジネス・キャリア検定,https://www.javada.or.jp/jigyou/gino/business/,,,,
,,c-4003,ビジキャリ(営業・マーケティング),ビジネス・キャリア検定,https://www.javada.or.jp/jigyou/gino/business/,,,,
,,c-4011,ビジキャリ(経営情報システム),ビジネス・キャリア検定,https://www.javada.or.jp/jigyou/gino/business/,,,,
,,c-4007,ビジネス・キャリア検定(ロジスティクス),ビジネス・キャリア検定,https://www.javada.or.jp/jigyou/gino/business/,,,,
,,c-4005,ビジネス・キャリア検定(企業法務・総務),ビジネス・キャリア検定,https://www.javada.or.jp/jigyou/gino/business/,,,,
,,c-4004,ビジネス・キャリア検定(生産管理),ビジネス・キャリア検定,https://www.javada.or.jp/jigyou/gino/business/,,,,
,,c-4012,ビジネス・キャリア検定(経営戦略),ビジネス・キャリア検定,https://www.javada.or.jp/jigyou/gino/business/,,,,
,,c-4002,ビジネス・キャリア検定(経理・財務管理),ビジネス・キャリア検定,https://www.javada.or.jp/jigyou/gino/business/,,,,
,,c-9025,ビジネス会計検定,会計事務,https://www.b-accounting.jp/,,,,
,,c-3522,ビジネス能力検定ジョブパス2級,筆記技能,https://bken.sgec.or.jp/,,,,
,,c-3523,ビジネス能力検定ジョブパス3級,筆記技能,https://bken.sgec.or.jp/,,,,
,,c-7403,ビルクリーニング技能士,運搬・労務・その他,https://www.javada.or.jp/jigyou/gino/giken.html,,,,
,,c-4813,フォークリフト運転技能者,自動車等車両運転・船舶運転,https://www.jisha.or.jp/,,,,
,,c-4327,フードコーディネーター,サービス(調理除く),https://www.fcaj.or.jp/exam,,,,
,,c-4324,ブライダルプランナー検定2級,サービス(調理除く),https://www.bridalplanner.jp/,,,,
,,c-5422,プレス機械作業主任者,金属加工,https://www.jisha.or.jp/,,,,
,,c-1556,ホームページ作成検定,情報処理技術,https://www.goukaku.ne.jp/test_home.html,,,,
,,c-1201,ボイラー・タービン主任技術者,鉱工業技術,https://www.meti.go.jp/information/license/c_text30.html,,,,
,,c-6705,ボイラー取扱作業主任者,定置・建設機械の運転,https://www.jbanet.or.jp/license/division/boiler-chief/,,,,
,,c-9031,マイクロソフト オフィス スペシャリスト(MOS),OA機器操作,https://mos.odyssey-com.co.jp/,,,,
,,c-1517,マイクロソフト認定ソリューションエキスパート(MCSE),情報処理技術,https://learn.microsoft.com/ja-jp/credentials/,,,,
,,c-3819,マイクロソフト認定トレーナー(MCT),OA機器操作,https://learn.microsoft.com/ja-jp/credentials/certifications/mct-certification,,,,
,,c-1516,マイクロソフト認定プロフェッショナル(MCP),情報処理技術,https://learn.microsoft.com/ja-jp/credentials/,,,,
,,c-9050,マイナンバー実務検定,情報管理,https://www.my-number.or.jp/,,,,
,,c-9030,マーケティング検定,経営・労務,https://www.jma-jp.org/marken,,,,
,,c-2914,レクリエーション・インストラクター/コーディネーター,スポーツ等指導,https://shikaku.recreation.or.jp/,,,,
,,c-6622,レタリング技能検定2級,その他の製造・制作,https://lettering-kentei.com/,,,,
,,c-6623,レタリング技能検定3級,その他の製造・制作,https://lettering-kentei.com/,,,,
,,c-9017,一等無人航空機操縦士,無人航空機,https://www.mlit.go.jp/koku/license.html,,,,
,,c-4907,一等航空士,航空機運転,https://www.mlit.go.jp/koku/koku_tk12_000005.html,,,,
,,c-5804,一等航空整備士,輸送用機械組立・修理・検査,https://www.mlit.go.jp/koku/koku_tk12_000005.html,,,,
,,c-5824,一級大型自動車整備士,輸送用機械組立・修理・検査,https://www.jaspa.or.jp/mechanic/,,,,
,,c-5825,一級小型自動車整備士,輸送用機械組立・修理・検査,https://www.jaspa.or.jp/mechanic/,,,,
,,c-4410,一級惣菜管理士,調理等,https://www.nsouzai-kyoukai.or.jp/training/rmm/,,,,
,,c-1614,一般廃棄物処理施設技術管理士,その他の技術,https://www.jesc.or.jp/training/tabid/121/Default.aspx,,,,
,,c-5904,一般計量士,計器・光学機器組立・修理・検査,https://www.meti.go.jp/information/license/data/c250620aj.html,,,,
,,c-4412,三級惣菜管理士,調理等,https://www.nsouzai-kyoukai.or.jp/training/rmm/,,,,
,,c-5815,三級自動車ガソリン・エンジン整備士,輸送用機械組立・修理・検査,https://www.jaspa.or.jp/mechanic/,,,,
,,c-5817,三級自動車シャシ整備士,輸送用機械組立・修理・検査,https://www.jaspa.or.jp/mechanic/,,,,
,,c-5816,三級自動車ジーゼル・エンジン整備士,輸送用機械組立・修理・検査,https://www.jaspa.or.jp/mechanic/,,,,
,,c-5819,三級自動車整備士,輸送用機械組立・修理・検査,https://www.jaspa.or.jp/mechanic/,,,,
,,c-1612,下水道管理技術認定(処理施設),その他の技術,https://www.jswa.go.jp/kentei/,,,,
,,c-3206,不動産コンサルティング技能登録,不動産関連,https://www.retpc.jp/qualification/consultingmaster/,,,,
,,c-4815,不整地運搬車運転技能者,自動車等車両運転・船舶運転,https://www.jisha.or.jp/,,,,
,,c-1224,丙種火薬類製造保安責任者,鉱工業技術,https://www.zenkakyo-ex.or.jp/hoansekininsha.html,,,,
,,c-4109,中古自動車査定士,商品販売,http://www.jaai.or.jp/ginoukentei.html,,,,
,,c-9037,中国語検定,語学検定,https://www.chuken.gr.jp/,,,,
,,c-3330,中国語検定2級,翻訳・語学,https://www.chuken.gr.jp/,,,,
,,c-4817,中型自動車免許,自動車等車両運転・船舶運転,https://www.keishicho.metro.tokyo.lg.jp/menkyo/menkyo/torikata/index.html,,,,
,,c-4818,中型自動車第二種免許,自動車等車両運転・船舶運転,https://www.keishicho.metro.tokyo.lg.jp/menkyo/menkyo/torikata/index.html,,,,
,,c-2603,中学校教諭免許(専修・1種・2種),幼稚園・学校教諭免許,https://www.mext.go.jp/a_menu/shotou/kyoin/index.htm,,,,
,,c-1611,乙種火薬類取扱保安責任者,その他の技術,https://www.zenkakyo-ex.or.jp/hoansekininsha.html,,,,
,,c-1223,乙種火薬類製造保安責任者,鉱工業技術,https://www.zenkakyo-ex.or.jp/hoansekininsha2.html,,,,
,,c-6707,乾燥設備作業主任者,定置・建設機械の運転,https://www.jisha.or.jp/,,,,
,,c-4903,事業用操縦士(回転翼航空機),航空機運転,https://www.mlit.go.jp/koku/koku_tk12_000005.html,,,,
,,c-4902,事業用操縦士(飛行機),航空機運転,https://www.mlit.go.jp/koku/koku_tk12_000005.html,,,,
,,c-9018,二等無人航空機操縦士,無人航空機,https://www.mlit.go.jp/koku/license.html,,,,
,,c-4908,二等航空士,航空機運転,https://www.mlit.go.jp/koku/koku_tk12_000005.html,,,,
,,c-5805,二等航空整備士,輸送用機械組立・修理・検査,https://www.mlit.go.jp/koku/koku_tk12_000005.html,,,,
,,c-5813,二級ガソリン自動車整備士,輸送用機械組立・修理・検査,https://www.jaspa.or.jp/mechanic/,,,,
,,c-5814,二級ジーゼル自動車整備士,輸送用機械組立・修理・検査,https://www.jaspa.or.jp/mechanic/,,,,
,,c-4411,二級惣菜管理士,調理等,https://www.nsouzai-kyoukai.or.jp/training/rmm/,,,,
,,c-5818,二級自動車整備士,輸送用機械組立・修理・検査,https://www.jaspa.or.jp/mechanic/,,,,
,,c-4516,交通誘導警備業務検定1級,保安,https://www.csst.jp/,,,,
,,c-4517,交通誘導警備業務検定2級,保安,https://www.csst.jp/,,,,
,,c-3725,介護保険事務管理士,専門的事務,https://www.jh-mgt.org/kaigohokenjimu.html,,,,
,,c-2313,介護職員初任者研修修了者,福祉・介護,https://www.mhlw.go.jp/file/06-Seisakujouhou-12300000-Roukenkyoku/kaigoinnyouseikennsyuu.pdf,,,,
,,c-2314,介護職員実務者研修修了者,福祉・介護,https://www.mhlw.go.jp/,,,,
,,c-6511,伝統工芸士,装身具等身の回り品製造,https://kyokai.kougeihin.jp/master/,,,,
,,c-9026,個人情報保護士認定試験,情報管理,https://www.joho-gakushu.or.jp/piip/,,,,
,,c-2917,健康管理士上級指導員,スポーツ等指導,https://www.japa.org/kkkai/upper/,,,,
,,c-2913,健康運動実践指導者,スポーツ等指導,https://www.health-net.or.jp/shikaku/shidousya/youryou.html,,,,
,,c-2912,健康運動指導士,スポーツ等指導,https://www.health-net.or.jp/shikaku/shidoushi/annai.html,,,,
,,c-3338,全商英語検定1級,翻訳・語学,https://zensho.or.jp/examination/english/,,,,
,,c-3339,全商英語検定2級,翻訳・語学,https://zensho.or.jp/examination/english/,,,,
,,c-1003,初生雛鑑別師,農林水産技術,http://jlta.lin.gr.jp/chick/admission.html,,,,
,,c-4701,動力車操縦者(鉄道)運転免許,鉄道(軌道)運転,https://www.mlit.go.jp/report/press/tetsudo08_hh_000109.html,,,,
,,c-5201,化学設備関係第一種圧力容器取扱作業主任者,化学製品製造,https://www.jisha.or.jp/,,,,
,,c-3721,医事コンピュータ技能検定2級,専門的事務,https://www.medical-secretary.jp/iji/,,,,
,,c-3722,医事コンピュータ技能検定3級,専門的事務,https://www.medical-secretary.jp/iji/,,,,
,,c-3716,医事管理士,専門的事務,https://www.jh-mgt.org/ijikanri.html,,,,
,,c-3708,医療事務実務士1級,専門的事務,https://www.medin.gr.jp/exam_sche/exam_med_info.html,,,,
,,c-3709,医療事務実務士2級,専門的事務,https://www.medin.gr.jp/exam_sche/exam_med_info.html,,,,
,,c-3713,医療事務検定試験,専門的事務,https://www.ijinet.com/course/iryou/kentei/,,,,
,,c-3727,医療事務管理士(医科・歯科),専門的事務,https://www.ginou.co.jp/,,,,
,,c-9052,医療情報技師,専門的事務,https://www.hcit.or.jp/standard/,,,,
,,c-1215,医療機器責任技術者,鉱工業技術,https://www.mhlw.go.jp/stf/seisakunitsuite/bunya/kenkou_iryou/iyakuhin/seizou/index.html,,,,
,,c-3717,医療秘書士,専門的事務,https://www.iryo-k.org/iryo.html,,,,
,,c-3405,医療秘書技能検定1級,秘書技能,https://www.medical-secretary.jp/,,,,
,,c-3406,医療秘書技能検定2級,秘書技能,https://www.medical-secretary.jp/,,,,
,,c-3407,医療秘書技能検定3級,秘書技能,https://www.medical-secretary.jp/,,,,
,,c-1214,医薬部外品責任技術者,鉱工業技術,https://www.tmiph.metro.tokyo.lg.jp/k_yakuji/i-sinsa/cosmetics/sekinin/,,,,
,,c-4810,原動機付自転車免許,自動車等車両運転・船舶運転,https://www.keishicho.metro.tokyo.lg.jp/menkyo/menkyo/torikata/index.html,,,,
,,c-2701,司書,博物館・図書館専門職,https://www.mext.go.jp/a_menu/shougai/gakugei/shisho/index.html,,,,
,,c-9059,唎酒師(ききさけし),調理等,https://ssi-sake.jp/qualification/,,,,
,,c-1309,商業施設士,建築技術,http://www.jtocs.or.jp/pages/cmspace_d/cmspace_d02-04.html,,,,
,,c-5102,四アルキル鉛等作業主任者,金属材料製造,https://www.jisha.or.jp/,,,,
,,c-5011,国内電信級陸上特殊無線技士,通信,https://www.nichimu.or.jp/kshiken/,,,,
,,c-7033,圧入施工技士(1~2級),建築工事,https://atsunyu.gr.jp/general/gishiShiken/,,,,
,,c-6904,地山の掘削及び土止め支保工作業主任者,採鉱・採掘,https://www.jisha.or.jp/,,,,
,,c-1617,地質調査技士(区分なし又は旧「岩盤」),その他の技術,https://www.zenchiren.or.jp/geo_comp/,,,,
,,c-7022,型枠支保工の組立て等作業主任者,建築工事,https://www.jisha.or.jp/,,,,
,,c-7032,基礎施工士,建築工事,https://www.kisokyo.or.jp/activity/index/1,,,,
,,c-6605,塗料調色技能士,その他の製造・制作,https://www.javada.or.jp/jigyou/gino/giken.html,,,,
,,c-4204,外務員登録資格(商品先物取引),販売類似,https://www.nisshokyo.or.jp/,,,,
,,c-4806,大型特殊自動車免許,自動車等車両運転・船舶運転,https://www.keishicho.metro.tokyo.lg.jp/menkyo/menkyo/torikata/index.html,,,,
,,c-4807,大型特殊自動車第二種免許,自動車等車両運転・船舶運転,https://www.keishicho.metro.tokyo.lg.jp/menkyo/menkyo/torikata/index.html,,,,
,,c-4801,大型自動車免許,自動車等車両運転・船舶運転,https://www.keishicho.metro.tokyo.lg.jp/menkyo/menkyo/torikata/index.html,,,,
,,c-4802,大型自動車第二種免許,自動車等車両運転・船舶運転,https://www.keishicho.metro.tokyo.lg.jp/menkyo/menkyo/torikata/index.html,,,,
,,c-2703,学芸員,博物館・図書館専門職,https://www.mext.go.jp/a_menu/01_l/08052911/1346118.htm,,,,
,,c-2704,学芸員補,博物館・図書館専門職,https://www.mext.go.jp/a_menu/01_l/08052911/1346118.htm,,,,
,,c-4901,定期運送用操縦士,航空機運転,https://www.mlit.go.jp/koku/koku_tk12_000005.html,,,,
,,c-9041,実用フランス語技能検定(仏検),語学検定,https://apefdapf.org/,,,,
,,c-3325,実用フランス語技能検定1級,翻訳・語学,https://apefdapf.org/dapf/info/examens,,,,
,,c-9023,実用数学技能検定(数学検定),筆記技能,https://www.su-gaku.net/suken/,,,,
,,c-3307,実用英語技能検定1級,翻訳・語学,https://www.eiken.or.jp/eiken/exam/grade_1/,,,,
,,c-3309,実用英語技能検定2級,翻訳・語学,https://www.eiken.or.jp/eiken/exam/grade_2/,,,,
,,c-9011,実用英語技能検定3級,語学検定,https://www.eiken.or.jp/eiken/,,,,
,,c-9012,実用英語技能検定4級,語学検定,https://www.eiken.or.jp/eiken/,,,,
,,c-9013,実用英語技能検定5級,語学検定,https://www.eiken.or.jp/eiken/,,,,
,,c-3308,実用英語技能検定準1級,翻訳・語学,https://www.eiken.or.jp/eiken/exam/grade_p1/,,,,
,,c-9010,実用英語技能検定準2級,語学検定,https://www.eiken.or.jp/eiken/,,,,
,,c-9058,家庭料理技能検定(料検),調理等,https://www.ryouken.jp/,,,,
,,c-1001,家畜人工授精師,農林水産技術,https://www.maff.go.jp/j/chikusan/kikaku/230213.html,,,,
,,c-4116,家電製品アドバイザー,商品販売,https://www.aeha.or.jp/,,,,
,,c-5728,家電製品エンジニア(AV情報家電),電気・電子機器組立,https://www.aeha.or.jp/nintei-center/engineer/,,,,
,,c-5727,家電製品エンジニア(生活家電),電気・電子機器組立,https://www.aeha.or.jp/nintei-center/engineer/,,,,
,,c-2805,専修学校准教員認定,専修・各種学校教員,https://www.mext.go.jp/a_menu/shougai/senshuu/1380250.htm,,,,
,,c-4402,専門調理師・調理技能士,調理等,https://chouri-ggc.or.jp/cgghshiken/about/,,,,
,,c-6710,小型移動式クレーン運転技能者,定置・建設機械の運転,https://www.jisha.or.jp/,,,,
,,c-4816,小型船舶操縦士,自動車等車両運転・船舶運転,https://www.jmra.or.jp/license/license-examination,,,,
,,c-2602,小学校教諭免許(専修・1種・2種),幼稚園・学校教諭免許,https://www.mext.go.jp/a_menu/shotou/kyoin/index.htm,,,,
,,c-6803,工事担任者AI第3種,電気工事,https://www.dekyo.or.jp/shiken/charge/,,,,
,,c-6804,工事担任者DD第1種,電気工事,https://www.dekyo.or.jp/shiken/charge/,,,,
,,c-6806,工事担任者DD第3種,電気工事,https://www.dekyo.or.jp/shiken/charge/,,,,
,,c-3313,工業英語能力検定1級,翻訳・語学,https://jstc.jma.or.jp/,,,,
,,c-3314,工業英語能力検定2級,翻訳・語学,https://jstc.jma.or.jp/,,,,
,,c-3315,工業英語能力検定3級,翻訳・語学,https://jstc.jma.or.jp/,,,,
,,c-3316,工業英語能力検定4級,翻訳・語学,https://jstc.jma.or.jp/,,,,
,,c-2601,幼稚園教諭免許(専修・1種・2種),幼稚園・学校教諭免許,https://www.mext.go.jp/a_menu/shotou/kyoin/index.htm,,,,
,,c-6711,床上操作式クレーン運転技能者,定置・建設機械の運転,https://www.jisha.or.jp/,,,,
,,c-6720,床上運転式クレーン限定運転士,定置・建設機械の運転,https://www.exam.or.jp/,,,,
,,c-7025,建築物等の鉄骨の組立て等作業主任者,建築工事,https://www.jisha.or.jp/,,,,
,,c-1310,建築設備検査員,建築技術,https://www.beec.or.jp/course/mlit_course1/,,,,
,,c-9049,建設業経理士,会計事務,https://www.keiri-kentei.jp/,,,,
,,c-3860,情報処理技能検定試験(データベース)2級,OA機器操作,https://www.goukaku.ne.jp/test_db.html,,,,
,,c-3861,情報処理技能検定試験(データベース)3級,OA機器操作,https://www.goukaku.ne.jp/test_db.html,,,,
,,c-3858,情報処理技能検定試験(表計算)4級,OA機器操作,https://www.goukaku.ne.jp/test_jyoho.html,,,,
,,c-3855,情報処理技能検定試験(表計算)初段~1級,OA機器操作,https://www.goukaku.ne.jp/test_jyoho.html,,,,
,,c-3856,情報処理技能検定試験(表計算)準1~2級,OA機器操作,https://www.goukaku.ne.jp/test_jyoho.html,,,,
,,c-3857,情報処理技能検定試験(表計算)準2~3級,OA機器操作,https://www.goukaku.ne.jp/test_jyoho.html,,,,
,,c-3873,情報処理検定1級,OA機器操作,https://zensho.or.jp/examination/information/,,,,
,,c-3874,情報処理検定2級,OA機器操作,https://zensho.or.jp/examination/information/,,,,
,,c-3875,情報処理検定3級,OA機器操作,https://zensho.or.jp/examination/information/,,,,
,,c-9057,愛玩動物飼養管理士,動物看護・飼育,https://www.jpc.or.jp/kanrishi/,,,,
,,c-3615,所得税法能力検定試験1級,会計事務,https://zenkei.or.jp/exam/incometax,,,,
,,c-3616,所得税法能力検定試験2級,会計事務,https://zenkei.or.jp/exam/incometax,,,,
,,c-3617,所得税法能力検定試験3級,会計事務,https://zenkei.or.jp/exam/incometax,,,,
,,c-2803,指定自動車教習所指導員,専修・各種学校教員,https://www.pref.aichi.jp/police/shinsei/koutsu/menkyo/ginoukennteiinnshinnsa.html,,,,
,,c-6901,採石のための掘削作業主任者,採鉱・採掘,https://www.jisha.or.jp/,,,,
,,c-6902,採石業務管理者,採鉱・採掘,https://www.meti.go.jp/information/license/c_text18.html,,,,
,,c-9069,損害保険募集人一般試験,保険・金融,https://www.sonpo-dairiten.jp/ippan/,,,,
,,c-5823,整備管理者,輸送用機械組立・修理・検査,https://www.mlit.go.jp/jidosha/jidosha_tk3_000020.html,,,,
,,c-9056,整理収納アドバイザー,サービス(調理除く),https://housekeeping.or.jp/about_license/,,,,
,,c-9068,文書情報管理士,情報管理,https://www.jiima.or.jp/qualification/docinfo_sv/,,,,
,,c-4510,施設警備業務検定1級,保安,https://www.csst.jp/,,,,
,,c-4511,施設警備業務検定2級,保安,https://www.csst.jp/,,,,
,,c-3844,日商PC検定試験(データ活用)1級,OA機器操作,https://www.kentei.ne.jp/pc,,,,
,,c-3845,日商PC検定試験(データ活用)2級,OA機器操作,https://www.kentei.ne.jp/pc,,,,
,,c-3846,日商PC検定試験(データ活用)3級,OA機器操作,https://www.kentei.ne.jp/pc,,,,
,,c-3879,日商PC検定試験(プレゼン資料作成)1級,OA機器操作,https://www.kentei.ne.jp/pc,,,,
,,c-3880,日商PC検定試験(プレゼン資料作成)2級,OA機器操作,https://www.kentei.ne.jp/pc,,,,
,,c-3881,日商PC検定試験(プレゼン資料作成)3級,OA機器操作,https://www.kentei.ne.jp/pc,,,,
,,c-3841,日商PC検定試験(文書作成)1級,OA機器操作,https://www.kentei.ne.jp/documentation,,,,
,,c-3843,日商PC検定試験(文書作成)3級,OA機器操作,https://www.kentei.ne.jp/documentation,,,,
,,c-3335,日商ビジネス英語検定1級,翻訳・語学,https://www.kentei.ne.jp/english,,,,
,,c-3336,日商ビジネス英語検定2級,翻訳・語学,https://www.kentei.ne.jp/english,,,,
,,c-3337,日商ビジネス英語検定3級,翻訳・語学,https://www.kentei.ne.jp/english,,,,
,,c-9061,日本茶インストラクター,調理等,https://www.nihoncha-inst.com/,,,,
,,c-3801,日本語ワープロ検定1級,OA機器操作,https://www.goukaku.ne.jp/test_wordpro.html,,,,
,,c-3802,日本語ワープロ検定2級,OA機器操作,https://www.goukaku.ne.jp/test_wordpro.html,,,,
,,c-3803,日本語ワープロ検定3級,OA機器操作,https://www.goukaku.ne.jp/test_wordpro.html,,,,
,,c-3804,日本語ワープロ検定4級,OA機器操作,https://www.goukaku.ne.jp/test_wordpro.html,,,,
,,c-2811,日本語教師養成講座修了(420時間),専修・各種学校教員,https://www.bunka.go.jp/seisaku/kokugo_nihongo/kyoiku/kyoin_kenshu/index.html,,,,
,,c-3524,日本語検定1級,筆記技能,https://www.nihongokentei.jp/exam/,,,,
,,c-3526,日本語検定2級,筆記技能,https://www.nihongokentei.jp/exam/,,,,
,,c-3528,日本語検定3級,筆記技能,https://www.nihongokentei.jp/exam/,,,,
,,c-3530,日本語検定4級,筆記技能,https://www.nihongokentei.jp/exam/,,,,
,,c-3532,日本語検定5級,筆記技能,https://www.nihongokentei.jp/exam/,,,,
,,c-3534,日本語検定6級,筆記技能,https://www.nihongokentei.jp/,,,,
,,c-3536,日本語検定7級,筆記技能,https://www.nihongokentei.jp/,,,,
,,c-3525,日本語検定準1級,筆記技能,https://www.nihongokentei.jp/exam/,,,,
,,c-3527,日本語検定準2級,筆記技能,https://www.nihongokentei.jp/exam/,,,,
,,c-3529,日本語検定準3級,筆記技能,https://www.nihongokentei.jp/exam/,,,,
,,c-3531,日本語検定準4級,筆記技能,https://www.nihongokentei.jp/exam/,,,,
,,c-3533,日本語検定準5級,筆記技能,https://www.nihongokentei.jp/exam/,,,,
,,c-3535,日本語検定準6級,筆記技能,https://www.nihongokentei.jp/exam/,,,,
,,c-3537,日本語検定準7級,筆記技能,https://www.nihongokentei.jp/exam/,,,,
,,c-9014,日本語能力試験(JLPT),語学検定,https://www.jlpt.jp/,,,,
,,c-9060,日本酒検定,調理等,https://ssi-sake.jp/nihonsyu-kentei/,,,,
,,c-1311,昇降機等検査員,建築技術,https://www.beec.or.jp/course/mlit_course2/,,,,
,,c-5502,普通ボイラ-溶接士,金属溶接・溶断,https://www.exam.or.jp/introduction/h_shokai142/,,,,
,,c-6706,普通第一種圧力容器取扱作業主任者,定置・建設機械の運転,https://www.jisha.or.jp/,,,,
,,c-4803,普通自動車免許,自動車等車両運転・船舶運転,https://www.keishicho.metro.tokyo.lg.jp/menkyo/menkyo/torikata/index.html,,,,
,,c-4805,普通自動車免許(AT限定),自動車等車両運転・船舶運転,https://www.keishicho.metro.tokyo.lg.jp/menkyo/menkyo/torikata/index.html,,,,
,,c-4804,普通自動車第二種免許,自動車等車両運転・船舶運転,https://www.keishicho.metro.tokyo.lg.jp/menkyo/menkyo/torikata/index.html,,,,
,,c-5202,有機溶剤作業主任者,化学製品製造,https://www.jisha.or.jp/,,,,
,,c-6201,木材加工用機械作業主任者,木・紙製品製造,https://www.jisha.or.jp/,,,,
,,c-7003,木造建築物の組立て等作業主任者,建築工事,https://www.jisha.or.jp/,,,,
,,c-1004,林業技士,農林水産技術,https://www.jafta.or.jp/contents/gishi/,,,,
,,c-7004,枠組壁建築技能士,建築工事,https://www.javada.or.jp/jigyou/gino/giken.html,,,,
,,c-2002,栄養士,栄養士,https://laws.e-gov.go.jp/law/322AC0000000245,,,,
,,c-4518,核燃料物質等危険物運搬警備業務検定1級,保安,https://www.csst.jp/,,,,
,,c-3882,検索技術者検定1級,OA機器操作,https://www.infosta.or.jp/examination/kensaku-kentei-1/,,,,
,,c-3883,検索技術者検定2級,OA機器操作,https://www.infosta.or.jp/examination/kensaku-kentei-2/,,,,
,,c-7203,樹脂接着剤注入施行技能士,その他の建築工事,https://www.javada.or.jp/jigyou/gino/giken.html,,,,
,,c-9055,歯科助手,専門的事務,https://www.jda.or.jp/,,,,
,,c-3503,毛筆書写技能検定1級,筆記技能,https://www.nihon-shosha.or.jp/brush.html,,,,
,,c-3504,毛筆書写技能検定2級,筆記技能,https://www.nihon-shosha.or.jp/brush.html,,,,
,,c-3505,毛筆書写技能検定3級,筆記技能,https://www.nihon-shosha.or.jp/brush.html,,,,
,,c-3506,毛筆書写技能検定4級,筆記技能,https://www.nihon-shosha.or.jp/brush.html,,,,
,,c-3619,法人税法能力検定試験1級,会計事務,https://zenkei.or.jp/exam/corptax,,,,
,,c-3620,法人税法能力検定試験2級,会計事務,https://zenkei.or.jp/exam/corptax,,,,
,,c-3621,法人税法能力検定試験3級,会計事務,https://zenkei.or.jp/exam/corptax,,,,
,,c-7406,浄化槽技術管理者,運搬・労務・その他,https://www.jeces.or.jp/pages/412/,,,,
,,c-3106,消費生活アドバイザー,カウンセリング,https://www.nissankyo.or.jp/adviser/siken/test.html,,,,
,,c-3634,消費税法能力検定試験1級,会計事務,https://zenkei.or.jp/exam/consumption,,,,
,,c-3635,消費税法能力検定試験2級,会計事務,https://zenkei.or.jp/exam/consumption,,,,
,,c-3636,消費税法能力検定試験3級,会計事務,https://zenkei.or.jp/exam/consumption,,,,
,,c-4822,準中型自動車免許,自動車等車両運転・船舶運転,https://www.keishicho.metro.tokyo.lg.jp/menkyo/menkyo/torikata/index.html,,,,
,,c-5415,溶射技能士,金属加工,https://www.javada.or.jp/jigyou/gino/giken.html,,,,
,,c-5506,溶接作業指導者,金属溶接・溶断,https://www.jwes.or.jp/qualifications/wl/,,,,
,,c-5507,溶接技能者,金属溶接・溶断,https://www.jwes.or.jp/qualifications/wo/,,,,
,,c-5504,溶接管理技術者1級,金属溶接・溶断,https://www.jwes.or.jp/qualifications/we/,,,,
,,c-5505,溶接管理技術者2級,金属溶接・溶断,https://www.jwes.or.jp/qualifications/we/,,,,
,,c-9038,漢語水平考試(HSK),語学検定,https://www.hskj.jp/,,,,
,,c-2609,特別支援学校教諭免許(専修・1種・2種),幼稚園・学校教諭免許,https://www.mext.go.jp/a_menu/shotou/kyoin/index.htm,,,,
,,c-5203,特定化学物質作業主任者,化学製品製造,https://www.jisha.or.jp/,,,,
,,c-5416,特級めっき技能士,金属加工,https://www.javada.or.jp/jigyou/gino/giken.html,,,,
,,c-5443,特級ダイカスト技能士,金属加工,https://www.javada.or.jp/jigyou/gino/giken.html,,,,
,,c-6001,特級パン製造技能士,飲食料品製造,https://www.javada.or.jp/jigyou/gino/giken.html,,,,
,,c-6401,特級プラスチック成形技能士,プラスチック製品製造,https://www.javada.or.jp/jigyou/gino/giken.html,,,,
,,c-5719,特級プリント配線板製造技能士,電気・電子機器組立,https://www.javada.or.jp/jigyou/gino/giken.html,,,,
,,c-5431,特級仕上げ技能士,金属加工,https://www.javada.or.jp/jigyou/gino/giken.html,,,,
,,c-5906,特級光学機器製造技能士,計器・光学機器組立・修理・検査,https://www.javada.or.jp/jigyou/gino/giken.html,,,,
,,c-5608,特級内燃機関組立て技能士,一般機械器具組立・修理,https://www.javada.or.jp/jigyou/gino/giken.html,,,,
,,c-5715,特級半導体製品製造技能士,電気・電子機器組立,https://www.javada.or.jp/jigyou/gino/giken.html,,,,
,,c-6105,特級婦人子供服製造技能士,紡織・染色・縫製,https://www.javada.or.jp/jigyou/gino/giken.html,,,,
,,c-5410,特級工場板金技能士,金属加工,https://www.javada.or.jp/jigyou/gino/giken.html,,,,
,,c-5620,特級建設機械整備技能士,一般機械器具組立・修理,https://www.javada.or.jp/jigyou/gino/giken.html,,,,
,,c-5405,特級放電加工技能士,金属加工,https://www.javada.or.jp/jigyou/gino/giken.html,,,,
,,c-5601,特級機械保全技能士,一般機械器具組立・修理,https://www.kikaihozenshi.jp/,,,,
,,c-5401,特級機械加工技能士,金属加工,https://www.javada.or.jp/jigyou/gino/giken.html,,,,
,,c-5604,特級機械検査技能士,一般機械器具組立・修理,https://www.javada.or.jp/jigyou/gino/giken.html,,,,
,,c-5612,特級空気圧装置組立て技能士,一般機械器具組立・修理,https://www.javada.or.jp/jigyou/gino/giken.html,,,,
,,c-6108,特級紳士服製造技能士,紡織・染色・縫製,https://www.javada.or.jp/jigyou/gino/giken.html,,,,
,,c-5712,特級自動販売機調整技能士,電気・電子機器組立,https://www.javada.or.jp/jigyou/gino/giken.html,,,,
,,c-5438,特級金型製作技能士,金属加工,https://www.javada.or.jp/jigyou/gino/giken.html,,,,
,,c-5423,特級金属プレス加工技能士,金属加工,https://www.javada.or.jp/jigyou/gino/giken.html,,,,
,,c-5110,特級金属熱処理技能士,金属材料製造,https://www.javada.or.jp/jigyou/gino/giken.html,,,,
,,c-5105,特級鋳造技能士,金属材料製造,https://www.javada.or.jp/jigyou/gino/giken.html,,,,
,,c-5704,特級電子機器組立て技能士,電気・電子機器組立,https://www.javada.or.jp/jigyou/gino/giken.html,,,,
,,c-5701,特級電気機器組立て技能士,電気・電子機器組立,https://www.javada.or.jp/jigyou/gino/giken.html,,,,
,,c-4811,牽引免許,自動車等車両運転・船舶運転,https://www.keishicho.metro.tokyo.lg.jp/menkyo/menkyo/torikata/index.html,,,,
,,c-4812,牽引第二種免許,自動車等車両運転・船舶運転,https://www.keishicho.metro.tokyo.lg.jp/menkyo/menkyo/torikata/index.html,,,,
,,c-6718,玉掛技能者,定置・建設機械の運転,https://www.jisha.or.jp/,,,,
,,c-3601,珠算能力検定10段,会計事務,https://www.shuzan.jp/kentei/dani/,,,,
,,c-3611,珠算能力検定1級,会計事務,https://www.kentei.ne.jp/soroban,,,,
,,c-3609,珠算能力検定2段,会計事務,https://www.shuzan.jp/kentei/dani/,,,,
,,c-3612,珠算能力検定2級,会計事務,https://www.kentei.ne.jp/soroban,,,,
,,c-3608,珠算能力検定3段,会計事務,https://www.shuzan.jp/kentei/dani/,,,,
,,c-3613,珠算能力検定3級,会計事務,https://www.kentei.ne.jp/soroban,,,,
,,c-3607,珠算能力検定4段,会計事務,https://www.shuzan.jp/kentei/dani/,,,,
,,c-3606,珠算能力検定5段,会計事務,https://www.shuzan.jp/kentei/dani/,,,,
,,c-3605,珠算能力検定6段,会計事務,https://www.shuzan.jp/kentei/dani/,,,,
,,c-3604,珠算能力検定7段,会計事務,https://www.shuzan.jp/kentei/dani/,,,,
,,c-3603,珠算能力検定8段,会計事務,https://www.shuzan.jp/kentei/dani/,,,,
,,c-3602,珠算能力検定9段,会計事務,https://www.shuzan.jp/kentei/dani/,,,,
,,c-5905,環境計量士,計器・光学機器組立・修理・検査,https://www.meti.go.jp/information/license/data/c250620aj.html,,,,
,,c-4206,生命保険業界共通教育制度一般課程試験,販売類似,https://www.seiho.or.jp/exam/,,,,
,,c-1615,産業廃棄物処理施設技術管理士,その他の技術,https://www.jesc.or.jp/training/tabid/121/Default.aspx,,,,
,,c-7404,産業洗浄技能士,運搬・労務・その他,https://www.javada.or.jp/jigyou/gino/giken.html,,,,
,,c-1610,甲種火薬類取扱保安責任者,その他の技術,https://www.zenkakyo-ex.or.jp/hoansekininsha.html,,,,
,,c-1222,甲種火薬類製造保安責任者,鉱工業技術,https://www.zenkakyo-ex.or.jp/hoansekininsha2.html,,,,
,,c-9067,相続診断士,経営・労務,https://souzokushindan.com/abouttest.html,,,,
,,c-2801,看護教員,専修・各種学校教員,https://www.mhlw.go.jp/kango_kyouiku/education/index.html,,,,
,,c-2407,知的財産管理技能士1級,法務,https://www.kentei-info-ip-edu.org/exam/,,,,
,,c-7208,石綿作業主任者,その他の建築工事,https://www.jisha.or.jp/,,,,
,,c-3507,硬筆書写技能検定1級,筆記技能,https://www.nihon-shosha.or.jp/pen.html,,,,
,,c-3508,硬筆書写技能検定2級,筆記技能,https://www.nihon-shosha.or.jp/pen.html,,,,
,,c-3509,硬筆書写技能検定3級,筆記技能,https://www.nihon-shosha.or.jp/pen.html,,,,
,,c-3510,硬筆書写技能検定4級,筆記技能,https://www.nihon-shosha.or.jp/pen.html,,,,
,,c-2312,福祉用具専門相談員,福祉・介護,https://www.mhlw.go.jp/,,,,
,,c-4512,空港保安警備業務検定1級,保安,https://www.csst.jp/,,,,
,,c-4513,空港保安警備業務検定2級,保安,https://www.csst.jp/,,,,
,,c-4503,第1種消防設備点検資格者,保安,https://www.fesc.or.jp/jukou/setsubi/,,,,
,,c-1402,第2種ダム水路主任技術者,土木・測量技術,https://www.meti.go.jp/information/license/c_text22.html,,,,
,,c-4504,第2種消防設備点検資格者,保安,https://www.fesc.or.jp/jukou/setsubi/,,,,
,,c-5002,第2級総合無線通信士,通信,https://www.nichimu.or.jp/kshiken/,,,,
,,c-5003,第3級総合無線通信士,通信,https://www.nichimu.or.jp/kshiken/,,,,
,,c-7105,第一種冷凍空調技士,設備・内装工事,https://www.jsrae.or.jp/site/certificate/shikaku.php,,,,
,,c-5006,第一級陸上無線技術士,通信,https://www.nichimu.or.jp/kshiken/,,,,
,,c-5008,第一級陸上特殊無線技士,通信,https://www.nichimu.or.jp/kshiken/,,,,
,,c-5010,第三級陸上特殊無線技士,通信,https://www.nichimu.or.jp/kshiken/,,,,
,,c-7106,第二種冷凍空調技士,設備・内装工事,https://www.jsrae.or.jp/site/certificate/shikaku.php,,,,
,,c-5007,第二級陸上無線技術士,通信,https://www.nichimu.or.jp/kshiken/,,,,
,,c-5009,第二級陸上特殊無線技士,通信,https://www.nichimu.or.jp/kshiken/,,,,
,,c-4107,管理印刷営業士,商品販売,https://www.aj-pia.or.jp/edu/,,,,
,,c-4302,管理理容師,サービス(調理除く),https://www.rbc.or.jp/workshop/,,,,
,,c-4304,管理美容師,サービス(調理除く),https://www.rbc.or.jp/workshop/,,,,
,,c-3630,簿記実務検定1級,会計事務,https://zensho.or.jp/examination/bookkeeping/,,,,
,,c-3631,簿記実務検定2級,会計事務,https://zensho.or.jp/examination/bookkeeping/,,,,
,,c-3632,簿記実務検定3級,会計事務,https://zensho.or.jp/examination/bookkeeping/,,,,
,,c-3627,簿記能力検定(全経1級),会計事務,https://zenkei.or.jp/exam/bookkeeping,,,,
,,c-3628,簿記能力検定(全経2級),会計事務,https://zenkei.or.jp/exam/bookkeeping,,,,
,,c-3629,簿記能力検定(全経3級),会計事務,https://zenkei.or.jp/exam/bookkeeping,,,,
,,c-9063,終活カウンセラー,カウンセリング,https://www.shukatsu-csl.jp/,,,,
,,c-2514,経営コンサルタント(日本生産性本部認定),経営,https://www.jpc-net.jp/consulting/course/certification/,,,,
,,c-2513,経営労務コンサルタント,経営,http://jme-center.or.jp/page/consultant,,,,
,,c-9048,給与計算実務能力検定,経営・労務,https://jitsumu-up.jp/,,,,
,,c-9005,統計検定,AI・データ活用,https://www.toukei-kentei.jp/grade/grade2/,,,,
,,c-4314,総合旅程管理主任者,サービス(調理除く),https://www.tcsa.or.jp/management/,,,,
,,c-1002,総括畜産コンサルタント,農林水産技術,https://jlia.lin.gr.jp/next-chikusan/guide/chikusan_consul/,,,,
,,c-2802,職業訓練指導員免許,専修・各種学校教員,https://www.mhlw.go.jp/stf/seisakunitsuite/bunya/koyou_roudou/jinzaikaihatsu/shidoin-rute.html,,,,
,,c-4808,自動二輪車免許,自動車等車両運転・船舶運転,https://www.keishicho.metro.tokyo.lg.jp/menkyo/menkyo/torikata/index.html,,,,
,,c-5801,自動車タイヤ整備士,輸送用機械組立・修理・検査,https://www.jaspa.or.jp/mechanic/,,,,
,,c-5820,自動車整備士(二輪),輸送用機械組立・修理・検査,https://www.jaspa.or.jp/mechanic/,,,,
,,c-5822,自動車検査員,輸送用機械組立・修理・検査,https://www.mlit.go.jp/jidosha/shiteiseibi.html,,,,
,,c-5803,自動車車体整備士,輸送用機械組立・修理・検査,https://www.jaspa.or.jp/mechanic/,,,,
,,c-5802,自動車電気装置整備士,輸送用機械組立・修理・検査,https://www.jaspa.or.jp/mechanic/,,,,
,,c-4905,自家用操縦士(回転翼航空機),航空機運転,https://www.mlit.go.jp/koku/koku_tk12_000005.html,,,,
,,c-4904,自家用操縦士(飛行機),航空機運転,https://www.mlit.go.jp/koku/koku_tk12_000005.html,,,,
,,c-5812,自転車安全整備士,輸送用機械組立・修理・検査,https://www.tmt.or.jp/safety/index5.html,,,,
,,c-5821,自転車技士(旧自転車組立整備士),輸送用機械組立・修理・検査,https://jvia.or.jp/g-02.html,,,,
,,c-5807,航空工場整備士,輸送用機械組立・修理・検査,https://www.mlit.go.jp/koku/koku_tk12_000005.html,,,,
,,c-1202,航空工場検査員,鉱工業技術,https://www.meti.go.jp/information/license/c_text15.html,,,,
,,c-4909,航空機関士,航空機運転,https://www.mlit.go.jp/koku/koku_tk12_000005.html,,,,
,,c-5004,航空無線通信士,通信,https://www.nichimu.or.jp/kshiken/,,,,
,,c-5005,航空特殊無線技士,通信,https://www.nichimu.or.jp/kshiken/,,,,
,,c-7402,船内荷役作業主任者,運搬・労務・その他,https://www.jisha.or.jp/,,,,
,,c-4325,葬祭ディレクター1級,サービス(調理除く),https://www.sousai-director.jp/,,,,
,,c-4326,葬祭ディレクター2級,サービス(調理除く),https://www.sousai-director.jp/,,,,
,,c-2204,衛生工学衛生管理者,その他の医療・保健衛生,https://www.jisha.or.jp/edu/course/list/8220_eiko.html,,,,
,,c-4110,衣料管理士1~2級,商品販売,https://www.jasta1.or.jp/qualification/qualification-ta.html,,,,
,,c-6007,製麺技能士,飲食料品製造,https://www.javada.or.jp/jigyou/gino/giken.html,,,,
,,c-7034,解体工事施工技士,建築工事,https://www.zenkaikouren.or.jp/engineer/,,,,
,,c-1314,設備管理士,建築技術,https://www.jipm.or.jp/subject/production/,,,,
,,c-3712,診療報酬請求事務能力認定試験(医科・歯科),専門的事務,https://www.iryojimu.or.jp/,,,,
,,c-3714,診療情報管理士,専門的事務,https://www.hospital.or.jp/,,,,
,,c-4313,認定エステティシャン,サービス(調理除く),https://www.esthesite.jp/aea_esthetician/about_license/,,,,
,,c-9051,認定心理士,カウンセリング,https://psych.or.jp/,,,,
,,c-3726,調剤事務管理士,専門的事務,https://www.ginou.co.jp/,,,,
,,c-4505,警備員検定試験(1級),保安,https://www.csst.jp/,,,,
,,c-4506,警備員検定試験(2級),保安,https://www.csst.jp/,,,,
,,c-4520,貴重品運搬警備業務検定1級,保安,https://www.csst.jp/,,,,
,,c-4521,貴重品運搬警備業務検定2級,保安,https://www.csst.jp/,,,,
,,c-4108,貿易実務検定,商品販売,https://www.boujitsu.com/,,,,
,,c-7026,足場の組立て等作業主任者,建築工事,https://www.jisha.or.jp/,,,,
,,c-7307,路面標示施工技能士,土木・舗装・線路工事,https://www.javada.or.jp/jigyou/gino/giken.html,,,,
,,c-6714,車両系建設機械(基礎工事用)運転技能者,定置・建設機械の運転,https://www.jisha.or.jp/,,,,
,,c-6715,車両系建設機械(整地・運搬・積込用及び掘削用)運転技能者,定置・建設機械の運転,https://www.jisha.or.jp/,,,,
,,c-6716,車両系建設機械(解体用)運転技能者,定置・建設機械の運転,https://www.jisha.or.jp/,,,,
,,c-3501,速記技能検定,筆記技能,https://sokki.or.jp/kentei/ginou/,,,,
,,c-6811,配電制御システム検査技士(1~2級),電気工事,https://jsia.or.jp/kensa/,,,,
,,c-7207,酸素欠乏・硫化水素危険作業主任者,その他の建築工事,https://www.jisha.or.jp/,,,,
,,c-7206,酸素欠乏危険作業主任者,その他の建築工事,https://www.jisha.or.jp/,,,,
,,c-1319,鉄骨製作管理技術者,建築技術,https://www.seec.or.jp/management/overview/,,,,
,,c-5101,鉛作業主任者,金属材料製造,https://www.jisha.or.jp/,,,,
,,c-9046,銀行業務検定,会計事務,https://www.kenteishiken.gr.jp/,,,,
,,c-7031,鋼橋架設等作業主任者,建築工事,https://www.jisha.or.jp/,,,,
,,c-4509,防火管理者(甲種・乙種),保安,https://www.bouka-bousai.jp/hp/lec_info/guide_bouka.html,,,,
,,c-6637,防錆管理士,その他の製造・制作,https://www.jacc1.or.jp/,,,,
,,c-4514,雑踏警備業務検定1級,保安,https://www.csst.jp/,,,,
,,c-4515,雑踏警備業務検定2級,保安,https://www.csst.jp/,,,,
,,c-3830,電卓技能検定試験1級,OA機器操作,https://www.dentaku.or.jp/,,,,
,,c-3831,電卓技能検定試験2級,OA機器操作,https://www.dentaku.or.jp/,,,,
,,c-3832,電卓技能検定試験3級,OA機器操作,https://www.dentaku.or.jp/,,,,
,,c-3823,電卓技能検定試験七段,OA機器操作,https://www.dentaku.or.jp/,,,,
,,c-3827,電卓技能検定試験三段,OA機器操作,https://www.dentaku.or.jp/,,,,
,,c-3821,電卓技能検定試験九段,OA機器操作,https://www.dentaku.or.jp/,,,,
,,c-3828,電卓技能検定試験二段,OA機器操作,https://www.dentaku.or.jp/,,,,
,,c-3825,電卓技能検定試験五段,OA機器操作,https://www.dentaku.or.jp/,,,,
,,c-3822,電卓技能検定試験八段,OA機器操作,https://www.dentaku.or.jp/,,,,
,,c-3824,電卓技能検定試験六段,OA機器操作,https://www.dentaku.or.jp/,,,,
,,c-3829,電卓技能検定試験初段,OA機器操作,https://www.dentaku.or.jp/,,,,
,,c-3820,電卓技能検定試験十段,OA機器操作,https://www.dentaku.or.jp/,,,,
,,c-3826,電卓技能検定試験四段,OA機器操作,https://www.dentaku.or.jp/,,,,
,,c-5718,電子回路接続技能士,電気・電子機器組立,https://www.javada.or.jp/jigyou/gino/giken.html,,,,
,,c-1210,電気通信主任技術者(線路),鉱工業技術,https://www.dekyo.or.jp/shiken/chief/,,,,
,,c-5118,非破壊検査総合管理技術者,金属材料製造,https://www.jsndi.jp/qualification/index3n.html,,,,
,,c-5119,非破壊試験技術者レベル1,金属材料製造,https://www.jsndi.jp/qualification/index1n-01.html,,,,
,,c-5120,非破壊試験技術者レベル2,金属材料製造,https://www.jsndi.jp/qualification/index1n-01.html,,,,
,,c-5121,非破壊試験技術者レベル3,金属材料製造,https://www.jsndi.jp/qualification/index1n-01.html,,,,
,,c-9040,韓国語能力試験(TOPIK),語学検定,https://www.kref.or.jp/topik/,,,,
,,c-1102,食品冷凍技士,食品技術,https://www.jsrae.or.jp/site/certificate/,,,,
,,c-1101,食品衛生管理者,食品技術,https://www.mhlw.go.jp/stf/seisakunitsuite/bunya/0000049348.html,,,,
,,c-1103,食品衛生責任者,食品技術,https://www.toshoku.or.jp/training/,,,,
,,c-9028,食生活アドバイザー,食育,https://flanet.jp/,,,,
,,c-2608,養護教諭免許(専修・1種・2種),幼稚園・学校教諭免許,https://www.mext.go.jp/a_menu/shotou/kyoin/index.htm,,,,
,,c-5209,高圧ガス移動監視者,化学製品製造,https://www.khk.or.jp/qualification/examination_course/course_b/course_trs_safetychf.html,,,,
,,c-4814,高所作業車運転技能者,自動車等車両運転・船舶運転,https://www.jisha.or.jp/,,,,
,,c-2604,高等学校教諭免許(専修・1種),幼稚園・学校教諭免許,https://www.mext.go.jp/a_menu/shotou/kyoin/index.htm,,,,
,,c-8007,CFA(米国証券アナリスト),海外資格,,,,,
,,c-8002,CISA(公認情報システム監査人),海外資格,,,,,
,,c-8008,CMA(米国公認管理会計士),海外資格,,,,,
,,c-8005,CPA(米国公認会計士),海外資格,,,,,
,,c-8006,EA(米国税理士),海外資格,,,,,
,,c-8001,MBA(経営学修士),海外資格,,,,,
,,c-2108,カイロプラクティック資格,物療専門職,,,,,
,,c-3104,キャリアカウンセラー/アドバイザー,カウンセリング,,,,,
,,c-3837,パソコン[ワープロ]可,OA機器操作,,,,,
,,c-3836,パソコン[ワープロ・表計算]可,OA機器操作,,,,,
,,c-2911,フィットネストレーナー,スポーツ等指導,,,,,
,,c-2304,ホームヘルパー1級,福祉・介護,,,,,
,,c-2305,ホームヘルパー2級,福祉・介護,,,,,
,,c-2306,ホームヘルパー3級,福祉・介護,,,,,
,,c-2107,リフレクソロジスト資格,物療専門職,,,,,
,,c-3202,不動産鑑定士補,不動産関連,,,,,
,,c-2311,介護職員基礎研修修了者,福祉・介護,,,,,
,,c-3715,医療事務資格,専門的事務,,,,,
,,c-3707,医療保険請求事務者(医科・歯科),専門的事務,,,,,
,,c-6802,工事担任者AI第2種,電気工事,,,,,
,,c-6805,工事担任者DD第2種,電気工事,,,,,
,,c-3109,心理カウンセラー,カウンセリング,,,,,
,,c-2105,整体師,物療専門職,,,,,
,,c-4322,旧ブライダルコーディネーター検定,サービス(調理除く),,,,,
,,c-2909,社会体育指導者(商業スポーツ指導)(上級),スポーツ等指導,,,,,
,,c-2908,社会体育指導者(商業スポーツ指導)(中級),スポーツ等指導,,,,,
,,c-2907,社会体育指導者(商業スポーツ指導)(初級),スポーツ等指導,,,,,
,,c-2903,社会体育指導者(地域スポーツ指導者)(上級),スポーツ等指導,,,,,
,,c-2902,社会体育指導者(地域スポーツ指導者)(中級),スポーツ等指導,,,,,
,,c-2901,社会体育指導者(地域スポーツ指導者)(初級),スポーツ等指導,,,,,
,,c-2906,社会体育指導者(競争力向上指導者)(上級),スポーツ等指導,,,,,
,,c-2905,社会体育指導者(競争力向上指導者)(中級),スポーツ等指導,,,,,
,,c-2904,社会体育指導者(競争力向上指導者)(初級),スポーツ等指導,,,,,
,,c-4404,鮮魚士(1級),調理等,,,,,
,,c-4405,鮮魚士(2級),調理等,,,,,
,,c-4406,鮮魚士(3級),調理等,,,,,
